asset_id,asset_type,room_id,room_name,category,tier,component_id,component_name,component_kind,state_key,priority,prompt
basic_hull_t1__damage_indicator_strip__base,component,basic_hull_t1,Basic Hull Plating Module,hull,1,damage_indicator_strip,Damage Indicator Strip,interactive,base,p0,"Using the attached style reference, create a single isolated room component sprite for a spacecraft dollhouse interior system. Component: Damage Indicator Strip. Category: Basic Hull Plating Module. Side-view cross-section, clean cutout silhouette, no text, no labels, no UI, no characters. Designed for 2:1 room tile composition. match this style exactly; side-view cutaway module language; no text/no labels/no UI; consistent line weight and colour temperature with reference."
basic_hull_t1__inspection_access_panel__base,component,basic_hull_t1,Basic Hull Plating Module,hull,1,inspection_access_panel,Inspection Access Panel,interactive,base,p0,"Using the attached style reference, create a single isolated room component sprite for a spacecraft dollhouse interior system. Component: Inspection Access Panel. Category: Basic Hull Plating Module. Side-view cross-section, clean cutout silhouette, no text, no labels, no UI, no characters. Designed for 2:1 room tile composition. match this style exactly; side-view cutaway module language; no text/no labels/no UI; consistent line weight and colour temperature with reference."
basic_hull_t1__layered_armour_wall__base,component,basic_hull_t1,Basic Hull Plating Module,hull,1,layered_armour_wall,layered armour wall,structural,base,p1,"Using the attached style reference, create a single isolated room component sprite for a spacecraft dollhouse interior system. Component: layered_armour_wall. Category: Basic Hull Plating Module. Side-view cross-section, clean cutout silhouette, no text, no labels, no UI, no characters. Designed for 2:1 room tile composition. match this style exactly; side-view cutaway module language; no text/no labels/no UI; consistent line weight and colour temperature with reference."
basic_hull_t1__reinforcement_struts__base,component,basic_hull_t1,Basic Hull Plating Module,hull,1,reinforcement_struts,reinforcement struts,structural,base,p1,"Using the attached style reference, create a single isolated room component sprite for a spacecraft dollhouse interior system. Component: reinforcement_struts. Category: Basic Hull Plating Module. Side-view cross-section, clean cutout silhouette, no text, no labels, no UI, no characters. Designed for 2:1 room tile composition. match this style exactly; side-view cutaway module language; no text/no labels/no UI; consistent line weight and colour temperature with reference."
basic_hull_t1__damage_indicator_strip__active,state_variant,basic_hull_t1,Basic Hull Plating Module,hull,1,damage_indicator_strip,Damage Indicator Strip,interactive,active,p1,"Using the attached style reference and matching the base component exactly, create state variant 'active' for component 'Damage Indicator Strip' in 'Basic Hull Plating Module'. Change only state cues: brighter active glow, subtle motion/energy cues, engaged indicators. Preserve camera, scale, line weight, material details. No text, no labels, no UI. match this style exactly; side-view cutaway module language; no text/no labels/no UI; consistent line weight and colour temperature with reference."
basic_hull_t1__damage_indicator_strip__cooldown,state_variant,basic_hull_t1,Basic Hull Plating Module,hull,1,damage_indicator_strip,Damage Indicator Strip,interactive,cooldown,p1,"Using the attached style reference and matching the base component exactly, create state variant 'cooldown' for component 'Damage Indicator Strip' in 'Basic Hull Plating Module'. Change only state cues: reduced glow with cooling/venting cues and amber warning flicker. Preserve camera, scale, line weight, material details. No text, no labels, no UI. match this style exactly; side-view cutaway module language; no text/no labels/no UI; consistent line weight and colour temperature with reference."
basic_hull_t1__damage_indicator_strip__damaged,state_variant,basic_hull_t1,Basic Hull Plating Module,hull,1,damage_indicator_strip,Damage Indicator Strip,interactive,damaged,p1,"Using the attached style reference and matching the base component exactly, create state variant 'damaged' for component 'Damage Indicator Strip' in 'Basic Hull Plating Module'. Change only state cues: visible wear, sparks or cracks, warning lights and degraded output. Preserve camera, scale, line weight, material details. No text, no labels, no UI. match this style exactly; side-view cutaway module language; no text/no labels/no UI; consistent line weight and colour temperature with reference."
basic_hull_t1__damage_indicator_strip__depleted,state_variant,basic_hull_t1,Basic Hull Plating Module,hull,1,damage_indicator_strip,Damage Indicator Strip,interactive,depleted,p1,"Using the attached style reference and matching the base component exactly, create state variant 'depleted' for component 'Damage Indicator Strip' in 'Basic Hull Plating Module'. Change only state cues: minimal or no glow, offline indicators, depleted resource cues. Preserve camera, scale, line weight, material details. No text, no labels, no UI. match this style exactly; side-view cutaway module language; no text/no labels/no UI; consistent line weight and colour temperature with reference."
basic_hull_t1__damage_indicator_strip__idle,state_variant,basic_hull_t1,Basic Hull Plating Module,hull,1,damage_indicator_strip,Damage Indicator Strip,interactive,idle,p1,"Using the attached style reference and matching the base component exactly, create state variant 'idle' for component 'Damage Indicator Strip' in 'Basic Hull Plating Module'. Change only state cues: stable indicator lights, neutral glow, no motion cues. Preserve camera, scale, line weight, material details. No text, no labels, no UI. match this style exactly; side-view cutaway module language; no text/no labels/no UI; consistent line weight and colour temperature with reference."
basic_hull_t1__inspection_access_panel__active,state_variant,basic_hull_t1,Basic Hull Plating Module,hull,1,inspection_access_panel,Inspection Access Panel,interactive,active,p1,"Using the attached style reference and matching the base component exactly, create state variant 'active' for component 'Inspection Access Panel' in 'Basic Hull Plating Module'. Change only state cues: brighter active glow, subtle motion/energy cues, engaged indicators. Preserve camera, scale, line weight, material details. No text, no labels, no UI. match this style exactly; side-view cutaway module language; no text/no labels/no UI; consistent line weight and colour temperature with reference."
basic_hull_t1__inspection_access_panel__cooldown,state_variant,basic_hull_t1,Basic Hull Plating Module,hull,1,inspection_access_panel,Inspection Access Panel,interactive,cooldown,p1,"Using the attached style reference and matching the base component exactly, create state variant 'cooldown' for component 'Inspection Access Panel' in 'Basic Hull Plating Module'. Change only state cues: reduced glow with cooling/venting cues and amber warning flicker. Preserve camera, scale, line weight, material details. No text, no labels, no UI. match this style exactly; side-view cutaway module language; no text/no labels/no UI; consistent line weight and colour temperature with reference."
basic_hull_t1__inspection_access_panel__damaged,state_variant,basic_hull_t1,Basic Hull Plating Module,hull,1,inspection_access_panel,Inspection Access Panel,interactive,damaged,p1,"Using the attached style reference and matching the base component exactly, create state variant 'damaged' for component 'Inspection Access Panel' in 'Basic Hull Plating Module'. Change only state cues: visible wear, sparks or cracks, warning lights and degraded output. Preserve camera, scale, line weight, material details. No text, no labels, no UI. match this style exactly; side-view cutaway module language; no text/no labels/no UI; consistent line weight and colour temperature with reference."
basic_hull_t1__inspection_access_panel__depleted,state_variant,basic_hull_t1,Basic Hull Plating Module,hull,1,inspection_access_panel,Inspection Access Panel,interactive,depleted,p1,"Using the attached style reference and matching the base component exactly, create state variant 'depleted' for component 'Inspection Access Panel' in 'Basic Hull Plating Module'. Change only state cues: minimal or no glow, offline indicators, depleted resource cues. Preserve camera, scale, line weight, material details. No text, no labels, no UI. match this style exactly; side-view cutaway module language; no text/no labels/no UI; consistent line weight and colour temperature with reference."
basic_hull_t1__inspection_access_panel__idle,state_variant,basic_hull_t1,Basic Hull Plating Module,hull,1,inspection_access_panel,Inspection Access Panel,interactive,idle,p1,"Using the attached style reference and matching the base component exactly, create state variant 'idle' for component 'Inspection Access Panel' in 'Basic Hull Plating Module'. Change only state cues: stable indicator lights, neutral glow, no motion cues. Preserve camera, scale, line weight, material details. No text, no labels, no UI. match this style exactly; side-view cutaway module language; no text/no labels/no UI; consistent line weight and colour temperature with reference."
basic_hull_t1__room_composite__v1,room_composite,basic_hull_t1,Basic Hull Plating Module,hull,1,room_composite,Room Composite,composite,base,p0,"Using the attached style reference, compose one 2:1 spacecraft room tile for 'Basic Hull Plating Module' using these components: layered_armour_wall, reinforcement_struts, inspection_access_panel, damage_indicator_strip. Keep module shell rectangular with flat top/bottom for stacking. Include only listed components and consistent accent lighting. No text, no labels, no UI, no rocket exterior. match this style exactly; side-view cutaway module language; no text/no labels/no UI; consistent line weight and colour temperature with reference."
basic_nav_t1__holographic_star_map_emitter__base,component,basic_nav_t1,Basic Navigation Room,navigation,1,holographic_star_map_emitter,Holographic Star Map Emitter,interactive,base,p0,"Using the attached style reference, create a single isolated room component sprite for a spacecraft dollhouse interior system. Component: Holographic Star Map Emitter. Category: Basic Navigation Room. Side-view cross-section, clean cutout silhouette, no text, no labels, no UI, no characters. Designed for 2:1 room tile composition. match this style exactly; side-view cutaway module language; no text/no labels/no UI; consistent line weight and colour temperature with reference."
basic_nav_t1__manual_flight_controls__base,component,basic_nav_t1,Basic Navigation Room,navigation,1,manual_flight_controls,Manual Flight Controls,interactive,base,p0,"Using the attached style reference, create a single isolated room component sprite for a spacecraft dollhouse interior system. Component: Manual Flight Controls. Category: Basic Navigation Room. Side-view cross-section, clean cutout silhouette, no text, no labels, no UI, no characters. Designed for 2:1 room tile composition. match this style exactly; side-view cutaway module language; no text/no labels/no UI; consistent line weight and colour temperature with reference."
basic_nav_t1__nav_console_station__base,component,basic_nav_t1,Basic Navigation Room,navigation,1,nav_console_station,nav console station,structural,base,p1,"Using the attached style reference, create a single isolated room component sprite for a spacecraft dollhouse interior system. Component: nav_console_station. Category: Basic Navigation Room. Side-view cross-section, clean cutout silhouette, no text, no labels, no UI, no characters. Designed for 2:1 room tile composition. match this style exactly; side-view cutaway module language; no text/no labels/no UI; consistent line weight and colour temperature with reference."
basic_nav_t1__radar_sweep_display__base,component,basic_nav_t1,Basic Navigation Room,navigation,1,radar_sweep_display,Radar Sweep Display,interactive,base,p0,"Using the attached style reference, create a single isolated room component sprite for a spacecraft dollhouse interior system. Component: Radar Sweep Display. Category: Basic Navigation Room. Side-view cross-section, clean cutout silhouette, no text, no labels, no UI, no characters. Designed for 2:1 room tile composition. match this style exactly; side-view cutaway module language; no text/no labels/no UI; consistent line weight and colour temperature with reference."
basic_nav_t1__viewport_frame_right__base,component,basic_nav_t1,Basic Navigation Room,navigation,1,viewport_frame_right,viewport frame right,structural,base,p1,"Using the attached style reference, create a single isolated room component sprite for a spacecraft dollhouse interior system. Component: viewport_frame_right. Category: Basic Navigation Room. Side-view cross-section, clean cutout silhouette, no text, no labels, no UI, no characters. Designed for 2:1 room tile composition. match this style exactly; side-view cutaway module language; no text/no labels/no UI; consistent line weight and colour temperature with reference."
basic_nav_t1__holographic_star_map_emitter__active,state_variant,basic_nav_t1,Basic Navigation Room,navigation,1,holographic_star_map_emitter,Holographic Star Map Emitter,interactive,active,p1,"Using the attached style reference and matching the base component exactly, create state variant 'active' for component 'Holographic Star Map Emitter' in 'Basic Navigation Room'. Change only state cues: brighter active glow, subtle motion/energy cues, engaged indicators. Preserve camera, scale, line weight, material details. No text, no labels, no UI. match this style exactly; side-view cutaway module language; no text/no labels/no UI; consistent line weight and colour temperature with reference."
basic_nav_t1__holographic_star_map_emitter__cooldown,state_variant,basic_nav_t1,Basic Navigation Room,navigation,1,holographic_star_map_emitter,Holographic Star Map Emitter,interactive,cooldown,p1,"Using the attached style reference and matching the base component exactly, create state variant 'cooldown' for component 'Holographic Star Map Emitter' in 'Basic Navigation Room'. Change only state cues: reduced glow with cooling/venting cues and amber warning flicker. Preserve camera, scale, line weight, material details. No text, no labels, no UI. match this style exactly; side-view cutaway module language; no text/no labels/no UI; consistent line weight and colour temperature with reference."
basic_nav_t1__holographic_star_map_emitter__damaged,state_variant,basic_nav_t1,Basic Navigation Room,navigation,1,holographic_star_map_emitter,Holographic Star Map Emitter,interactive,damaged,p1,"Using the attached style reference and matching the base component exactly, create state variant 'damaged' for component 'Holographic Star Map Emitter' in 'Basic Navigation Room'. Change only state cues: visible wear, sparks or cracks, warning lights and degraded output. Preserve camera, scale, line weight, material details. No text, no labels, no UI. match this style exactly; side-view cutaway module language; no text/no labels/no UI; consistent line weight and colour temperature with reference."
basic_nav_t1__holographic_star_map_emitter__depleted,state_variant,basic_nav_t1,Basic Navigation Room,navigation,1,holographic_star_map_emitter,Holographic Star Map Emitter,interactive,depleted,p1,"Using the attached style reference and matching the base component exactly, create state variant 'depleted' for component 'Holographic Star Map Emitter' in 'Basic Navigation Room'. Change only state cues: minimal or no glow, offline indicators, depleted resource cues. Preserve camera, scale, line weight, material details. No text, no labels, no UI. match this style exactly; side-view cutaway module language; no text/no labels/no UI; consistent line weight and colour temperature with reference."
basic_nav_t1__holographic_star_map_emitter__idle,state_variant,basic_nav_t1,Basic Navigation Room,navigation,1,holographic_star_map_emitter,Holographic Star Map Emitter,interactive,idle,p1,"Using the attached style reference and matching the base component exactly, create state variant 'idle' for component 'Holographic Star Map Emitter' in 'Basic Navigation Room'. Change only state cues: stable indicator lights, neutral glow, no motion cues. Preserve camera, scale, line weight, material details. No text, no labels, no UI. match this style exactly; side-view cutaway module language; no text/no labels/no UI; consistent line weight and colour temperature with reference."
basic_nav_t1__manual_flight_controls__active,state_variant,basic_nav_t1,Basic Navigation Room,navigation,1,manual_flight_controls,Manual Flight Controls,interactive,active,p1,"Using the attached style reference and matching the base component exactly, create state variant 'active' for component 'Manual Flight Controls' in 'Basic Navigation Room'. Change only state cues: brighter active glow, subtle motion/energy cues, engaged indicators. Preserve camera, scale, line weight, material details. No text, no labels, no UI. match this style exactly; side-view cutaway module language; no text/no labels/no UI; consistent line weight and colour temperature with reference."
basic_nav_t1__manual_flight_controls__cooldown,state_variant,basic_nav_t1,Basic Navigation Room,navigation,1,manual_flight_controls,Manual Flight Controls,interactive,cooldown,p1,"Using the attached style reference and matching the base component exactly, create state variant 'cooldown' for component 'Manual Flight Controls' in 'Basic Navigation Room'. Change only state cues: reduced glow with cooling/venting cues and amber warning flicker. Preserve camera, scale, line weight, material details. No text, no labels, no UI. match this style exactly; side-view cutaway module language; no text/no labels/no UI; consistent line weight and colour temperature with reference."
basic_nav_t1__manual_flight_controls__damaged,state_variant,basic_nav_t1,Basic Navigation Room,navigation,1,manual_flight_controls,Manual Flight Controls,interactive,damaged,p1,"Using the attached style reference and matching the base component exactly, create state variant 'damaged' for component 'Manual Flight Controls' in 'Basic Navigation Room'. Change only state cues: visible wear, sparks or cracks, warning lights and degraded output. Preserve camera, scale, line weight, material details. No text, no labels, no UI. match this style exactly; side-view cutaway module language; no text/no labels/no UI; consistent line weight and colour temperature with reference."
basic_nav_t1__manual_flight_controls__depleted,state_variant,basic_nav_t1,Basic Navigation Room,navigation,1,manual_flight_controls,Manual Flight Controls,interactive,depleted,p1,"Using the attached style reference and matching the base component exactly, create state variant 'depleted' for component 'Manual Flight Controls' in 'Basic Navigation Room'. Change only state cues: minimal or no glow, offline indicators, depleted resource cues. Preserve camera, scale, line weight, material details. No text, no labels, no UI. match this style exactly; side-view cutaway module language; no text/no labels/no UI; consistent line weight and colour temperature with reference."
basic_nav_t1__manual_flight_controls__idle,state_variant,basic_nav_t1,Basic Navigation Room,navigation,1,manual_flight_controls,Manual Flight Controls,interactive,idle,p1,"Using the attached style reference and matching the base component exactly, create state variant 'idle' for component 'Manual Flight Controls' in 'Basic Navigation Room'. Change only state cues: stable indicator lights, neutral glow, no motion cues. Preserve camera, scale, line weight, material details. No text, no labels, no UI. match this style exactly; side-view cutaway module language; no text/no labels/no UI; consistent line weight and colour temperature with reference."
basic_nav_t1__radar_sweep_display__active,state_variant,basic_nav_t1,Basic Navigation Room,navigation,1,radar_sweep_display,Radar Sweep Display,interactive,active,p1,"Using the attached style reference and matching the base component exactly, create state variant 'active' for component 'Radar Sweep Display' in 'Basic Navigation Room'. Change only state cues: brighter active glow, subtle motion/energy cues, engaged indicators. Preserve camera, scale, line weight, material details. No text, no labels, no UI. match this style exactly; side-view cutaway module language; no text/no labels/no UI; consistent line weight and colour temperature with reference."
basic_nav_t1__radar_sweep_display__cooldown,state_variant,basic_nav_t1,Basic Navigation Room,navigation,1,radar_sweep_display,Radar Sweep Display,interactive,cooldown,p1,"Using the attached style reference and matching the base component exactly, create state variant 'cooldown' for component 'Radar Sweep Display' in 'Basic Navigation Room'. Change only state cues: reduced glow with cooling/venting cues and amber warning flicker. Preserve camera, scale, line weight, material details. No text, no labels, no UI. match this style exactly; side-view cutaway module language; no text/no labels/no UI; consistent line weight and colour temperature with reference."
basic_nav_t1__radar_sweep_display__damaged,state_variant,basic_nav_t1,Basic Navigation Room,navigation,1,radar_sweep_display,Radar Sweep Display,interactive,damaged,p1,"Using the attached style reference and matching the base component exactly, create state variant 'damaged' for component 'Radar Sweep Display' in 'Basic Navigation Room'. Change only state cues: visible wear, sparks or cracks, warning lights and degraded output. Preserve camera, scale, line weight, material details. No text, no labels, no UI. match this style exactly; side-view cutaway module language; no text/no labels/no UI; consistent line weight and colour temperature with reference."
basic_nav_t1__radar_sweep_display__depleted,state_variant,basic_nav_t1,Basic Navigation Room,navigation,1,radar_sweep_display,Radar Sweep Display,interactive,depleted,p1,"Using the attached style reference and matching the base component exactly, create state variant 'depleted' for component 'Radar Sweep Display' in 'Basic Navigation Room'. Change only state cues: minimal or no glow, offline indicators, depleted resource cues. Preserve camera, scale, line weight, material details. No text, no labels, no UI. match this style exactly; side-view cutaway module language; no text/no labels/no UI; consistent line weight and colour temperature with reference."
basic_nav_t1__radar_sweep_display__idle,state_variant,basic_nav_t1,Basic Navigation Room,navigation,1,radar_sweep_display,Radar Sweep Display,interactive,idle,p1,"Using the attached style reference and matching the base component exactly, create state variant 'idle' for component 'Radar Sweep Display' in 'Basic Navigation Room'. Change only state cues: stable indicator lights, neutral glow, no motion cues. Preserve camera, scale, line weight, material details. No text, no labels, no UI. match this style exactly; side-view cutaway module language; no text/no labels/no UI; consistent line weight and colour temperature with reference."
basic_nav_t1__room_composite__v1,room_composite,basic_nav_t1,Basic Navigation Room,navigation,1,room_composite,Room Composite,composite,base,p0,"Using the attached style reference, compose one 2:1 spacecraft room tile for 'Basic Navigation Room' using these components: nav_console_station, viewport_frame_right, holographic_star_map_emitter, radar_sweep_display, manual_flight_controls. Keep module shell rectangular with flat top/bottom for stacking. Include only listed components and consistent accent lighting. No text, no labels, no UI, no rocket exterior. match this style exactly; side-view cutaway module language; no text/no labels/no UI; consistent line weight and colour temperature with reference."
basic_thruster_t1__fuel_pipe_network__base,component,basic_thruster_t1,Basic Thruster Room,propulsion,1,fuel_pipe_network,fuel pipe network,structural,base,p1,"Using the attached style reference, create a single isolated room component sprite for a spacecraft dollhouse interior system. Component: fuel_pipe_network. Category: Basic Thruster Room. Side-view cross-section, clean cutout silhouette, no text, no labels, no UI, no characters. Designed for 2:1 room tile composition. match this style exactly; side-view cutaway module language; no text/no labels/no UI; consistent line weight and colour temperature with reference."
basic_thruster_t1__right_wall_nozzle_mount__base,component,basic_thruster_t1,Basic Thruster Room,propulsion,1,right_wall_nozzle_mount,right wall nozzle mount,structural,base,p1,"Using the attached style reference, create a single isolated room component sprite for a spacecraft dollhouse interior system. Component: right_wall_nozzle_mount. Category: Basic Thruster Room. Side-view cross-section, clean cutout silhouette, no text, no labels, no UI, no characters. Designed for 2:1 room tile composition. match this style exactly; side-view cutaway module language; no text/no labels/no UI; consistent line weight and colour temperature with reference."
basic_thruster_t1__rocket_nozzle_assembly__base,component,basic_thruster_t1,Basic Thruster Room,propulsion,1,rocket_nozzle_assembly,Rocket Nozzle Assembly,interactive,base,p0,"Using the attached style reference, create a single isolated room component sprite for a spacecraft dollhouse interior system. Component: Rocket Nozzle Assembly. Category: Basic Thruster Room. Side-view cross-section, clean cutout silhouette, no text, no labels, no UI, no characters. Designed for 2:1 room tile composition. match this style exactly; side-view cutaway module language; no text/no labels/no UI; consistent line weight and colour temperature with reference."
basic_thruster_t1__thrust_control_panel_2dial__base,component,basic_thruster_t1,Basic Thruster Room,propulsion,1,thrust_control_panel_2dial,2-Dial Thrust Control Panel,interactive,base,p0,"Using the attached style reference, create a single isolated room component sprite for a spacecraft dollhouse interior system. Component: 2-Dial Thrust Control Panel. Category: Basic Thruster Room. Side-view cross-section, clean cutout silhouette, no text, no labels, no UI, no characters. Designed for 2:1 room tile composition. match this style exactly; side-view cutaway module language; no text/no labels/no UI; consistent line weight and colour temperature with reference."
basic_thruster_t1__worn_metal_paneling__base,component,basic_thruster_t1,Basic Thruster Room,propulsion,1,worn_metal_paneling,worn metal paneling,structural,base,p1,"Using the attached style reference, create a single isolated room component sprite for a spacecraft dollhouse interior system. Component: worn_metal_paneling. Category: Basic Thruster Room. Side-view cross-section, clean cutout silhouette, no text, no labels, no UI, no characters. Designed for 2:1 room tile composition. match this style exactly; side-view cutaway module language; no text/no labels/no UI; consistent line weight and colour temperature with reference."
basic_thruster_t1__rocket_nozzle_assembly__active,state_variant,basic_thruster_t1,Basic Thruster Room,propulsion,1,rocket_nozzle_assembly,Rocket Nozzle Assembly,interactive,active,p1,"Using the attached style reference and matching the base component exactly, create state variant 'active' for component 'Rocket Nozzle Assembly' in 'Basic Thruster Room'. Change only state cues: brighter active glow, subtle motion/energy cues, engaged indicators. Preserve camera, scale, line weight, material details. No text, no labels, no UI. match this style exactly; side-view cutaway module language; no text/no labels/no UI; consistent line weight and colour temperature with reference."
basic_thruster_t1__rocket_nozzle_assembly__cooldown,state_variant,basic_thruster_t1,Basic Thruster Room,propulsion,1,rocket_nozzle_assembly,Rocket Nozzle Assembly,interactive,cooldown,p1,"Using the attached style reference and matching the base component exactly, create state variant 'cooldown' for component 'Rocket Nozzle Assembly' in 'Basic Thruster Room'. Change only state cues: reduced glow with cooling/venting cues and amber warning flicker. Preserve camera, scale, line weight, material details. No text, no labels, no UI. match this style exactly; side-view cutaway module language; no text/no labels/no UI; consistent line weight and colour temperature with reference."
basic_thruster_t1__rocket_nozzle_assembly__damaged,state_variant,basic_thruster_t1,Basic Thruster Room,propulsion,1,rocket_nozzle_assembly,Rocket Nozzle Assembly,interactive,damaged,p1,"Using the attached style reference and matching the base component exactly, create state variant 'damaged' for component 'Rocket Nozzle Assembly' in 'Basic Thruster Room'. Change only state cues: visible wear, sparks or cracks, warning lights and degraded output. Preserve camera, scale, line weight, material details. No text, no labels, no UI. match this style exactly; side-view cutaway module language; no text/no labels/no UI; consistent line weight and colour temperature with reference."
basic_thruster_t1__rocket_nozzle_assembly__depleted,state_variant,basic_thruster_t1,Basic Thruster Room,propulsion,1,rocket_nozzle_assembly,Rocket Nozzle Assembly,interactive,depleted,p1,"Using the attached style reference and matching the base component exactly, create state variant 'depleted' for component 'Rocket Nozzle Assembly' in 'Basic Thruster Room'. Change only state cues: minimal or no glow, offline indicators, depleted resource cues. Preserve camera, scale, line weight, material details. No text, no labels, no UI. match this style exactly; side-view cutaway module language; no text/no labels/no UI; consistent line weight and colour temperature with reference."
basic_thruster_t1__rocket_nozzle_assembly__idle,state_variant,basic_thruster_t1,Basic Thruster Room,propulsion,1,rocket_nozzle_assembly,Rocket Nozzle Assembly,interactive,idle,p1,"Using the attached style reference and matching the base component exactly, create state variant 'idle' for component 'Rocket Nozzle Assembly' in 'Basic Thruster Room'. Change only state cues: stable indicator lights, neutral glow, no motion cues. Preserve camera, scale, line weight, material details. No text, no labels, no UI. match this style exactly; side-view cutaway module language; no text/no labels/no UI; consistent line weight and colour temperature with reference."
basic_thruster_t1__thrust_control_panel_2dial__active,state_variant,basic_thruster_t1,Basic Thruster Room,propulsion,1,thrust_control_panel_2dial,2-Dial Thrust Control Panel,interactive,active,p1,"Using the attached style reference and matching the base component exactly, create state variant 'active' for component '2-Dial Thrust Control Panel' in 'Basic Thruster Room'. Change only state cues: brighter active glow, subtle motion/energy cues, engaged indicators. Preserve camera, scale, line weight, material details. No text, no labels, no UI. match this style exactly; side-view cutaway module language; no text/no labels/no UI; consistent line weight and colour temperature with reference."
basic_thruster_t1__thrust_control_panel_2dial__cooldown,state_variant,basic_thruster_t1,Basic Thruster Room,propulsion,1,thrust_control_panel_2dial,2-Dial Thrust Control Panel,interactive,cooldown,p1,"Using the attached style reference and matching the base component exactly, create state variant 'cooldown' for component '2-Dial Thrust Control Panel' in 'Basic Thruster Room'. Change only state cues: reduced glow with cooling/venting cues and amber warning flicker. Preserve camera, scale, line weight, material details. No text, no labels, no UI. match this style exactly; side-view cutaway module language; no text/no labels/no UI; consistent line weight and colour temperature with reference."
basic_thruster_t1__thrust_control_panel_2dial__damaged,state_variant,basic_thruster_t1,Basic Thruster Room,propulsion,1,thrust_control_panel_2dial,2-Dial Thrust Control Panel,interactive,damaged,p1,"Using the attached style reference and matching the base component exactly, create state variant 'damaged' for component '2-Dial Thrust Control Panel' in 'Basic Thruster Room'. Change only state cues: visible wear, sparks or cracks, warning lights and degraded output. Preserve camera, scale, line weight, material details. No text, no labels, no UI. match this style exactly; side-view cutaway module language; no text/no labels/no UI; consistent line weight and colour temperature with reference."
basic_thruster_t1__thrust_control_panel_2dial__depleted,state_variant,basic_thruster_t1,Basic Thruster Room,propulsion,1,thrust_control_panel_2dial,2-Dial Thrust Control Panel,interactive,depleted,p1,"Using the attached style reference and matching the base component exactly, create state variant 'depleted' for component '2-Dial Thrust Control Panel' in 'Basic Thruster Room'. Change only state cues: minimal or no glow, offline indicators, depleted resource cues. Preserve camera, scale, line weight, material details. No text, no labels, no UI. match this style exactly; side-view cutaway module language; no text/no labels/no UI; consistent line weight and colour temperature with reference."
basic_thruster_t1__thrust_control_panel_2dial__idle,state_variant,basic_thruster_t1,Basic Thruster Room,propulsion,1,thrust_control_panel_2dial,2-Dial Thrust Control Panel,interactive,idle,p1,"Using the attached style reference and matching the base component exactly, create state variant 'idle' for component '2-Dial Thrust Control Panel' in 'Basic Thruster Room'. Change only state cues: stable indicator lights, neutral glow, no motion cues. Preserve camera, scale, line weight, material details. No text, no labels, no UI. match this style exactly; side-view cutaway module language; no text/no labels/no UI; consistent line weight and colour temperature with reference."
basic_thruster_t1__room_composite__v1,room_composite,basic_thruster_t1,Basic Thruster Room,propulsion,1,room_composite,Room Composite,composite,base,p0,"Using the attached style reference, compose one 2:1 spacecraft room tile for 'Basic Thruster Room' using these components: right_wall_nozzle_mount, fuel_pipe_network, worn_metal_paneling, rocket_nozzle_assembly, thrust_control_panel_2dial. Keep module shell rectangular with flat top/bottom for stacking. Include only listed components and consistent accent lighting. No text, no labels, no UI, no rocket exterior. match this style exactly; side-view cutaway module language; no text/no labels/no UI; consistent line weight and colour temperature with reference."
cargo_bay_t1__ceiling_rail_track__base,component,cargo_bay_t1,Cargo Bay Room,storage,1,ceiling_rail_track,ceiling rail track,structural,base,p1,"Using the attached style reference, create a single isolated room component sprite for a spacecraft dollhouse interior system. Component: ceiling_rail_track. Category: Cargo Bay Room. Side-view cross-section, clean cutout silhouette, no text, no labels, no UI, no characters. Designed for 2:1 room tile composition. match this style exactly; side-view cutaway module language; no text/no labels/no UI; consistent line weight and colour temperature with reference."
cargo_bay_t1__ceiling_robotic_arm__base,component,cargo_bay_t1,Cargo Bay Room,storage,1,ceiling_robotic_arm,Ceiling Robotic Arm,interactive,base,p0,"Using the attached style reference, create a single isolated room component sprite for a spacecraft dollhouse interior system. Component: Ceiling Robotic Arm. Category: Cargo Bay Room. Side-view cross-section, clean cutout silhouette, no text, no labels, no UI, no characters. Designed for 2:1 room tile composition. match this style exactly; side-view cutaway module language; no text/no labels/no UI; consistent line weight and colour temperature with reference."
cargo_bay_t1__floor_anchor_grid__base,component,cargo_bay_t1,Cargo Bay Room,storage,1,floor_anchor_grid,floor anchor grid,structural,base,p1,"Using the attached style reference, create a single isolated room component sprite for a spacecraft dollhouse interior system. Component: floor_anchor_grid. Category: Cargo Bay Room. Side-view cross-section, clean cutout silhouette, no text, no labels, no UI, no characters. Designed for 2:1 room tile composition. match this style exactly; side-view cutaway module language; no text/no labels/no UI; consistent line weight and colour temperature with reference."
cargo_bay_t1__inventory_terminal__base,component,cargo_bay_t1,Cargo Bay Room,storage,1,inventory_terminal,Inventory Terminal,interactive,base,p0,"Using the attached style reference, create a single isolated room component sprite for a spacecraft dollhouse interior system. Component: Inventory Terminal. Category: Cargo Bay Room. Side-view cross-section, clean cutout silhouette, no text, no labels, no UI, no characters. Designed for 2:1 room tile composition. match this style exactly; side-view cutaway module language; no text/no labels/no UI; consistent line weight and colour temperature with reference."
cargo_bay_t1__ore_crates_set__base,component,cargo_bay_t1,Cargo Bay Room,storage,1,ore_crates_set,Ore Crates,interactive,base,p0,"Using the attached style reference, create a single isolated room component sprite for a spacecraft dollhouse interior system. Component: Ore Crates. Category: Cargo Bay Room. Side-view cross-section, clean cutout silhouette, no text, no labels, no UI, no characters. Designed for 2:1 room tile composition. match this style exactly; side-view cutaway module language; no text/no labels/no UI; consistent line weight and colour temperature with reference."
cargo_bay_t1__specimen_containers_clamped__base,component,cargo_bay_t1,Cargo Bay Room,storage,1,specimen_containers_clamped,Specimen Containers,interactive,base,p0,"Using the attached style reference, create a single isolated room component sprite for a spacecraft dollhouse interior system. Component: Specimen Containers. Category: Cargo Bay Room. Side-view cross-section, clean cutout silhouette, no text, no labels, no UI, no characters. Designed for 2:1 room tile composition. match this style exactly; side-view cutaway module language; no text/no labels/no UI; consistent line weight and colour temperature with reference."
cargo_bay_t1__ceiling_robotic_arm__active,state_variant,cargo_bay_t1,Cargo Bay Room,storage,1,ceiling_robotic_arm,Ceiling Robotic Arm,interactive,active,p1,"Using the attached style reference and matching the base component exactly, create state variant 'active' for component 'Ceiling Robotic Arm' in 'Cargo Bay Room'. Change only state cues: brighter active glow, subtle motion/energy cues, engaged indicators. Preserve camera, scale, line weight, material details. No text, no labels, no UI. match this style exactly; side-view cutaway module language; no text/no labels/no UI; consistent line weight and colour temperature with reference."
cargo_bay_t1__ceiling_robotic_arm__cooldown,state_variant,cargo_bay_t1,Cargo Bay Room,storage,1,ceiling_robotic_arm,Ceiling Robotic Arm,interactive,cooldown,p1,"Using the attached style reference and matching the base component exactly, create state variant 'cooldown' for component 'Ceiling Robotic Arm' in 'Cargo Bay Room'. Change only state cues: reduced glow with cooling/venting cues and amber warning flicker. Preserve camera, scale, line weight, material details. No text, no labels, no UI. match this style exactly; side-view cutaway module language; no text/no labels/no UI; consistent line weight and colour temperature with reference."
cargo_bay_t1__ceiling_robotic_arm__damaged,state_variant,cargo_bay_t1,Cargo Bay Room,storage,1,ceiling_robotic_arm,Ceiling Robotic Arm,interactive,damaged,p1,"Using the attached style reference and matching the base component exactly, create state variant 'damaged' for component 'Ceiling Robotic Arm' in 'Cargo Bay Room'. Change only state cues: visible wear, sparks or cracks, warning lights and degraded output. Preserve camera, scale, line weight, material details. No text, no labels, no UI. match this style exactly; side-view cutaway module language; no text/no labels/no UI; consistent line weight and colour temperature with reference."
cargo_bay_t1__ceiling_robotic_arm__depleted,state_variant,cargo_bay_t1,Cargo Bay Room,storage,1,ceiling_robotic_arm,Ceiling Robotic Arm,interactive,depleted,p1,"Using the attached style reference and matching the base component exactly, create state variant 'depleted' for component 'Ceiling Robotic Arm' in 'Cargo Bay Room'. Change only state cues: minimal or no glow, offline indicators, depleted resource cues. Preserve camera, scale, line weight, material details. No text, no labels, no UI. match this style exactly; side-view cutaway module language; no text/no labels/no UI; consistent line weight and colour temperature with reference."
cargo_bay_t1__ceiling_robotic_arm__idle,state_variant,cargo_bay_t1,Cargo Bay Room,storage,1,ceiling_robotic_arm,Ceiling Robotic Arm,interactive,idle,p1,"Using the attached style reference and matching the base component exactly, create state variant 'idle' for component 'Ceiling Robotic Arm' in 'Cargo Bay Room'. Change only state cues: stable indicator lights, neutral glow, no motion cues. Preserve camera, scale, line weight, material details. No text, no labels, no UI. match this style exactly; side-view cutaway module language; no text/no labels/no UI; consistent line weight and colour temperature with reference."
cargo_bay_t1__inventory_terminal__active,state_variant,cargo_bay_t1,Cargo Bay Room,storage,1,inventory_terminal,Inventory Terminal,interactive,active,p1,"Using the attached style reference and matching the base component exactly, create state variant 'active' for component 'Inventory Terminal' in 'Cargo Bay Room'. Change only state cues: brighter active glow, subtle motion/energy cues, engaged indicators. Preserve camera, scale, line weight, material details. No text, no labels, no UI. match this style exactly; side-view cutaway module language; no text/no labels/no UI; consistent line weight and colour temperature with reference."
cargo_bay_t1__inventory_terminal__cooldown,state_variant,cargo_bay_t1,Cargo Bay Room,storage,1,inventory_terminal,Inventory Terminal,interactive,cooldown,p1,"Using the attached style reference and matching the base component exactly, create state variant 'cooldown' for component 'Inventory Terminal' in 'Cargo Bay Room'. Change only state cues: reduced glow with cooling/venting cues and amber warning flicker. Preserve camera, scale, line weight, material details. No text, no labels, no UI. match this style exactly; side-view cutaway module language; no text/no labels/no UI; consistent line weight and colour temperature with reference."
cargo_bay_t1__inventory_terminal__damaged,state_variant,cargo_bay_t1,Cargo Bay Room,storage,1,inventory_terminal,Inventory Terminal,interactive,damaged,p1,"Using the attached style reference and matching the base component exactly, create state variant 'damaged' for component 'Inventory Terminal' in 'Cargo Bay Room'. Change only state cues: visible wear, sparks or cracks, warning lights and degraded output. Preserve camera, scale, line weight, material details. No text, no labels, no UI. match this style exactly; side-view cutaway module language; no text/no labels/no UI; consistent line weight and colour temperature with reference."
cargo_bay_t1__inventory_terminal__depleted,state_variant,cargo_bay_t1,Cargo Bay Room,storage,1,inventory_terminal,Inventory Terminal,interactive,depleted,p1,"Using the attached style reference and matching the base component exactly, create state variant 'depleted' for component 'Inventory Terminal' in 'Cargo Bay Room'. Change only state cues: minimal or no glow, offline indicators, depleted resource cues. Preserve camera, scale, line weight, material details. No text, no labels, no UI. match this style exactly; side-view cutaway module language; no text/no labels/no UI; consistent line weight and colour temperature with reference."
cargo_bay_t1__inventory_terminal__idle,state_variant,cargo_bay_t1,Cargo Bay Room,storage,1,inventory_terminal,Inventory Terminal,interactive,idle,p1,"Using the attached style reference and matching the base component exactly, create state variant 'idle' for component 'Inventory Terminal' in 'Cargo Bay Room'. Change only state cues: stable indicator lights, neutral glow, no motion cues. Preserve camera, scale, line weight, material details. No text, no labels, no UI. match this style exactly; side-view cutaway module language; no text/no labels/no UI; consistent line weight and colour temperature with reference."
cargo_bay_t1__ore_crates_set__active,state_variant,cargo_bay_t1,Cargo Bay Room,storage,1,ore_crates_set,Ore Crates,interactive,active,p1,"Using the attached style reference and matching the base component exactly, create state variant 'active' for component 'Ore Crates' in 'Cargo Bay Room'. Change only state cues: brighter active glow, subtle motion/energy cues, engaged indicators. Preserve camera, scale, line weight, material details. No text, no labels, no UI. match this style exactly; side-view cutaway module language; no text/no labels/no UI; consistent line weight and colour temperature with reference."
cargo_bay_t1__ore_crates_set__cooldown,state_variant,cargo_bay_t1,Cargo Bay Room,storage,1,ore_crates_set,Ore Crates,interactive,cooldown,p1,"Using the attached style reference and matching the base component exactly, create state variant 'cooldown' for component 'Ore Crates' in 'Cargo Bay Room'. Change only state cues: reduced glow with cooling/venting cues and amber warning flicker. Preserve camera, scale, line weight, material details. No text, no labels, no UI. match this style exactly; side-view cutaway module language; no text/no labels/no UI; consistent line weight and colour temperature with reference."
cargo_bay_t1__ore_crates_set__damaged,state_variant,cargo_bay_t1,Cargo Bay Room,storage,1,ore_crates_set,Ore Crates,interactive,damaged,p1,"Using the attached style reference and matching the base component exactly, create state variant 'damaged' for component 'Ore Crates' in 'Cargo Bay Room'. Change only state cues: visible wear, sparks or cracks, warning lights and degraded output. Preserve camera, scale, line weight, material details. No text, no labels, no UI. match this style exactly; side-view cutaway module language; no text/no labels/no UI; consistent line weight and colour temperature with reference."
cargo_bay_t1__ore_crates_set__depleted,state_variant,cargo_bay_t1,Cargo Bay Room,storage,1,ore_crates_set,Ore Crates,interactive,depleted,p1,"Using the attached style reference and matching the base component exactly, create state variant 'depleted' for component 'Ore Crates' in 'Cargo Bay Room'. Change only state cues: minimal or no glow, offline indicators, depleted resource cues. Preserve camera, scale, line weight, material details. No text, no labels, no UI. match this style exactly; side-view cutaway module language; no text/no labels/no UI; consistent line weight and colour temperature with reference."
cargo_bay_t1__ore_crates_set__idle,state_variant,cargo_bay_t1,Cargo Bay Room,storage,1,ore_crates_set,Ore Crates,interactive,idle,p1,"Using the attached style reference and matching the base component exactly, create state variant 'idle' for component 'Ore Crates' in 'Cargo Bay Room'. Change only state cues: stable indicator lights, neutral glow, no motion cues. Preserve camera, scale, line weight, material details. No text, no labels, no UI. match this style exactly; side-view cutaway module language; no text/no labels/no UI; consistent line weight and colour temperature with reference."
cargo_bay_t1__specimen_containers_clamped__active,state_variant,cargo_bay_t1,Cargo Bay Room,storage,1,specimen_containers_clamped,Specimen Containers,interactive,active,p1,"Using the attached style reference and matching the base component exactly, create state variant 'active' for component 'Specimen Containers' in 'Cargo Bay Room'. Change only state cues: brighter active glow, subtle motion/energy cues, engaged indicators. Preserve camera, scale, line weight, material details. No text, no labels, no UI. match this style exactly; side-view cutaway module language; no text/no labels/no UI; consistent line weight and colour temperature with reference."
cargo_bay_t1__specimen_containers_clamped__cooldown,state_variant,cargo_bay_t1,Cargo Bay Room,storage,1,specimen_containers_clamped,Specimen Containers,interactive,cooldown,p1,"Using the attached style reference and matching the base component exactly, create state variant 'cooldown' for component 'Specimen Containers' in 'Cargo Bay Room'. Change only state cues: reduced glow with cooling/venting cues and amber warning flicker. Preserve camera, scale, line weight, material details. No text, no labels, no UI. match this style exactly; side-view cutaway module language; no text/no labels/no UI; consistent line weight and colour temperature with reference."
cargo_bay_t1__specimen_containers_clamped__damaged,state_variant,cargo_bay_t1,Cargo Bay Room,storage,1,specimen_containers_clamped,Specimen Containers,interactive,damaged,p1,"Using the attached style reference and matching the base component exactly, create state variant 'damaged' for component 'Specimen Containers' in 'Cargo Bay Room'. Change only state cues: visible wear, sparks or cracks, warning lights and degraded output. Preserve camera, scale, line weight, material details. No text, no labels, no UI. match this style exactly; side-view cutaway module language; no text/no labels/no UI; consistent line weight and colour temperature with reference."
cargo_bay_t1__specimen_containers_clamped__depleted,state_variant,cargo_bay_t1,Cargo Bay Room,storage,1,specimen_containers_clamped,Specimen Containers,interactive,depleted,p1,"Using the attached style reference and matching the base component exactly, create state variant 'depleted' for component 'Specimen Containers' in 'Cargo Bay Room'. Change only state cues: minimal or no glow, offline indicators, depleted resource cues. Preserve camera, scale, line weight, material details. No text, no labels, no UI. match this style exactly; side-view cutaway module language; no text/no labels/no UI; consistent line weight and colour temperature with reference."
cargo_bay_t1__specimen_containers_clamped__idle,state_variant,cargo_bay_t1,Cargo Bay Room,storage,1,specimen_containers_clamped,Specimen Containers,interactive,idle,p1,"Using the attached style reference and matching the base component exactly, create state variant 'idle' for component 'Specimen Containers' in 'Cargo Bay Room'. Change only state cues: stable indicator lights, neutral glow, no motion cues. Preserve camera, scale, line weight, material details. No text, no labels, no UI. match this style exactly; side-view cutaway module language; no text/no labels/no UI; consistent line weight and colour temperature with reference."
cargo_bay_t1__room_composite__v1,room_composite,cargo_bay_t1,Cargo Bay Room,storage,1,room_composite,Room Composite,composite,base,p0,"Using the attached style reference, compose one 2:1 spacecraft room tile for 'Cargo Bay Room' using these components: floor_anchor_grid, ceiling_rail_track, ore_crates_set, specimen_containers_clamped, ceiling_robotic_arm, inventory_terminal. Keep module shell rectangular with flat top/bottom for stacking. Include only listed components and consistent accent lighting. No text, no labels, no UI, no rocket exterior. match this style exactly; side-view cutaway module language; no text/no labels/no UI; consistent line weight and colour temperature with reference."
style_anchor_v1,style_anchor,global,Global Style Anchor,global,n/a,style_anchor,Style Anchor,reference,base,p0,"Side-view cross-section cutaway of a single spacecraft interior room module. Illustrated sci-fi game asset style — clean detailed linework, metallic silver-grey interior walls with visible panel seams and riveted bolts, recessed floor lighting strips, equipment glowing with coloured sci-fi accent lights. Dark background (#0D0B14 deep space purple, near-black). No text, no labels, no UI. The module is a rectangular tile — flat top and bottom edges so it can stack with other modules. Landscape 2:1 ratio. Consistent illustrated style like a mobile space exploration game concept art, similar to how Pixel Starships looks but rendered in a modern illustrated style rather than retro pixel art. Single module only, no rocket exterior visible. match this style exactly; side-view cutaway module language; no text/no labels/no UI; consistent line weight and colour temperature with reference."
shell_kit_high_v1,shell_kit,global,Global Shell Kit (high),global,n/a,shell_high,Room Shell high,structural,base,p0,"Using the attached style reference, create an empty spacecraft interior room shell component variant 'high' with metallic panel seams, floor light strips, and stackable flat top/bottom module edges. No major equipment. 2:1 side-view cross-section. match this style exactly; side-view cutaway module language; no text/no labels/no UI; consistent line weight and colour temperature with reference."
shell_kit_mid_v1,shell_kit,global,Global Shell Kit (mid),global,n/a,shell_mid,Room Shell mid,structural,base,p0,"Using the attached style reference, create an empty spacecraft interior room shell component variant 'mid' with metallic panel seams, floor light strips, and stackable flat top/bottom module edges. No major equipment. 2:1 side-view cross-section. match this style exactly; side-view cutaway module language; no text/no labels/no UI; consistent line weight and colour temperature with reference."
shell_kit_starter_v1,shell_kit,global,Global Shell Kit (starter),global,n/a,shell_starter,Room Shell starter,structural,base,p0,"Using the attached style reference, create an empty spacecraft interior room shell component variant 'starter' with metallic panel seams, floor light strips, and stackable flat top/bottom module edges. No major equipment. 2:1 side-view cross-section. match this style exactly; side-view cutaway module language; no text/no labels/no UI; consistent line weight and colour temperature with reference."
mining_drill_t1__deployment_control_terminal__base,component,mining_drill_t1,Mining Drill Room,mining,1,deployment_control_terminal,Deployment Control Terminal,interactive,base,p0,"Using the attached style reference, create a single isolated room component sprite for a spacecraft dollhouse interior system. Component: Deployment Control Terminal. Category: Mining Drill Room. Side-view cross-section, clean cutout silhouette, no text, no labels, no UI, no characters. Designed for 2:1 room tile composition. match this style exactly; side-view cutaway module language; no text/no labels/no UI; consistent line weight and colour temperature with reference."
mining_drill_t1__drill_bit_exposed__base,component,mining_drill_t1,Mining Drill Room,mining,1,drill_bit_exposed,Exposed Drill Bit,interactive,base,p0,"Using the attached style reference, create a single isolated room component sprite for a spacecraft dollhouse interior system. Component: Exposed Drill Bit. Category: Mining Drill Room. Side-view cross-section, clean cutout silhouette, no text, no labels, no UI, no characters. Designed for 2:1 room tile composition. match this style exactly; side-view cutaway module language; no text/no labels/no UI; consistent line weight and colour temperature with reference."
mining_drill_t1__drill_cable_drum__base,component,mining_drill_t1,Mining Drill Room,mining,1,drill_cable_drum,Drill Cable Drum,interactive,base,p0,"Using the attached style reference, create a single isolated room component sprite for a spacecraft dollhouse interior system. Component: Drill Cable Drum. Category: Mining Drill Room. Side-view cross-section, clean cutout silhouette, no text, no labels, no UI, no characters. Designed for 2:1 room tile composition. match this style exactly; side-view cutaway module language; no text/no labels/no UI; consistent line weight and colour temperature with reference."
mining_drill_t1__drill_mount_frame__base,component,mining_drill_t1,Mining Drill Room,mining,1,drill_mount_frame,drill mount frame,structural,base,p1,"Using the attached style reference, create a single isolated room component sprite for a spacecraft dollhouse interior system. Component: drill_mount_frame. Category: Mining Drill Room. Side-view cross-section, clean cutout silhouette, no text, no labels, no UI, no characters. Designed for 2:1 room tile composition. match this style exactly; side-view cutaway module language; no text/no labels/no UI; consistent line weight and colour temperature with reference."
mining_drill_t1__floor_dampener_pads__base,component,mining_drill_t1,Mining Drill Room,mining,1,floor_dampener_pads,floor dampener pads,structural,base,p1,"Using the attached style reference, create a single isolated room component sprite for a spacecraft dollhouse interior system. Component: floor_dampener_pads. Category: Mining Drill Room. Side-view cross-section, clean cutout silhouette, no text, no labels, no UI, no characters. Designed for 2:1 room tile composition. match this style exactly; side-view cutaway module language; no text/no labels/no UI; consistent line weight and colour temperature with reference."
mining_drill_t1__floor_deployment_hatch__base,component,mining_drill_t1,Mining Drill Room,mining,1,floor_deployment_hatch,Floor Deployment Hatch,interactive,base,p0,"Using the attached style reference, create a single isolated room component sprite for a spacecraft dollhouse interior system. Component: Floor Deployment Hatch. Category: Mining Drill Room. Side-view cross-section, clean cutout silhouette, no text, no labels, no UI, no characters. Designed for 2:1 room tile composition. match this style exactly; side-view cutaway module language; no text/no labels/no UI; consistent line weight and colour temperature with reference."
mining_drill_t1__folded_drill_arm__base,component,mining_drill_t1,Mining Drill Room,mining,1,folded_drill_arm,Folded Drill Arm,interactive,base,p0,"Using the attached style reference, create a single isolated room component sprite for a spacecraft dollhouse interior system. Component: Folded Drill Arm. Category: Mining Drill Room. Side-view cross-section, clean cutout silhouette, no text, no labels, no UI, no characters. Designed for 2:1 room tile composition. match this style exactly; side-view cutaway module language; no text/no labels/no UI; consistent line weight and colour temperature with reference."
mining_drill_t1__hatch_seam_lines__base,component,mining_drill_t1,Mining Drill Room,mining,1,hatch_seam_lines,hatch seam lines,structural,base,p1,"Using the attached style reference, create a single isolated room component sprite for a spacecraft dollhouse interior system. Component: hatch_seam_lines. Category: Mining Drill Room. Side-view cross-section, clean cutout silhouette, no text, no labels, no UI, no characters. Designed for 2:1 room tile composition. match this style exactly; side-view cutaway module language; no text/no labels/no UI; consistent line weight and colour temperature with reference."
mining_drill_t1__deployment_control_terminal__active,state_variant,mining_drill_t1,Mining Drill Room,mining,1,deployment_control_terminal,Deployment Control Terminal,interactive,active,p1,"Using the attached style reference and matching the base component exactly, create state variant 'active' for component 'Deployment Control Terminal' in 'Mining Drill Room'. Change only state cues: brighter active glow, subtle motion/energy cues, engaged indicators. Preserve camera, scale, line weight, material details. No text, no labels, no UI. match this style exactly; side-view cutaway module language; no text/no labels/no UI; consistent line weight and colour temperature with reference."
mining_drill_t1__deployment_control_terminal__cooldown,state_variant,mining_drill_t1,Mining Drill Room,mining,1,deployment_control_terminal,Deployment Control Terminal,interactive,cooldown,p1,"Using the attached style reference and matching the base component exactly, create state variant 'cooldown' for component 'Deployment Control Terminal' in 'Mining Drill Room'. Change only state cues: reduced glow with cooling/venting cues and amber warning flicker. Preserve camera, scale, line weight, material details. No text, no labels, no UI. match this style exactly; side-view cutaway module language; no text/no labels/no UI; consistent line weight and colour temperature with reference."
mining_drill_t1__deployment_control_terminal__damaged,state_variant,mining_drill_t1,Mining Drill Room,mining,1,deployment_control_terminal,Deployment Control Terminal,interactive,damaged,p1,"Using the attached style reference and matching the base component exactly, create state variant 'damaged' for component 'Deployment Control Terminal' in 'Mining Drill Room'. Change only state cues: visible wear, sparks or cracks, warning lights and degraded output. Preserve camera, scale, line weight, material details. No text, no labels, no UI. match this style exactly; side-view cutaway module language; no text/no labels/no UI; consistent line weight and colour temperature with reference."
mining_drill_t1__deployment_control_terminal__depleted,state_variant,mining_drill_t1,Mining Drill Room,mining,1,deployment_control_terminal,Deployment Control Terminal,interactive,depleted,p1,"Using the attached style reference and matching the base component exactly, create state variant 'depleted' for component 'Deployment Control Terminal' in 'Mining Drill Room'. Change only state cues: minimal or no glow, offline indicators, depleted resource cues. Preserve camera, scale, line weight, material details. No text, no labels, no UI. match this style exactly; side-view cutaway module language; no text/no labels/no UI; consistent line weight and colour temperature with reference."
mining_drill_t1__deployment_control_terminal__idle,state_variant,mining_drill_t1,Mining Drill Room,mining,1,deployment_control_terminal,Deployment Control Terminal,interactive,idle,p1,"Using the attached style reference and matching the base component exactly, create state variant 'idle' for component 'Deployment Control Terminal' in 'Mining Drill Room'. Change only state cues: stable indicator lights, neutral glow, no motion cues. Preserve camera, scale, line weight, material details. No text, no labels, no UI. match this style exactly; side-view cutaway module language; no text/no labels/no UI; consistent line weight and colour temperature with reference."
mining_drill_t1__drill_bit_exposed__active,state_variant,mining_drill_t1,Mining Drill Room,mining,1,drill_bit_exposed,Exposed Drill Bit,interactive,active,p1,"Using the attached style reference and matching the base component exactly, create state variant 'active' for component 'Exposed Drill Bit' in 'Mining Drill Room'. Change only state cues: brighter active glow, subtle motion/energy cues, engaged indicators. Preserve camera, scale, line weight, material details. No text, no labels, no UI. match this style exactly; side-view cutaway module language; no text/no labels/no UI; consistent line weight and colour temperature with reference."
mining_drill_t1__drill_bit_exposed__cooldown,state_variant,mining_drill_t1,Mining Drill Room,mining,1,drill_bit_exposed,Exposed Drill Bit,interactive,cooldown,p1,"Using the attached style reference and matching the base component exactly, create state variant 'cooldown' for component 'Exposed Drill Bit' in 'Mining Drill Room'. Change only state cues: reduced glow with cooling/venting cues and amber warning flicker. Preserve camera, scale, line weight, material details. No text, no labels, no UI. match this style exactly; side-view cutaway module language; no text/no labels/no UI; consistent line weight and colour temperature with reference."
mining_drill_t1__drill_bit_exposed__damaged,state_variant,mining_drill_t1,Mining Drill Room,mining,1,drill_bit_exposed,Exposed Drill Bit,interactive,damaged,p1,"Using the attached style reference and matching the base component exactly, create state variant 'damaged' for component 'Exposed Drill Bit' in 'Mining Drill Room'. Change only state cues: visible wear, sparks or cracks, warning lights and degraded output. Preserve camera, scale, line weight, material details. No text, no labels, no UI. match this style exactly; side-view cutaway module language; no text/no labels/no UI; consistent line weight and colour temperature with reference."
mining_drill_t1__drill_bit_exposed__depleted,state_variant,mining_drill_t1,Mining Drill Room,mining,1,drill_bit_exposed,Exposed Drill Bit,interactive,depleted,p1,"Using the attached style reference and matching the base component exactly, create state variant 'depleted' for component 'Exposed Drill Bit' in 'Mining Drill Room'. Change only state cues: minimal or no glow, offline indicators, depleted resource cues. Preserve camera, scale, line weight, material details. No text, no labels, no UI. match this style exactly; side-view cutaway module language; no text/no labels/no UI; consistent line weight and colour temperature with reference."
mining_drill_t1__drill_bit_exposed__idle,state_variant,mining_drill_t1,Mining Drill Room,mining,1,drill_bit_exposed,Exposed Drill Bit,interactive,idle,p1,"Using the attached style reference and matching the base component exactly, create state variant 'idle' for component 'Exposed Drill Bit' in 'Mining Drill Room'. Change only state cues: stable indicator lights, neutral glow, no motion cues. Preserve camera, scale, line weight, material details. No text, no labels, no UI. match this style exactly; side-view cutaway module language; no text/no labels/no UI; consistent line weight and colour temperature with reference."
mining_drill_t1__drill_cable_drum__active,state_variant,mining_drill_t1,Mining Drill Room,mining,1,drill_cable_drum,Drill Cable Drum,interactive,active,p1,"Using the attached style reference and matching the base component exactly, create state variant 'active' for component 'Drill Cable Drum' in 'Mining Drill Room'. Change only state cues: brighter active glow, subtle motion/energy cues, engaged indicators. Preserve camera, scale, line weight, material details. No text, no labels, no UI. match this style exactly; side-view cutaway module language; no text/no labels/no UI; consistent line weight and colour temperature with reference."
mining_drill_t1__drill_cable_drum__cooldown,state_variant,mining_drill_t1,Mining Drill Room,mining,1,drill_cable_drum,Drill Cable Drum,interactive,cooldown,p1,"Using the attached style reference and matching the base component exactly, create state variant 'cooldown' for component 'Drill Cable Drum' in 'Mining Drill Room'. Change only state cues: reduced glow with cooling/venting cues and amber warning flicker. Preserve camera, scale, line weight, material details. No text, no labels, no UI. match this style exactly; side-view cutaway module language; no text/no labels/no UI; consistent line weight and colour temperature with reference."
mining_drill_t1__drill_cable_drum__damaged,state_variant,mining_drill_t1,Mining Drill Room,mining,1,drill_cable_drum,Drill Cable Drum,interactive,damaged,p1,"Using the attached style reference and matching the base component exactly, create state variant 'damaged' for component 'Drill Cable Drum' in 'Mining Drill Room'. Change only state cues: visible wear, sparks or cracks, warning lights and degraded output. Preserve camera, scale, line weight, material details. No text, no labels, no UI. match this style exactly; side-view cutaway module language; no text/no labels/no UI; consistent line weight and colour temperature with reference."
mining_drill_t1__drill_cable_drum__depleted,state_variant,mining_drill_t1,Mining Drill Room,mining,1,drill_cable_drum,Drill Cable Drum,interactive,depleted,p1,"Using the attached style reference and matching the base component exactly, create state variant 'depleted' for component 'Drill Cable Drum' in 'Mining Drill Room'. Change only state cues: minimal or no glow, offline indicators, depleted resource cues. Preserve camera, scale, line weight, material details. No text, no labels, no UI. match this style exactly; side-view cutaway module language; no text/no labels/no UI; consistent line weight and colour temperature with reference."
mining_drill_t1__drill_cable_drum__idle,state_variant,mining_drill_t1,Mining Drill Room,mining,1,drill_cable_drum,Drill Cable Drum,interactive,idle,p1,"Using the attached style reference and matching the base component exactly, create state variant 'idle' for component 'Drill Cable Drum' in 'Mining Drill Room'. Change only state cues: stable indicator lights, neutral glow, no motion cues. Preserve camera, scale, line weight, material details. No text, no labels, no UI. match this style exactly; side-view cutaway module language; no text/no labels/no UI; consistent line weight and colour temperature with reference."
mining_drill_t1__floor_deployment_hatch__active,state_variant,mining_drill_t1,Mining Drill Room,mining,1,floor_deployment_hatch,Floor Deployment Hatch,interactive,active,p1,"Using the attached style reference and matching the base component exactly, create state variant 'active' for component 'Floor Deployment Hatch' in 'Mining Drill Room'. Change only state cues: brighter active glow, subtle motion/energy cues, engaged indicators. Preserve camera, scale, line weight, material details. No text, no labels, no UI. match this style exactly; side-view cutaway module language; no text/no labels/no UI; consistent line weight and colour temperature with reference."
mining_drill_t1__floor_deployment_hatch__cooldown,state_variant,mining_drill_t1,Mining Drill Room,mining,1,floor_deployment_hatch,Floor Deployment Hatch,interactive,cooldown,p1,"Using the attached style reference and matching the base component exactly, create state variant 'cooldown' for component 'Floor Deployment Hatch' in 'Mining Drill Room'. Change only state cues: reduced glow with cooling/venting cues and amber warning flicker. Preserve camera, scale, line weight, material details. No text, no labels, no UI. match this style exactly; side-view cutaway module language; no text/no labels/no UI; consistent line weight and colour temperature with reference."
mining_drill_t1__floor_deployment_hatch__damaged,state_variant,mining_drill_t1,Mining Drill Room,mining,1,floor_deployment_hatch,Floor Deployment Hatch,interactive,damaged,p1,"Using the attached style reference and matching the base component exactly, create state variant 'damaged' for component 'Floor Deployment Hatch' in 'Mining Drill Room'. Change only state cues: visible wear, sparks or cracks, warning lights and degraded output. Preserve camera, scale, line weight, material details. No text, no labels, no UI. match this style exactly; side-view cutaway module language; no text/no labels/no UI; consistent line weight and colour temperature with reference."
mining_drill_t1__floor_deployment_hatch__depleted,state_variant,mining_drill_t1,Mining Drill Room,mining,1,floor_deployment_hatch,Floor Deployment Hatch,interactive,depleted,p1,"Using the attached style reference and matching the base component exactly, create state variant 'depleted' for component 'Floor Deployment Hatch' in 'Mining Drill Room'. Change only state cues: minimal or no glow, offline indicators, depleted resource cues. Preserve camera, scale, line weight, material details. No text, no labels, no UI. match this style exactly; side-view cutaway module language; no text/no labels/no UI; consistent line weight and colour temperature with reference."
mining_drill_t1__floor_deployment_hatch__idle,state_variant,mining_drill_t1,Mining Drill Room,mining,1,floor_deployment_hatch,Floor Deployment Hatch,interactive,idle,p1,"Using the attached style reference and matching the base component exactly, create state variant 'idle' for component 'Floor Deployment Hatch' in 'Mining Drill Room'. Change only state cues: stable indicator lights, neutral glow, no motion cues. Preserve camera, scale, line weight, material details. No text, no labels, no UI. match this style exactly; side-view cutaway module language; no text/no labels/no UI; consistent line weight and colour temperature with reference."
mining_drill_t1__folded_drill_arm__active,state_variant,mining_drill_t1,Mining Drill Room,mining,1,folded_drill_arm,Folded Drill Arm,interactive,active,p1,"Using the attached style reference and matching the base component exactly, create state variant 'active' for component 'Folded Drill Arm' in 'Mining Drill Room'. Change only state cues: brighter active glow, subtle motion/energy cues, engaged indicators. Preserve camera, scale, line weight, material details. No text, no labels, no UI. match this style exactly; side-view cutaway module language; no text/no labels/no UI; consistent line weight and colour temperature with reference."
mining_drill_t1__folded_drill_arm__cooldown,state_variant,mining_drill_t1,Mining Drill Room,mining,1,folded_drill_arm,Folded Drill Arm,interactive,cooldown,p1,"Using the attached style reference and matching the base component exactly, create state variant 'cooldown' for component 'Folded Drill Arm' in 'Mining Drill Room'. Change only state cues: reduced glow with cooling/venting cues and amber warning flicker. Preserve camera, scale, line weight, material details. No text, no labels, no UI. match this style exactly; side-view cutaway module language; no text/no labels/no UI; consistent line weight and colour temperature with reference."
mining_drill_t1__folded_drill_arm__damaged,state_variant,mining_drill_t1,Mining Drill Room,mining,1,folded_drill_arm,Folded Drill Arm,interactive,damaged,p1,"Using the attached style reference and matching the base component exactly, create state variant 'damaged' for component 'Folded Drill Arm' in 'Mining Drill Room'. Change only state cues: visible wear, sparks or cracks, warning lights and degraded output. Preserve camera, scale, line weight, material details. No text, no labels, no UI. match this style exactly; side-view cutaway module language; no text/no labels/no UI; consistent line weight and colour temperature with reference."
mining_drill_t1__folded_drill_arm__depleted,state_variant,mining_drill_t1,Mining Drill Room,mining,1,folded_drill_arm,Folded Drill Arm,interactive,depleted,p1,"Using the attached style reference and matching the base component exactly, create state variant 'depleted' for component 'Folded Drill Arm' in 'Mining Drill Room'. Change only state cues: minimal or no glow, offline indicators, depleted resource cues. Preserve camera, scale, line weight, material details. No text, no labels, no UI. match this style exactly; side-view cutaway module language; no text/no labels/no UI; consistent line weight and colour temperature with reference."
mining_drill_t1__folded_drill_arm__idle,state_variant,mining_drill_t1,Mining Drill Room,mining,1,folded_drill_arm,Folded Drill Arm,interactive,idle,p1,"Using the attached style reference and matching the base component exactly, create state variant 'idle' for component 'Folded Drill Arm' in 'Mining Drill Room'. Change only state cues: stable indicator lights, neutral glow, no motion cues. Preserve camera, scale, line weight, material details. No text, no labels, no UI. match this style exactly; side-view cutaway module language; no text/no labels/no UI; consistent line weight and colour temperature with reference."
mining_drill_t1__room_composite__v1,room_composite,mining_drill_t1,Mining Drill Room,mining,1,room_composite,Room Composite,composite,base,p0,"Using the attached style reference, compose one 2:1 spacecraft room tile for 'Mining Drill Room' using these components: drill_mount_frame, floor_dampener_pads, hatch_seam_lines, folded_drill_arm, drill_bit_exposed, drill_cable_drum, deployment_control_terminal, floor_deployment_hatch. Keep module shell rectangular with flat top/bottom for stacking. Include only listed components and consistent accent lighting. No text, no labels, no UI, no rocket exterior. match this style exactly; side-view cutaway module language; no text/no labels/no UI; consistent line weight and colour temperature with reference."
small_reactor_t1__compact_reactor_core_sphere__base,component,small_reactor_t1,Small Reactor Core Room,power,1,compact_reactor_core_sphere,Compact Reactor Core Sphere,interactive,base,p0,"Using the attached style reference, create a single isolated room component sprite for a spacecraft dollhouse interior system. Component: Compact Reactor Core Sphere. Category: Small Reactor Core Room. Side-view cross-section, clean cutout silhouette, no text, no labels, no UI, no characters. Designed for 2:1 room tile composition. match this style exactly; side-view cutaway module language; no text/no labels/no UI; consistent line weight and colour temperature with reference."
small_reactor_t1__indicator_control_panels_pair__base,component,small_reactor_t1,Small Reactor Core Room,power,1,indicator_control_panels_pair,Indicator Control Panels,interactive,base,p0,"Using the attached style reference, create a single isolated room component sprite for a spacecraft dollhouse interior system. Component: Indicator Control Panels. Category: Small Reactor Core Room. Side-view cross-section, clean cutout silhouette, no text, no labels, no UI, no characters. Designed for 2:1 room tile composition. match this style exactly; side-view cutaway module language; no text/no labels/no UI; consistent line weight and colour temperature with reference."
small_reactor_t1__power_output_terminal__base,component,small_reactor_t1,Small Reactor Core Room,power,1,power_output_terminal,Power Output Terminal,interactive,base,p0,"Using the attached style reference, create a single isolated room component sprite for a spacecraft dollhouse interior system. Component: Power Output Terminal. Category: Small Reactor Core Room. Side-view cross-section, clean cutout silhouette, no text, no labels, no UI, no characters. Designed for 2:1 room tile composition. match this style exactly; side-view cutaway module language; no text/no labels/no UI; consistent line weight and colour temperature with reference."
small_reactor_t1__reactor_housing_cylinder__base,component,small_reactor_t1,Small Reactor Core Room,power,1,reactor_housing_cylinder,reactor housing cylinder,structural,base,p1,"Using the attached style reference, create a single isolated room component sprite for a spacecraft dollhouse interior system. Component: reactor_housing_cylinder. Category: Small Reactor Core Room. Side-view cross-section, clean cutout silhouette, no text, no labels, no UI, no characters. Designed for 2:1 room tile composition. match this style exactly; side-view cutaway module language; no text/no labels/no UI; consistent line weight and colour temperature with reference."
small_reactor_t1__wall_conduit_trunk_lines__base,component,small_reactor_t1,Small Reactor Core Room,power,1,wall_conduit_trunk_lines,wall conduit trunk lines,structural,base,p1,"Using the attached style reference, create a single isolated room component sprite for a spacecraft dollhouse interior system. Component: wall_conduit_trunk_lines. Category: Small Reactor Core Room. Side-view cross-section, clean cutout silhouette, no text, no labels, no UI, no characters. Designed for 2:1 room tile composition. match this style exactly; side-view cutaway module language; no text/no labels/no UI; consistent line weight and colour temperature with reference."
small_reactor_t1__compact_reactor_core_sphere__active,state_variant,small_reactor_t1,Small Reactor Core Room,power,1,compact_reactor_core_sphere,Compact Reactor Core Sphere,interactive,active,p1,"Using the attached style reference and matching the base component exactly, create state variant 'active' for component 'Compact Reactor Core Sphere' in 'Small Reactor Core Room'. Change only state cues: brighter active glow, subtle motion/energy cues, engaged indicators. Preserve camera, scale, line weight, material details. No text, no labels, no UI. match this style exactly; side-view cutaway module language; no text/no labels/no UI; consistent line weight and colour temperature with reference."
small_reactor_t1__compact_reactor_core_sphere__cooldown,state_variant,small_reactor_t1,Small Reactor Core Room,power,1,compact_reactor_core_sphere,Compact Reactor Core Sphere,interactive,cooldown,p1,"Using the attached style reference and matching the base component exactly, create state variant 'cooldown' for component 'Compact Reactor Core Sphere' in 'Small Reactor Core Room'. Change only state cues: reduced glow with cooling/venting cues and amber warning flicker. Preserve camera, scale, line weight, material details. No text, no labels, no UI. match this style exactly; side-view cutaway module language; no text/no labels/no UI; consistent line weight and colour temperature with reference."
small_reactor_t1__compact_reactor_core_sphere__damaged,state_variant,small_reactor_t1,Small Reactor Core Room,power,1,compact_reactor_core_sphere,Compact Reactor Core Sphere,interactive,damaged,p1,"Using the attached style reference and matching the base component exactly, create state variant 'damaged' for component 'Compact Reactor Core Sphere' in 'Small Reactor Core Room'. Change only state cues: visible wear, sparks or cracks, warning lights and degraded output. Preserve camera, scale, line weight, material details. No text, no labels, no UI. match this style exactly; side-view cutaway module language; no text/no labels/no UI; consistent line weight and colour temperature with reference."
small_reactor_t1__compact_reactor_core_sphere__depleted,state_variant,small_reactor_t1,Small Reactor Core Room,power,1,compact_reactor_core_sphere,Compact Reactor Core Sphere,interactive,depleted,p1,"Using the attached style reference and matching the base component exactly, create state variant 'depleted' for component 'Compact Reactor Core Sphere' in 'Small Reactor Core Room'. Change only state cues: minimal or no glow, offline indicators, depleted resource cues. Preserve camera, scale, line weight, material details. No text, no labels, no UI. match this style exactly; side-view cutaway module language; no text/no labels/no UI; consistent line weight and colour temperature with reference."
small_reactor_t1__compact_reactor_core_sphere__idle,state_variant,small_reactor_t1,Small Reactor Core Room,power,1,compact_reactor_core_sphere,Compact Reactor Core Sphere,interactive,idle,p1,"Using the attached style reference and matching the base component exactly, create state variant 'idle' for component 'Compact Reactor Core Sphere' in 'Small Reactor Core Room'. Change only state cues: stable indicator lights, neutral glow, no motion cues. Preserve camera, scale, line weight, material details. No text, no labels, no UI. match this style exactly; side-view cutaway module language; no text/no labels/no UI; consistent line weight and colour temperature with reference."
small_reactor_t1__indicator_control_panels_pair__active,state_variant,small_reactor_t1,Small Reactor Core Room,power,1,indicator_control_panels_pair,Indicator Control Panels,interactive,active,p1,"Using the attached style reference and matching the base component exactly, create state variant 'active' for component 'Indicator Control Panels' in 'Small Reactor Core Room'. Change only state cues: brighter active glow, subtle motion/energy cues, engaged indicators. Preserve camera, scale, line weight, material details. No text, no labels, no UI. match this style exactly; side-view cutaway module language; no text/no labels/no UI; consistent line weight and colour temperature with reference."
small_reactor_t1__indicator_control_panels_pair__cooldown,state_variant,small_reactor_t1,Small Reactor Core Room,power,1,indicator_control_panels_pair,Indicator Control Panels,interactive,cooldown,p1,"Using the attached style reference and matching the base component exactly, create state variant 'cooldown' for component 'Indicator Control Panels' in 'Small Reactor Core Room'. Change only state cues: reduced glow with cooling/venting cues and amber warning flicker. Preserve camera, scale, line weight, material details. No text, no labels, no UI. match this style exactly; side-view cutaway module language; no text/no labels/no UI; consistent line weight and colour temperature with reference."
small_reactor_t1__indicator_control_panels_pair__damaged,state_variant,small_reactor_t1,Small Reactor Core Room,power,1,indicator_control_panels_pair,Indicator Control Panels,interactive,damaged,p1,"Using the attached style reference and matching the base component exactly, create state variant 'damaged' for component 'Indicator Control Panels' in 'Small Reactor Core Room'. Change only state cues: visible wear, sparks or cracks, warning lights and degraded output. Preserve camera, scale, line weight, material details. No text, no labels, no UI. match this style exactly; side-view cutaway module language; no text/no labels/no UI; consistent line weight and colour temperature with reference."
small_reactor_t1__indicator_control_panels_pair__depleted,state_variant,small_reactor_t1,Small Reactor Core Room,power,1,indicator_control_panels_pair,Indicator Control Panels,interactive,depleted,p1,"Using the attached style reference and matching the base component exactly, create state variant 'depleted' for component 'Indicator Control Panels' in 'Small Reactor Core Room'. Change only state cues: minimal or no glow, offline indicators, depleted resource cues. Preserve camera, scale, line weight, material details. No text, no labels, no UI. match this style exactly; side-view cutaway module language; no text/no labels/no UI; consistent line weight and colour temperature with reference."
small_reactor_t1__indicator_control_panels_pair__idle,state_variant,small_reactor_t1,Small Reactor Core Room,power,1,indicator_control_panels_pair,Indicator Control Panels,interactive,idle,p1,"Using the attached style reference and matching the base component exactly, create state variant 'idle' for component 'Indicator Control Panels' in 'Small Reactor Core Room'. Change only state cues: stable indicator lights, neutral glow, no motion cues. Preserve camera, scale, line weight, material details. No text, no labels, no UI. match this style exactly; side-view cutaway module language; no text/no labels/no UI; consistent line weight and colour temperature with reference."
small_reactor_t1__power_output_terminal__active,state_variant,small_reactor_t1,Small Reactor Core Room,power,1,power_output_terminal,Power Output Terminal,interactive,active,p1,"Using the attached style reference and matching the base component exactly, create state variant 'active' for component 'Power Output Terminal' in 'Small Reactor Core Room'. Change only state cues: brighter active glow, subtle motion/energy cues, engaged indicators. Preserve camera, scale, line weight, material details. No text, no labels, no UI. match this style exactly; side-view cutaway module language; no text/no labels/no UI; consistent line weight and colour temperature with reference."
small_reactor_t1__power_output_terminal__cooldown,state_variant,small_reactor_t1,Small Reactor Core Room,power,1,power_output_terminal,Power Output Terminal,interactive,cooldown,p1,"Using the attached style reference and matching the base component exactly, create state variant 'cooldown' for component 'Power Output Terminal' in 'Small Reactor Core Room'. Change only state cues: reduced glow with cooling/venting cues and amber warning flicker. Preserve camera, scale, line weight, material details. No text, no labels, no UI. match this style exactly; side-view cutaway module language; no text/no labels/no UI; consistent line weight and colour temperature with reference."
small_reactor_t1__power_output_terminal__damaged,state_variant,small_reactor_t1,Small Reactor Core Room,power,1,power_output_terminal,Power Output Terminal,interactive,damaged,p1,"Using the attached style reference and matching the base component exactly, create state variant 'damaged' for component 'Power Output Terminal' in 'Small Reactor Core Room'. Change only state cues: visible wear, sparks or cracks, warning lights and degraded output. Preserve camera, scale, line weight, material details. No text, no labels, no UI. match this style exactly; side-view cutaway module language; no text/no labels/no UI; consistent line weight and colour temperature with reference."
small_reactor_t1__power_output_terminal__depleted,state_variant,small_reactor_t1,Small Reactor Core Room,power,1,power_output_terminal,Power Output Terminal,interactive,depleted,p1,"Using the attached style reference and matching the base component exactly, create state variant 'depleted' for component 'Power Output Terminal' in 'Small Reactor Core Room'. Change only state cues: minimal or no glow, offline indicators, depleted resource cues. Preserve camera, scale, line weight, material details. No text, no labels, no UI. match this style exactly; side-view cutaway module language; no text/no labels/no UI; consistent line weight and colour temperature with reference."
small_reactor_t1__power_output_terminal__idle,state_variant,small_reactor_t1,Small Reactor Core Room,power,1,power_output_terminal,Power Output Terminal,interactive,idle,p1,"Using the attached style reference and matching the base component exactly, create state variant 'idle' for component 'Power Output Terminal' in 'Small Reactor Core Room'. Change only state cues: stable indicator lights, neutral glow, no motion cues. Preserve camera, scale, line weight, material details. No text, no labels, no UI. match this style exactly; side-view cutaway module language; no text/no labels/no UI; consistent line weight and colour temperature with reference."
small_reactor_t1__room_composite__v1,room_composite,small_reactor_t1,Small Reactor Core Room,power,1,room_composite,Room Composite,composite,base,p0,"Using the attached style reference, compose one 2:1 spacecraft room tile for 'Small Reactor Core Room' using these components: reactor_housing_cylinder, wall_conduit_trunk_lines, compact_reactor_core_sphere, indicator_control_panels_pair, power_output_terminal. Keep module shell rectangular with flat top/bottom for stacking. Include only listed components and consistent accent lighting. No text, no labels, no UI, no rocket exterior. match this style exactly; side-view cutaway module language; no text/no labels/no UI; consistent line weight and colour temperature with reference."
small_tank_t1__dual_tank_mounts__base,component,small_tank_t1,Small Fuel Tank Room,fuel,1,dual_tank_mounts,dual tank mounts,structural,base,p1,"Using the attached style reference, create a single isolated room component sprite for a spacecraft dollhouse interior system. Component: dual_tank_mounts. Category: Small Fuel Tank Room. Side-view cross-section, clean cutout silhouette, no text, no labels, no UI, no characters. Designed for 2:1 room tile composition. match this style exactly; side-view cutaway module language; no text/no labels/no UI; consistent line weight and colour temperature with reference."
small_tank_t1__floor_fuel_line_routing__base,component,small_tank_t1,Small Fuel Tank Room,fuel,1,floor_fuel_line_routing,floor fuel line routing,structural,base,p1,"Using the attached style reference, create a single isolated room component sprite for a spacecraft dollhouse interior system. Component: floor_fuel_line_routing. Category: Small Fuel Tank Room. Side-view cross-section, clean cutout silhouette, no text, no labels, no UI, no characters. Designed for 2:1 room tile composition. match this style exactly; side-view cutaway module language; no text/no labels/no UI; consistent line weight and colour temperature with reference."
small_tank_t1__frosted_fuel_viewport_small__base,component,small_tank_t1,Small Fuel Tank Room,fuel,1,frosted_fuel_viewport_small,Frosted Fuel Viewport,interactive,base,p0,"Using the attached style reference, create a single isolated room component sprite for a spacecraft dollhouse interior system. Component: Frosted Fuel Viewport. Category: Small Fuel Tank Room. Side-view cross-section, clean cutout silhouette, no text, no labels, no UI, no characters. Designed for 2:1 room tile composition. match this style exactly; side-view cutaway module language; no text/no labels/no UI; consistent line weight and colour temperature with reference."
small_tank_t1__fuel_tanks_dual__base,component,small_tank_t1,Small Fuel Tank Room,fuel,1,fuel_tanks_dual,Dual Fuel Tanks,interactive,base,p0,"Using the attached style reference, create a single isolated room component sprite for a spacecraft dollhouse interior system. Component: Dual Fuel Tanks. Category: Small Fuel Tank Room. Side-view cross-section, clean cutout silhouette, no text, no labels, no UI, no characters. Designed for 2:1 room tile composition. match this style exactly; side-view cutaway module language; no text/no labels/no UI; consistent line weight and colour temperature with reference."
small_tank_t1__pressure_gauges_pair__base,component,small_tank_t1,Small Fuel Tank Room,fuel,1,pressure_gauges_pair,Pressure Gauges,interactive,base,p0,"Using the attached style reference, create a single isolated room component sprite for a spacecraft dollhouse interior system. Component: Pressure Gauges. Category: Small Fuel Tank Room. Side-view cross-section, clean cutout silhouette, no text, no labels, no UI, no characters. Designed for 2:1 room tile composition. match this style exactly; side-view cutaway module language; no text/no labels/no UI; consistent line weight and colour temperature with reference."
small_tank_t1__valve_panel__base,component,small_tank_t1,Small Fuel Tank Room,fuel,1,valve_panel,Valve Panel,interactive,base,p0,"Using the attached style reference, create a single isolated room component sprite for a spacecraft dollhouse interior system. Component: Valve Panel. Category: Small Fuel Tank Room. Side-view cross-section, clean cutout silhouette, no text, no labels, no UI, no characters. Designed for 2:1 room tile composition. match this style exactly; side-view cutaway module language; no text/no labels/no UI; consistent line weight and colour temperature with reference."
small_tank_t1__frosted_fuel_viewport_small__active,state_variant,small_tank_t1,Small Fuel Tank Room,fuel,1,frosted_fuel_viewport_small,Frosted Fuel Viewport,interactive,active,p1,"Using the attached style reference and matching the base component exactly, create state variant 'active' for component 'Frosted Fuel Viewport' in 'Small Fuel Tank Room'. Change only state cues: brighter active glow, subtle motion/energy cues, engaged indicators. Preserve camera, scale, line weight, material details. No text, no labels, no UI. match this style exactly; side-view cutaway module language; no text/no labels/no UI; consistent line weight and colour temperature with reference."
small_tank_t1__frosted_fuel_viewport_small__cooldown,state_variant,small_tank_t1,Small Fuel Tank Room,fuel,1,frosted_fuel_viewport_small,Frosted Fuel Viewport,interactive,cooldown,p1,"Using the attached style reference and matching the base component exactly, create state variant 'cooldown' for component 'Frosted Fuel Viewport' in 'Small Fuel Tank Room'. Change only state cues: reduced glow with cooling/venting cues and amber warning flicker. Preserve camera, scale, line weight, material details. No text, no labels, no UI. match this style exactly; side-view cutaway module language; no text/no labels/no UI; consistent line weight and colour temperature with reference."
small_tank_t1__frosted_fuel_viewport_small__damaged,state_variant,small_tank_t1,Small Fuel Tank Room,fuel,1,frosted_fuel_viewport_small,Frosted Fuel Viewport,interactive,damaged,p1,"Using the attached style reference and matching the base component exactly, create state variant 'damaged' for component 'Frosted Fuel Viewport' in 'Small Fuel Tank Room'. Change only state cues: visible wear, sparks or cracks, warning lights and degraded output. Preserve camera, scale, line weight, material details. No text, no labels, no UI. match this style exactly; side-view cutaway module language; no text/no labels/no UI; consistent line weight and colour temperature with reference."
small_tank_t1__frosted_fuel_viewport_small__depleted,state_variant,small_tank_t1,Small Fuel Tank Room,fuel,1,frosted_fuel_viewport_small,Frosted Fuel Viewport,interactive,depleted,p1,"Using the attached style reference and matching the base component exactly, create state variant 'depleted' for component 'Frosted Fuel Viewport' in 'Small Fuel Tank Room'. Change only state cues: minimal or no glow, offline indicators, depleted resource cues. Preserve camera, scale, line weight, material details. No text, no labels, no UI. match this style exactly; side-view cutaway module language; no text/no labels/no UI; consistent line weight and colour temperature with reference."
small_tank_t1__frosted_fuel_viewport_small__idle,state_variant,small_tank_t1,Small Fuel Tank Room,fuel,1,frosted_fuel_viewport_small,Frosted Fuel Viewport,interactive,idle,p1,"Using the attached style reference and matching the base component exactly, create state variant 'idle' for component 'Frosted Fuel Viewport' in 'Small Fuel Tank Room'. Change only state cues: stable indicator lights, neutral glow, no motion cues. Preserve camera, scale, line weight, material details. No text, no labels, no UI. match this style exactly; side-view cutaway module language; no text/no labels/no UI; consistent line weight and colour temperature with reference."
small_tank_t1__fuel_tanks_dual__active,state_variant,small_tank_t1,Small Fuel Tank Room,fuel,1,fuel_tanks_dual,Dual Fuel Tanks,interactive,active,p1,"Using the attached style reference and matching the base component exactly, create state variant 'active' for component 'Dual Fuel Tanks' in 'Small Fuel Tank Room'. Change only state cues: brighter active glow, subtle motion/energy cues, engaged indicators. Preserve camera, scale, line weight, material details. No text, no labels, no UI. match this style exactly; side-view cutaway module language; no text/no labels/no UI; consistent line weight and colour temperature with reference."
small_tank_t1__fuel_tanks_dual__cooldown,state_variant,small_tank_t1,Small Fuel Tank Room,fuel,1,fuel_tanks_dual,Dual Fuel Tanks,interactive,cooldown,p1,"Using the attached style reference and matching the base component exactly, create state variant 'cooldown' for component 'Dual Fuel Tanks' in 'Small Fuel Tank Room'. Change only state cues: reduced glow with cooling/venting cues and amber warning flicker. Preserve camera, scale, line weight, material details. No text, no labels, no UI. match this style exactly; side-view cutaway module language; no text/no labels/no UI; consistent line weight and colour temperature with reference."
small_tank_t1__fuel_tanks_dual__damaged,state_variant,small_tank_t1,Small Fuel Tank Room,fuel,1,fuel_tanks_dual,Dual Fuel Tanks,interactive,damaged,p1,"Using the attached style reference and matching the base component exactly, create state variant 'damaged' for component 'Dual Fuel Tanks' in 'Small Fuel Tank Room'. Change only state cues: visible wear, sparks or cracks, warning lights and degraded output. Preserve camera, scale, line weight, material details. No text, no labels, no UI. match this style exactly; side-view cutaway module language; no text/no labels/no UI; consistent line weight and colour temperature with reference."
small_tank_t1__fuel_tanks_dual__depleted,state_variant,small_tank_t1,Small Fuel Tank Room,fuel,1,fuel_tanks_dual,Dual Fuel Tanks,interactive,depleted,p1,"Using the attached style reference and matching the base component exactly, create state variant 'depleted' for component 'Dual Fuel Tanks' in 'Small Fuel Tank Room'. Change only state cues: minimal or no glow, offline indicators, depleted resource cues. Preserve camera, scale, line weight, material details. No text, no labels, no UI. match this style exactly; side-view cutaway module language; no text/no labels/no UI; consistent line weight and colour temperature with reference."
small_tank_t1__fuel_tanks_dual__idle,state_variant,small_tank_t1,Small Fuel Tank Room,fuel,1,fuel_tanks_dual,Dual Fuel Tanks,interactive,idle,p1,"Using the attached style reference and matching the base component exactly, create state variant 'idle' for component 'Dual Fuel Tanks' in 'Small Fuel Tank Room'. Change only state cues: stable indicator lights, neutral glow, no motion cues. Preserve camera, scale, line weight, material details. No text, no labels, no UI. match this style exactly; side-view cutaway module language; no text/no labels/no UI; consistent line weight and colour temperature with reference."
small_tank_t1__pressure_gauges_pair__active,state_variant,small_tank_t1,Small Fuel Tank Room,fuel,1,pressure_gauges_pair,Pressure Gauges,interactive,active,p1,"Using the attached style reference and matching the base component exactly, create state variant 'active' for component 'Pressure Gauges' in 'Small Fuel Tank Room'. Change only state cues: brighter active glow, subtle motion/energy cues, engaged indicators. Preserve camera, scale, line weight, material details. No text, no labels, no UI. match this style exactly; side-view cutaway module language; no text/no labels/no UI; consistent line weight and colour temperature with reference."
small_tank_t1__pressure_gauges_pair__cooldown,state_variant,small_tank_t1,Small Fuel Tank Room,fuel,1,pressure_gauges_pair,Pressure Gauges,interactive,cooldown,p1,"Using the attached style reference and matching the base component exactly, create state variant 'cooldown' for component 'Pressure Gauges' in 'Small Fuel Tank Room'. Change only state cues: reduced glow with cooling/venting cues and amber warning flicker. Preserve camera, scale, line weight, material details. No text, no labels, no UI. match this style exactly; side-view cutaway module language; no text/no labels/no UI; consistent line weight and colour temperature with reference."
small_tank_t1__pressure_gauges_pair__damaged,state_variant,small_tank_t1,Small Fuel Tank Room,fuel,1,pressure_gauges_pair,Pressure Gauges,interactive,damaged,p1,"Using the attached style reference and matching the base component exactly, create state variant 'damaged' for component 'Pressure Gauges' in 'Small Fuel Tank Room'. Change only state cues: visible wear, sparks or cracks, warning lights and degraded output. Preserve camera, scale, line weight, material details. No text, no labels, no UI. match this style exactly; side-view cutaway module language; no text/no labels/no UI; consistent line weight and colour temperature with reference."
small_tank_t1__pressure_gauges_pair__depleted,state_variant,small_tank_t1,Small Fuel Tank Room,fuel,1,pressure_gauges_pair,Pressure Gauges,interactive,depleted,p1,"Using the attached style reference and matching the base component exactly, create state variant 'depleted' for component 'Pressure Gauges' in 'Small Fuel Tank Room'. Change only state cues: minimal or no glow, offline indicators, depleted resource cues. Preserve camera, scale, line weight, material details. No text, no labels, no UI. match this style exactly; side-view cutaway module language; no text/no labels/no UI; consistent line weight and colour temperature with reference."
small_tank_t1__pressure_gauges_pair__idle,state_variant,small_tank_t1,Small Fuel Tank Room,fuel,1,pressure_gauges_pair,Pressure Gauges,interactive,idle,p1,"Using the attached style reference and matching the base component exactly, create state variant 'idle' for component 'Pressure Gauges' in 'Small Fuel Tank Room'. Change only state cues: stable indicator lights, neutral glow, no motion cues. Preserve camera, scale, line weight, material details. No text, no labels, no UI. match this style exactly; side-view cutaway module language; no text/no labels/no UI; consistent line weight and colour temperature with reference."
small_tank_t1__valve_panel__active,state_variant,small_tank_t1,Small Fuel Tank Room,fuel,1,valve_panel,Valve Panel,interactive,active,p1,"Using the attached style reference and matching the base component exactly, create state variant 'active' for component 'Valve Panel' in 'Small Fuel Tank Room'. Change only state cues: brighter active glow, subtle motion/energy cues, engaged indicators. Preserve camera, scale, line weight, material details. No text, no labels, no UI. match this style exactly; side-view cutaway module language; no text/no labels/no UI; consistent line weight and colour temperature with reference."
small_tank_t1__valve_panel__cooldown,state_variant,small_tank_t1,Small Fuel Tank Room,fuel,1,valve_panel,Valve Panel,interactive,cooldown,p1,"Using the attached style reference and matching the base component exactly, create state variant 'cooldown' for component 'Valve Panel' in 'Small Fuel Tank Room'. Change only state cues: reduced glow with cooling/venting cues and amber warning flicker. Preserve camera, scale, line weight, material details. No text, no labels, no UI. match this style exactly; side-view cutaway module language; no text/no labels/no UI; consistent line weight and colour temperature with reference."
small_tank_t1__valve_panel__damaged,state_variant,small_tank_t1,Small Fuel Tank Room,fuel,1,valve_panel,Valve Panel,interactive,damaged,p1,"Using the attached style reference and matching the base component exactly, create state variant 'damaged' for component 'Valve Panel' in 'Small Fuel Tank Room'. Change only state cues: visible wear, sparks or cracks, warning lights and degraded output. Preserve camera, scale, line weight, material details. No text, no labels, no UI. match this style exactly; side-view cutaway module language; no text/no labels/no UI; consistent line weight and colour temperature with reference."
small_tank_t1__valve_panel__depleted,state_variant,small_tank_t1,Small Fuel Tank Room,fuel,1,valve_panel,Valve Panel,interactive,depleted,p1,"Using the attached style reference and matching the base component exactly, create state variant 'depleted' for component 'Valve Panel' in 'Small Fuel Tank Room'. Change only state cues: minimal or no glow, offline indicators, depleted resource cues. Preserve camera, scale, line weight, material details. No text, no labels, no UI. match this style exactly; side-view cutaway module language; no text/no labels/no UI; consistent line weight and colour temperature with reference."
small_tank_t1__valve_panel__idle,state_variant,small_tank_t1,Small Fuel Tank Room,fuel,1,valve_panel,Valve Panel,interactive,idle,p1,"Using the attached style reference and matching the base component exactly, create state variant 'idle' for component 'Valve Panel' in 'Small Fuel Tank Room'. Change only state cues: stable indicator lights, neutral glow, no motion cues. Preserve camera, scale, line weight, material details. No text, no labels, no UI. match this style exactly; side-view cutaway module language; no text/no labels/no UI; consistent line weight and colour temperature with reference."
small_tank_t1__room_composite__v1,room_composite,small_tank_t1,Small Fuel Tank Room,fuel,1,room_composite,Room Composite,composite,base,p0,"Using the attached style reference, compose one 2:1 spacecraft room tile for 'Small Fuel Tank Room' using these components: dual_tank_mounts, floor_fuel_line_routing, fuel_tanks_dual, pressure_gauges_pair, valve_panel, frosted_fuel_viewport_small. Keep module shell rectangular with flat top/bottom for stacking. Include only listed components and consistent accent lighting. No text, no labels, no UI, no rocket exterior. match this style exactly; side-view cutaway module language; no text/no labels/no UI; consistent line weight and colour temperature with reference."
