asset_id,asset_type,room_id,room_name,category,tier,component_id,component_name,component_kind,state_key,priority,prompt
ablative_armour_t3__composite_multi_layer_wall__base,component,ablative_armour_t3,Ablative Armour Module,hull,3,composite_multi_layer_wall,composite multi layer wall,structural,base,p1,"Using the attached style reference, create a single isolated room component sprite for a spacecraft dollhouse interior system. Component: composite_multi_layer_wall. Category: Ablative Armour Module. Side-view cross-section, clean cutout silhouette, no text, no labels, no UI, no characters. Designed for 2:1 room tile composition. match this style exactly; side-view cutaway module language; no text/no labels/no UI; consistent line weight and colour temperature with reference."
ablative_armour_t3__heat_dissipation_fins__base,component,ablative_armour_t3,Ablative Armour Module,hull,3,heat_dissipation_fins,heat dissipation fins,structural,base,p1,"Using the attached style reference, create a single isolated room component sprite for a spacecraft dollhouse interior system. Component: heat_dissipation_fins. Category: Ablative Armour Module. Side-view cross-section, clean cutout silhouette, no text, no labels, no UI, no characters. Designed for 2:1 room tile composition. match this style exactly; side-view cutaway module language; no text/no labels/no UI; consistent line weight and colour temperature with reference."
ablative_armour_t3__nano_repair_node_array__base,component,ablative_armour_t3,Ablative Armour Module,hull,3,nano_repair_node_array,Nano-Repair Node Array,interactive,base,p0,"Using the attached style reference, create a single isolated room component sprite for a spacecraft dollhouse interior system. Component: Nano-Repair Node Array. Category: Ablative Armour Module. Side-view cross-section, clean cutout silhouette, no text, no labels, no UI, no characters. Designed for 2:1 room tile composition. match this style exactly; side-view cutaway module language; no text/no labels/no UI; consistent line weight and colour temperature with reference."
ablative_armour_t3__self_diagnostics_panel__base,component,ablative_armour_t3,Ablative Armour Module,hull,3,self_diagnostics_panel,Self-Diagnostics Panel,interactive,base,p0,"Using the attached style reference, create a single isolated room component sprite for a spacecraft dollhouse interior system. Component: Self-Diagnostics Panel. Category: Ablative Armour Module. Side-view cross-section, clean cutout silhouette, no text, no labels, no UI, no characters. Designed for 2:1 room tile composition. match this style exactly; side-view cutaway module language; no text/no labels/no UI; consistent line weight and colour temperature with reference."
ablative_armour_t3__nano_repair_node_array__active,state_variant,ablative_armour_t3,Ablative Armour Module,hull,3,nano_repair_node_array,Nano-Repair Node Array,interactive,active,p1,"Using the attached style reference and matching the base component exactly, create state variant 'active' for component 'Nano-Repair Node Array' in 'Ablative Armour Module'. Change only state cues: brighter active glow, subtle motion/energy cues, engaged indicators. Preserve camera, scale, line weight, material details. No text, no labels, no UI. match this style exactly; side-view cutaway module language; no text/no labels/no UI; consistent line weight and colour temperature with reference."
ablative_armour_t3__nano_repair_node_array__cooldown,state_variant,ablative_armour_t3,Ablative Armour Module,hull,3,nano_repair_node_array,Nano-Repair Node Array,interactive,cooldown,p1,"Using the attached style reference and matching the base component exactly, create state variant 'cooldown' for component 'Nano-Repair Node Array' in 'Ablative Armour Module'. Change only state cues: reduced glow with cooling/venting cues and amber warning flicker. Preserve camera, scale, line weight, material details. No text, no labels, no UI. match this style exactly; side-view cutaway module language; no text/no labels/no UI; consistent line weight and colour temperature with reference."
ablative_armour_t3__nano_repair_node_array__damaged,state_variant,ablative_armour_t3,Ablative Armour Module,hull,3,nano_repair_node_array,Nano-Repair Node Array,interactive,damaged,p1,"Using the attached style reference and matching the base component exactly, create state variant 'damaged' for component 'Nano-Repair Node Array' in 'Ablative Armour Module'. Change only state cues: visible wear, sparks or cracks, warning lights and degraded output. Preserve camera, scale, line weight, material details. No text, no labels, no UI. match this style exactly; side-view cutaway module language; no text/no labels/no UI; consistent line weight and colour temperature with reference."
ablative_armour_t3__nano_repair_node_array__depleted,state_variant,ablative_armour_t3,Ablative Armour Module,hull,3,nano_repair_node_array,Nano-Repair Node Array,interactive,depleted,p1,"Using the attached style reference and matching the base component exactly, create state variant 'depleted' for component 'Nano-Repair Node Array' in 'Ablative Armour Module'. Change only state cues: minimal or no glow, offline indicators, depleted resource cues. Preserve camera, scale, line weight, material details. No text, no labels, no UI. match this style exactly; side-view cutaway module language; no text/no labels/no UI; consistent line weight and colour temperature with reference."
ablative_armour_t3__nano_repair_node_array__idle,state_variant,ablative_armour_t3,Ablative Armour Module,hull,3,nano_repair_node_array,Nano-Repair Node Array,interactive,idle,p1,"Using the attached style reference and matching the base component exactly, create state variant 'idle' for component 'Nano-Repair Node Array' in 'Ablative Armour Module'. Change only state cues: stable indicator lights, neutral glow, no motion cues. Preserve camera, scale, line weight, material details. No text, no labels, no UI. match this style exactly; side-view cutaway module language; no text/no labels/no UI; consistent line weight and colour temperature with reference."
ablative_armour_t3__self_diagnostics_panel__active,state_variant,ablative_armour_t3,Ablative Armour Module,hull,3,self_diagnostics_panel,Self-Diagnostics Panel,interactive,active,p1,"Using the attached style reference and matching the base component exactly, create state variant 'active' for component 'Self-Diagnostics Panel' in 'Ablative Armour Module'. Change only state cues: brighter active glow, subtle motion/energy cues, engaged indicators. Preserve camera, scale, line weight, material details. No text, no labels, no UI. match this style exactly; side-view cutaway module language; no text/no labels/no UI; consistent line weight and colour temperature with reference."
ablative_armour_t3__self_diagnostics_panel__cooldown,state_variant,ablative_armour_t3,Ablative Armour Module,hull,3,self_diagnostics_panel,Self-Diagnostics Panel,interactive,cooldown,p1,"Using the attached style reference and matching the base component exactly, create state variant 'cooldown' for component 'Self-Diagnostics Panel' in 'Ablative Armour Module'. Change only state cues: reduced glow with cooling/venting cues and amber warning flicker. Preserve camera, scale, line weight, material details. No text, no labels, no UI. match this style exactly; side-view cutaway module language; no text/no labels/no UI; consistent line weight and colour temperature with reference."
ablative_armour_t3__self_diagnostics_panel__damaged,state_variant,ablative_armour_t3,Ablative Armour Module,hull,3,self_diagnostics_panel,Self-Diagnostics Panel,interactive,damaged,p1,"Using the attached style reference and matching the base component exactly, create state variant 'damaged' for component 'Self-Diagnostics Panel' in 'Ablative Armour Module'. Change only state cues: visible wear, sparks or cracks, warning lights and degraded output. Preserve camera, scale, line weight, material details. No text, no labels, no UI. match this style exactly; side-view cutaway module language; no text/no labels/no UI; consistent line weight and colour temperature with reference."
ablative_armour_t3__self_diagnostics_panel__depleted,state_variant,ablative_armour_t3,Ablative Armour Module,hull,3,self_diagnostics_panel,Self-Diagnostics Panel,interactive,depleted,p1,"Using the attached style reference and matching the base component exactly, create state variant 'depleted' for component 'Self-Diagnostics Panel' in 'Ablative Armour Module'. Change only state cues: minimal or no glow, offline indicators, depleted resource cues. Preserve camera, scale, line weight, material details. No text, no labels, no UI. match this style exactly; side-view cutaway module language; no text/no labels/no UI; consistent line weight and colour temperature with reference."
ablative_armour_t3__self_diagnostics_panel__idle,state_variant,ablative_armour_t3,Ablative Armour Module,hull,3,self_diagnostics_panel,Self-Diagnostics Panel,interactive,idle,p1,"Using the attached style reference and matching the base component exactly, create state variant 'idle' for component 'Self-Diagnostics Panel' in 'Ablative Armour Module'. Change only state cues: stable indicator lights, neutral glow, no motion cues. Preserve camera, scale, line weight, material details. No text, no labels, no UI. match this style exactly; side-view cutaway module language; no text/no labels/no UI; consistent line weight and colour temperature with reference."
ablative_armour_t3__room_composite__v1,room_composite,ablative_armour_t3,Ablative Armour Module,hull,3,room_composite,Room Composite,composite,base,p0,"Using the attached style reference, compose one 2:1 spacecraft room tile for 'Ablative Armour Module' using these components: composite_multi_layer_wall, heat_dissipation_fins, nano_repair_node_array, self_diagnostics_panel. Keep module shell rectangular with flat top/bottom for stacking. Include only listed components and consistent accent lighting. No text, no labels, no UI, no rocket exterior. match this style exactly; side-view cutaway module language; no text/no labels/no UI; consistent line weight and colour temperature with reference."
crew_quarters_t3__bunk_lighting_controls__base,component,crew_quarters_t3,Crew Quarters Module,habitation,3,bunk_lighting_controls,Bunk Lighting Controls,interactive,base,p0,"Using the attached style reference, create a single isolated room component sprite for a spacecraft dollhouse interior system. Component: Bunk Lighting Controls. Category: Crew Quarters Module. Side-view cross-section, clean cutout silhouette, no text, no labels, no UI, no characters. Designed for 2:1 room tile composition. match this style exactly; side-view cutaway module language; no text/no labels/no UI; consistent line weight and colour temperature with reference."
crew_quarters_t3__bunk_stack_frame__base,component,crew_quarters_t3,Crew Quarters Module,habitation,3,bunk_stack_frame,bunk stack frame,structural,base,p1,"Using the attached style reference, create a single isolated room component sprite for a spacecraft dollhouse interior system. Component: bunk_stack_frame. Category: Crew Quarters Module. Side-view cross-section, clean cutout silhouette, no text, no labels, no UI, no characters. Designed for 2:1 room tile composition. match this style exactly; side-view cutaway module language; no text/no labels/no UI; consistent line weight and colour temperature with reference."
crew_quarters_t3__crew_status_terminal__base,component,crew_quarters_t3,Crew Quarters Module,habitation,3,crew_status_terminal,Crew Status Terminal,interactive,base,p0,"Using the attached style reference, create a single isolated room component sprite for a spacecraft dollhouse interior system. Component: Crew Status Terminal. Category: Crew Quarters Module. Side-view cross-section, clean cutout silhouette, no text, no labels, no UI, no characters. Designed for 2:1 room tile composition. match this style exactly; side-view cutaway module language; no text/no labels/no UI; consistent line weight and colour temperature with reference."
crew_quarters_t3__hydration_station__base,component,crew_quarters_t3,Crew Quarters Module,habitation,3,hydration_station,Hydration Station,interactive,base,p0,"Using the attached style reference, create a single isolated room component sprite for a spacecraft dollhouse interior system. Component: Hydration Station. Category: Crew Quarters Module. Side-view cross-section, clean cutout silhouette, no text, no labels, no UI, no characters. Designed for 2:1 room tile composition. match this style exactly; side-view cutaway module language; no text/no labels/no UI; consistent line weight and colour temperature with reference."
crew_quarters_t3__personal_storage_lockers__base,component,crew_quarters_t3,Crew Quarters Module,habitation,3,personal_storage_lockers,personal storage lockers,structural,base,p1,"Using the attached style reference, create a single isolated room component sprite for a spacecraft dollhouse interior system. Component: personal_storage_lockers. Category: Crew Quarters Module. Side-view cross-section, clean cutout silhouette, no text, no labels, no UI, no characters. Designed for 2:1 room tile composition. match this style exactly; side-view cutaway module language; no text/no labels/no UI; consistent line weight and colour temperature with reference."
crew_quarters_t3__privacy_partition_walls__base,component,crew_quarters_t3,Crew Quarters Module,habitation,3,privacy_partition_walls,privacy partition walls,structural,base,p1,"Using the attached style reference, create a single isolated room component sprite for a spacecraft dollhouse interior system. Component: privacy_partition_walls. Category: Crew Quarters Module. Side-view cross-section, clean cutout silhouette, no text, no labels, no UI, no characters. Designed for 2:1 room tile composition. match this style exactly; side-view cutaway module language; no text/no labels/no UI; consistent line weight and colour temperature with reference."
crew_quarters_t3__bunk_lighting_controls__active,state_variant,crew_quarters_t3,Crew Quarters Module,habitation,3,bunk_lighting_controls,Bunk Lighting Controls,interactive,active,p1,"Using the attached style reference and matching the base component exactly, create state variant 'active' for component 'Bunk Lighting Controls' in 'Crew Quarters Module'. Change only state cues: brighter active glow, subtle motion/energy cues, engaged indicators. Preserve camera, scale, line weight, material details. No text, no labels, no UI. match this style exactly; side-view cutaway module language; no text/no labels/no UI; consistent line weight and colour temperature with reference."
crew_quarters_t3__bunk_lighting_controls__cooldown,state_variant,crew_quarters_t3,Crew Quarters Module,habitation,3,bunk_lighting_controls,Bunk Lighting Controls,interactive,cooldown,p1,"Using the attached style reference and matching the base component exactly, create state variant 'cooldown' for component 'Bunk Lighting Controls' in 'Crew Quarters Module'. Change only state cues: reduced glow with cooling/venting cues and amber warning flicker. Preserve camera, scale, line weight, material details. No text, no labels, no UI. match this style exactly; side-view cutaway module language; no text/no labels/no UI; consistent line weight and colour temperature with reference."
crew_quarters_t3__bunk_lighting_controls__damaged,state_variant,crew_quarters_t3,Crew Quarters Module,habitation,3,bunk_lighting_controls,Bunk Lighting Controls,interactive,damaged,p1,"Using the attached style reference and matching the base component exactly, create state variant 'damaged' for component 'Bunk Lighting Controls' in 'Crew Quarters Module'. Change only state cues: visible wear, sparks or cracks, warning lights and degraded output. Preserve camera, scale, line weight, material details. No text, no labels, no UI. match this style exactly; side-view cutaway module language; no text/no labels/no UI; consistent line weight and colour temperature with reference."
crew_quarters_t3__bunk_lighting_controls__depleted,state_variant,crew_quarters_t3,Crew Quarters Module,habitation,3,bunk_lighting_controls,Bunk Lighting Controls,interactive,depleted,p1,"Using the attached style reference and matching the base component exactly, create state variant 'depleted' for component 'Bunk Lighting Controls' in 'Crew Quarters Module'. Change only state cues: minimal or no glow, offline indicators, depleted resource cues. Preserve camera, scale, line weight, material details. No text, no labels, no UI. match this style exactly; side-view cutaway module language; no text/no labels/no UI; consistent line weight and colour temperature with reference."
crew_quarters_t3__bunk_lighting_controls__idle,state_variant,crew_quarters_t3,Crew Quarters Module,habitation,3,bunk_lighting_controls,Bunk Lighting Controls,interactive,idle,p1,"Using the attached style reference and matching the base component exactly, create state variant 'idle' for component 'Bunk Lighting Controls' in 'Crew Quarters Module'. Change only state cues: stable indicator lights, neutral glow, no motion cues. Preserve camera, scale, line weight, material details. No text, no labels, no UI. match this style exactly; side-view cutaway module language; no text/no labels/no UI; consistent line weight and colour temperature with reference."
crew_quarters_t3__crew_status_terminal__active,state_variant,crew_quarters_t3,Crew Quarters Module,habitation,3,crew_status_terminal,Crew Status Terminal,interactive,active,p1,"Using the attached style reference and matching the base component exactly, create state variant 'active' for component 'Crew Status Terminal' in 'Crew Quarters Module'. Change only state cues: brighter active glow, subtle motion/energy cues, engaged indicators. Preserve camera, scale, line weight, material details. No text, no labels, no UI. match this style exactly; side-view cutaway module language; no text/no labels/no UI; consistent line weight and colour temperature with reference."
crew_quarters_t3__crew_status_terminal__cooldown,state_variant,crew_quarters_t3,Crew Quarters Module,habitation,3,crew_status_terminal,Crew Status Terminal,interactive,cooldown,p1,"Using the attached style reference and matching the base component exactly, create state variant 'cooldown' for component 'Crew Status Terminal' in 'Crew Quarters Module'. Change only state cues: reduced glow with cooling/venting cues and amber warning flicker. Preserve camera, scale, line weight, material details. No text, no labels, no UI. match this style exactly; side-view cutaway module language; no text/no labels/no UI; consistent line weight and colour temperature with reference."
crew_quarters_t3__crew_status_terminal__damaged,state_variant,crew_quarters_t3,Crew Quarters Module,habitation,3,crew_status_terminal,Crew Status Terminal,interactive,damaged,p1,"Using the attached style reference and matching the base component exactly, create state variant 'damaged' for component 'Crew Status Terminal' in 'Crew Quarters Module'. Change only state cues: visible wear, sparks or cracks, warning lights and degraded output. Preserve camera, scale, line weight, material details. No text, no labels, no UI. match this style exactly; side-view cutaway module language; no text/no labels/no UI; consistent line weight and colour temperature with reference."
crew_quarters_t3__crew_status_terminal__depleted,state_variant,crew_quarters_t3,Crew Quarters Module,habitation,3,crew_status_terminal,Crew Status Terminal,interactive,depleted,p1,"Using the attached style reference and matching the base component exactly, create state variant 'depleted' for component 'Crew Status Terminal' in 'Crew Quarters Module'. Change only state cues: minimal or no glow, offline indicators, depleted resource cues. Preserve camera, scale, line weight, material details. No text, no labels, no UI. match this style exactly; side-view cutaway module language; no text/no labels/no UI; consistent line weight and colour temperature with reference."
crew_quarters_t3__crew_status_terminal__idle,state_variant,crew_quarters_t3,Crew Quarters Module,habitation,3,crew_status_terminal,Crew Status Terminal,interactive,idle,p1,"Using the attached style reference and matching the base component exactly, create state variant 'idle' for component 'Crew Status Terminal' in 'Crew Quarters Module'. Change only state cues: stable indicator lights, neutral glow, no motion cues. Preserve camera, scale, line weight, material details. No text, no labels, no UI. match this style exactly; side-view cutaway module language; no text/no labels/no UI; consistent line weight and colour temperature with reference."
crew_quarters_t3__hydration_station__active,state_variant,crew_quarters_t3,Crew Quarters Module,habitation,3,hydration_station,Hydration Station,interactive,active,p1,"Using the attached style reference and matching the base component exactly, create state variant 'active' for component 'Hydration Station' in 'Crew Quarters Module'. Change only state cues: brighter active glow, subtle motion/energy cues, engaged indicators. Preserve camera, scale, line weight, material details. No text, no labels, no UI. match this style exactly; side-view cutaway module language; no text/no labels/no UI; consistent line weight and colour temperature with reference."
crew_quarters_t3__hydration_station__cooldown,state_variant,crew_quarters_t3,Crew Quarters Module,habitation,3,hydration_station,Hydration Station,interactive,cooldown,p1,"Using the attached style reference and matching the base component exactly, create state variant 'cooldown' for component 'Hydration Station' in 'Crew Quarters Module'. Change only state cues: reduced glow with cooling/venting cues and amber warning flicker. Preserve camera, scale, line weight, material details. No text, no labels, no UI. match this style exactly; side-view cutaway module language; no text/no labels/no UI; consistent line weight and colour temperature with reference."
crew_quarters_t3__hydration_station__damaged,state_variant,crew_quarters_t3,Crew Quarters Module,habitation,3,hydration_station,Hydration Station,interactive,damaged,p1,"Using the attached style reference and matching the base component exactly, create state variant 'damaged' for component 'Hydration Station' in 'Crew Quarters Module'. Change only state cues: visible wear, sparks or cracks, warning lights and degraded output. Preserve camera, scale, line weight, material details. No text, no labels, no UI. match this style exactly; side-view cutaway module language; no text/no labels/no UI; consistent line weight and colour temperature with reference."
crew_quarters_t3__hydration_station__depleted,state_variant,crew_quarters_t3,Crew Quarters Module,habitation,3,hydration_station,Hydration Station,interactive,depleted,p1,"Using the attached style reference and matching the base component exactly, create state variant 'depleted' for component 'Hydration Station' in 'Crew Quarters Module'. Change only state cues: minimal or no glow, offline indicators, depleted resource cues. Preserve camera, scale, line weight, material details. No text, no labels, no UI. match this style exactly; side-view cutaway module language; no text/no labels/no UI; consistent line weight and colour temperature with reference."
crew_quarters_t3__hydration_station__idle,state_variant,crew_quarters_t3,Crew Quarters Module,habitation,3,hydration_station,Hydration Station,interactive,idle,p1,"Using the attached style reference and matching the base component exactly, create state variant 'idle' for component 'Hydration Station' in 'Crew Quarters Module'. Change only state cues: stable indicator lights, neutral glow, no motion cues. Preserve camera, scale, line weight, material details. No text, no labels, no UI. match this style exactly; side-view cutaway module language; no text/no labels/no UI; consistent line weight and colour temperature with reference."
crew_quarters_t3__room_composite__v1,room_composite,crew_quarters_t3,Crew Quarters Module,habitation,3,room_composite,Room Composite,composite,base,p0,"Using the attached style reference, compose one 2:1 spacecraft room tile for 'Crew Quarters Module' using these components: bunk_stack_frame, privacy_partition_walls, personal_storage_lockers, bunk_lighting_controls, crew_status_terminal, hydration_station. Keep module shell rectangular with flat top/bottom for stacking. Include only listed components and consistent accent lighting. No text, no labels, no UI, no rocket exterior. match this style exactly; side-view cutaway module language; no text/no labels/no UI; consistent line weight and colour temperature with reference."
fusion_reactor_t2__bolted_floor_plate__base,component,fusion_reactor_t2,Fusion Reactor Room,power,2,bolted_floor_plate,bolted floor plate,structural,base,p1,"Using the attached style reference, create a single isolated room component sprite for a spacecraft dollhouse interior system. Component: bolted_floor_plate. Category: Fusion Reactor Room. Side-view cross-section, clean cutout silhouette, no text, no labels, no UI, no characters. Designed for 2:1 room tile composition. match this style exactly; side-view cutaway module language; no text/no labels/no UI; consistent line weight and colour temperature with reference."
fusion_reactor_t2__containment_vessel_frame__base,component,fusion_reactor_t2,Fusion Reactor Room,power,2,containment_vessel_frame,containment vessel frame,structural,base,p1,"Using the attached style reference, create a single isolated room component sprite for a spacecraft dollhouse interior system. Component: containment_vessel_frame. Category: Fusion Reactor Room. Side-view cross-section, clean cutout silhouette, no text, no labels, no UI, no characters. Designed for 2:1 room tile composition. match this style exactly; side-view cutaway module language; no text/no labels/no UI; consistent line weight and colour temperature with reference."
fusion_reactor_t2__magenta_energy_orb__base,component,fusion_reactor_t2,Fusion Reactor Room,power,2,magenta_energy_orb,Magenta Energy Orb,interactive,base,p0,"Using the attached style reference, create a single isolated room component sprite for a spacecraft dollhouse interior system. Component: Magenta Energy Orb. Category: Fusion Reactor Room. Side-view cross-section, clean cutout silhouette, no text, no labels, no UI, no characters. Designed for 2:1 room tile composition. match this style exactly; side-view cutaway module language; no text/no labels/no UI; consistent line weight and colour temperature with reference."
fusion_reactor_t2__multi_screen_monitor_station__base,component,fusion_reactor_t2,Fusion Reactor Room,power,2,multi_screen_monitor_station,Multi-Screen Monitoring Station,interactive,base,p0,"Using the attached style reference, create a single isolated room component sprite for a spacecraft dollhouse interior system. Component: Multi-Screen Monitoring Station. Category: Fusion Reactor Room. Side-view cross-section, clean cutout silhouette, no text, no labels, no UI, no characters. Designed for 2:1 room tile composition. match this style exactly; side-view cutaway module language; no text/no labels/no UI; consistent line weight and colour temperature with reference."
fusion_reactor_t2__reinforced_glass_window__base,component,fusion_reactor_t2,Fusion Reactor Room,power,2,reinforced_glass_window,reinforced glass window,structural,base,p1,"Using the attached style reference, create a single isolated room component sprite for a spacecraft dollhouse interior system. Component: reinforced_glass_window. Category: Fusion Reactor Room. Side-view cross-section, clean cutout silhouette, no text, no labels, no UI, no characters. Designed for 2:1 room tile composition. match this style exactly; side-view cutaway module language; no text/no labels/no UI; consistent line weight and colour temperature with reference."
fusion_reactor_t2__thick_conduit_trunks__base,component,fusion_reactor_t2,Fusion Reactor Room,power,2,thick_conduit_trunks,thick conduit trunks,structural,base,p1,"Using the attached style reference, create a single isolated room component sprite for a spacecraft dollhouse interior system. Component: thick_conduit_trunks. Category: Fusion Reactor Room. Side-view cross-section, clean cutout silhouette, no text, no labels, no UI, no characters. Designed for 2:1 room tile composition. match this style exactly; side-view cutaway module language; no text/no labels/no UI; consistent line weight and colour temperature with reference."
fusion_reactor_t2__magenta_energy_orb__active,state_variant,fusion_reactor_t2,Fusion Reactor Room,power,2,magenta_energy_orb,Magenta Energy Orb,interactive,active,p1,"Using the attached style reference and matching the base component exactly, create state variant 'active' for component 'Magenta Energy Orb' in 'Fusion Reactor Room'. Change only state cues: brighter active glow, subtle motion/energy cues, engaged indicators. Preserve camera, scale, line weight, material details. No text, no labels, no UI. match this style exactly; side-view cutaway module language; no text/no labels/no UI; consistent line weight and colour temperature with reference."
fusion_reactor_t2__magenta_energy_orb__cooldown,state_variant,fusion_reactor_t2,Fusion Reactor Room,power,2,magenta_energy_orb,Magenta Energy Orb,interactive,cooldown,p1,"Using the attached style reference and matching the base component exactly, create state variant 'cooldown' for component 'Magenta Energy Orb' in 'Fusion Reactor Room'. Change only state cues: reduced glow with cooling/venting cues and amber warning flicker. Preserve camera, scale, line weight, material details. No text, no labels, no UI. match this style exactly; side-view cutaway module language; no text/no labels/no UI; consistent line weight and colour temperature with reference."
fusion_reactor_t2__magenta_energy_orb__damaged,state_variant,fusion_reactor_t2,Fusion Reactor Room,power,2,magenta_energy_orb,Magenta Energy Orb,interactive,damaged,p1,"Using the attached style reference and matching the base component exactly, create state variant 'damaged' for component 'Magenta Energy Orb' in 'Fusion Reactor Room'. Change only state cues: visible wear, sparks or cracks, warning lights and degraded output. Preserve camera, scale, line weight, material details. No text, no labels, no UI. match this style exactly; side-view cutaway module language; no text/no labels/no UI; consistent line weight and colour temperature with reference."
fusion_reactor_t2__magenta_energy_orb__depleted,state_variant,fusion_reactor_t2,Fusion Reactor Room,power,2,magenta_energy_orb,Magenta Energy Orb,interactive,depleted,p1,"Using the attached style reference and matching the base component exactly, create state variant 'depleted' for component 'Magenta Energy Orb' in 'Fusion Reactor Room'. Change only state cues: minimal or no glow, offline indicators, depleted resource cues. Preserve camera, scale, line weight, material details. No text, no labels, no UI. match this style exactly; side-view cutaway module language; no text/no labels/no UI; consistent line weight and colour temperature with reference."
fusion_reactor_t2__magenta_energy_orb__idle,state_variant,fusion_reactor_t2,Fusion Reactor Room,power,2,magenta_energy_orb,Magenta Energy Orb,interactive,idle,p1,"Using the attached style reference and matching the base component exactly, create state variant 'idle' for component 'Magenta Energy Orb' in 'Fusion Reactor Room'. Change only state cues: stable indicator lights, neutral glow, no motion cues. Preserve camera, scale, line weight, material details. No text, no labels, no UI. match this style exactly; side-view cutaway module language; no text/no labels/no UI; consistent line weight and colour temperature with reference."
fusion_reactor_t2__multi_screen_monitor_station__active,state_variant,fusion_reactor_t2,Fusion Reactor Room,power,2,multi_screen_monitor_station,Multi-Screen Monitoring Station,interactive,active,p1,"Using the attached style reference and matching the base component exactly, create state variant 'active' for component 'Multi-Screen Monitoring Station' in 'Fusion Reactor Room'. Change only state cues: brighter active glow, subtle motion/energy cues, engaged indicators. Preserve camera, scale, line weight, material details. No text, no labels, no UI. match this style exactly; side-view cutaway module language; no text/no labels/no UI; consistent line weight and colour temperature with reference."
fusion_reactor_t2__multi_screen_monitor_station__cooldown,state_variant,fusion_reactor_t2,Fusion Reactor Room,power,2,multi_screen_monitor_station,Multi-Screen Monitoring Station,interactive,cooldown,p1,"Using the attached style reference and matching the base component exactly, create state variant 'cooldown' for component 'Multi-Screen Monitoring Station' in 'Fusion Reactor Room'. Change only state cues: reduced glow with cooling/venting cues and amber warning flicker. Preserve camera, scale, line weight, material details. No text, no labels, no UI. match this style exactly; side-view cutaway module language; no text/no labels/no UI; consistent line weight and colour temperature with reference."
fusion_reactor_t2__multi_screen_monitor_station__damaged,state_variant,fusion_reactor_t2,Fusion Reactor Room,power,2,multi_screen_monitor_station,Multi-Screen Monitoring Station,interactive,damaged,p1,"Using the attached style reference and matching the base component exactly, create state variant 'damaged' for component 'Multi-Screen Monitoring Station' in 'Fusion Reactor Room'. Change only state cues: visible wear, sparks or cracks, warning lights and degraded output. Preserve camera, scale, line weight, material details. No text, no labels, no UI. match this style exactly; side-view cutaway module language; no text/no labels/no UI; consistent line weight and colour temperature with reference."
fusion_reactor_t2__multi_screen_monitor_station__depleted,state_variant,fusion_reactor_t2,Fusion Reactor Room,power,2,multi_screen_monitor_station,Multi-Screen Monitoring Station,interactive,depleted,p1,"Using the attached style reference and matching the base component exactly, create state variant 'depleted' for component 'Multi-Screen Monitoring Station' in 'Fusion Reactor Room'. Change only state cues: minimal or no glow, offline indicators, depleted resource cues. Preserve camera, scale, line weight, material details. No text, no labels, no UI. match this style exactly; side-view cutaway module language; no text/no labels/no UI; consistent line weight and colour temperature with reference."
fusion_reactor_t2__multi_screen_monitor_station__idle,state_variant,fusion_reactor_t2,Fusion Reactor Room,power,2,multi_screen_monitor_station,Multi-Screen Monitoring Station,interactive,idle,p1,"Using the attached style reference and matching the base component exactly, create state variant 'idle' for component 'Multi-Screen Monitoring Station' in 'Fusion Reactor Room'. Change only state cues: stable indicator lights, neutral glow, no motion cues. Preserve camera, scale, line weight, material details. No text, no labels, no UI. match this style exactly; side-view cutaway module language; no text/no labels/no UI; consistent line weight and colour temperature with reference."
fusion_reactor_t2__room_composite__v1,room_composite,fusion_reactor_t2,Fusion Reactor Room,power,2,room_composite,Room Composite,composite,base,p0,"Using the attached style reference, compose one 2:1 spacecraft room tile for 'Fusion Reactor Room' using these components: containment_vessel_frame, reinforced_glass_window, thick_conduit_trunks, bolted_floor_plate, magenta_energy_orb, multi_screen_monitor_station. Keep module shell rectangular with flat top/bottom for stacking. Include only listed components and consistent accent lighting. No text, no labels, no UI, no rocket exterior. match this style exactly; side-view cutaway module language; no text/no labels/no UI; consistent line weight and colour temperature with reference."
style_anchor_v1,style_anchor,global,Global Style Anchor,global,n/a,style_anchor,Style Anchor,reference,base,p0,"Side-view cross-section cutaway of a single spacecraft interior room module. Illustrated sci-fi game asset style — clean detailed linework, metallic silver-grey interior walls with visible panel seams and riveted bolts, recessed floor lighting strips, equipment glowing with coloured sci-fi accent lights. Dark background (#0D0B14 deep space purple, near-black). No text, no labels, no UI. The module is a rectangular tile — flat top and bottom edges so it can stack with other modules. Landscape 2:1 ratio. Consistent illustrated style like a mobile space exploration game concept art, similar to how Pixel Starships looks but rendered in a modern illustrated style rather than retro pixel art. Single module only, no rocket exterior visible. match this style exactly; side-view cutaway module language; no text/no labels/no UI; consistent line weight and colour temperature with reference."
shell_kit_high_v1,shell_kit,global,Global Shell Kit (high),global,n/a,shell_high,Room Shell high,structural,base,p0,"Using the attached style reference, create an empty spacecraft interior room shell component variant 'high' with metallic panel seams, floor light strips, and stackable flat top/bottom module edges. No major equipment. 2:1 side-view cross-section. match this style exactly; side-view cutaway module language; no text/no labels/no UI; consistent line weight and colour temperature with reference."
shell_kit_mid_v1,shell_kit,global,Global Shell Kit (mid),global,n/a,shell_mid,Room Shell mid,structural,base,p0,"Using the attached style reference, create an empty spacecraft interior room shell component variant 'mid' with metallic panel seams, floor light strips, and stackable flat top/bottom module edges. No major equipment. 2:1 side-view cross-section. match this style exactly; side-view cutaway module language; no text/no labels/no UI; consistent line weight and colour temperature with reference."
shell_kit_starter_v1,shell_kit,global,Global Shell Kit (starter),global,n/a,shell_starter,Room Shell starter,structural,base,p0,"Using the attached style reference, create an empty spacecraft interior room shell component variant 'starter' with metallic panel seams, floor light strips, and stackable flat top/bottom module edges. No major equipment. 2:1 side-view cross-section. match this style exactly; side-view cutaway module language; no text/no labels/no UI; consistent line weight and colour temperature with reference."
ion_drive_t3__electromagnetic_coil_casing__base,component,ion_drive_t3,Ion Drive Room,propulsion,3,electromagnetic_coil_casing,electromagnetic coil casing,structural,base,p1,"Using the attached style reference, create a single isolated room component sprite for a spacecraft dollhouse interior system. Component: electromagnetic_coil_casing. Category: Ion Drive Room. Side-view cross-section, clean cutout silhouette, no text, no labels, no UI, no characters. Designed for 2:1 room tile composition. match this style exactly; side-view cutaway module language; no text/no labels/no UI; consistent line weight and colour temperature with reference."
ion_drive_t3__ion_thruster_array__base,component,ion_drive_t3,Ion Drive Room,propulsion,3,ion_thruster_array,Ion Thruster Array,interactive,base,p0,"Using the attached style reference, create a single isolated room component sprite for a spacecraft dollhouse interior system. Component: Ion Thruster Array. Category: Ion Drive Room. Side-view cross-section, clean cutout silhouette, no text, no labels, no UI, no characters. Designed for 2:1 room tile composition. match this style exactly; side-view cutaway module language; no text/no labels/no UI; consistent line weight and colour temperature with reference."
ion_drive_t3__ion_thruster_housing__base,component,ion_drive_t3,Ion Drive Room,propulsion,3,ion_thruster_housing,ion thruster housing,structural,base,p1,"Using the attached style reference, create a single isolated room component sprite for a spacecraft dollhouse interior system. Component: ion_thruster_housing. Category: Ion Drive Room. Side-view cross-section, clean cutout silhouette, no text, no labels, no UI, no characters. Designed for 2:1 room tile composition. match this style exactly; side-view cutaway module language; no text/no labels/no UI; consistent line weight and colour temperature with reference."
ion_drive_t3__precision_computer_terminal__base,component,ion_drive_t3,Ion Drive Room,propulsion,3,precision_computer_terminal,Precision Computer Terminal,interactive,base,p0,"Using the attached style reference, create a single isolated room component sprite for a spacecraft dollhouse interior system. Component: Precision Computer Terminal. Category: Ion Drive Room. Side-view cross-section, clean cutout silhouette, no text, no labels, no UI, no characters. Designed for 2:1 room tile composition. match this style exactly; side-view cutaway module language; no text/no labels/no UI; consistent line weight and colour temperature with reference."
ion_drive_t3__xenon_canister_manifold__base,component,ion_drive_t3,Ion Drive Room,propulsion,3,xenon_canister_manifold,Xenon Canister Manifold,interactive,base,p0,"Using the attached style reference, create a single isolated room component sprite for a spacecraft dollhouse interior system. Component: Xenon Canister Manifold. Category: Ion Drive Room. Side-view cross-section, clean cutout silhouette, no text, no labels, no UI, no characters. Designed for 2:1 room tile composition. match this style exactly; side-view cutaway module language; no text/no labels/no UI; consistent line weight and colour temperature with reference."
ion_drive_t3__xenon_canister_rack__base,component,ion_drive_t3,Ion Drive Room,propulsion,3,xenon_canister_rack,xenon canister rack,structural,base,p1,"Using the attached style reference, create a single isolated room component sprite for a spacecraft dollhouse interior system. Component: xenon_canister_rack. Category: Ion Drive Room. Side-view cross-section, clean cutout silhouette, no text, no labels, no UI, no characters. Designed for 2:1 room tile composition. match this style exactly; side-view cutaway module language; no text/no labels/no UI; consistent line weight and colour temperature with reference."
ion_drive_t3__ion_thruster_array__active,state_variant,ion_drive_t3,Ion Drive Room,propulsion,3,ion_thruster_array,Ion Thruster Array,interactive,active,p1,"Using the attached style reference and matching the base component exactly, create state variant 'active' for component 'Ion Thruster Array' in 'Ion Drive Room'. Change only state cues: brighter active glow, subtle motion/energy cues, engaged indicators. Preserve camera, scale, line weight, material details. No text, no labels, no UI. match this style exactly; side-view cutaway module language; no text/no labels/no UI; consistent line weight and colour temperature with reference."
ion_drive_t3__ion_thruster_array__cooldown,state_variant,ion_drive_t3,Ion Drive Room,propulsion,3,ion_thruster_array,Ion Thruster Array,interactive,cooldown,p1,"Using the attached style reference and matching the base component exactly, create state variant 'cooldown' for component 'Ion Thruster Array' in 'Ion Drive Room'. Change only state cues: reduced glow with cooling/venting cues and amber warning flicker. Preserve camera, scale, line weight, material details. No text, no labels, no UI. match this style exactly; side-view cutaway module language; no text/no labels/no UI; consistent line weight and colour temperature with reference."
ion_drive_t3__ion_thruster_array__damaged,state_variant,ion_drive_t3,Ion Drive Room,propulsion,3,ion_thruster_array,Ion Thruster Array,interactive,damaged,p1,"Using the attached style reference and matching the base component exactly, create state variant 'damaged' for component 'Ion Thruster Array' in 'Ion Drive Room'. Change only state cues: visible wear, sparks or cracks, warning lights and degraded output. Preserve camera, scale, line weight, material details. No text, no labels, no UI. match this style exactly; side-view cutaway module language; no text/no labels/no UI; consistent line weight and colour temperature with reference."
ion_drive_t3__ion_thruster_array__depleted,state_variant,ion_drive_t3,Ion Drive Room,propulsion,3,ion_thruster_array,Ion Thruster Array,interactive,depleted,p1,"Using the attached style reference and matching the base component exactly, create state variant 'depleted' for component 'Ion Thruster Array' in 'Ion Drive Room'. Change only state cues: minimal or no glow, offline indicators, depleted resource cues. Preserve camera, scale, line weight, material details. No text, no labels, no UI. match this style exactly; side-view cutaway module language; no text/no labels/no UI; consistent line weight and colour temperature with reference."
ion_drive_t3__ion_thruster_array__idle,state_variant,ion_drive_t3,Ion Drive Room,propulsion,3,ion_thruster_array,Ion Thruster Array,interactive,idle,p1,"Using the attached style reference and matching the base component exactly, create state variant 'idle' for component 'Ion Thruster Array' in 'Ion Drive Room'. Change only state cues: stable indicator lights, neutral glow, no motion cues. Preserve camera, scale, line weight, material details. No text, no labels, no UI. match this style exactly; side-view cutaway module language; no text/no labels/no UI; consistent line weight and colour temperature with reference."
ion_drive_t3__precision_computer_terminal__active,state_variant,ion_drive_t3,Ion Drive Room,propulsion,3,precision_computer_terminal,Precision Computer Terminal,interactive,active,p1,"Using the attached style reference and matching the base component exactly, create state variant 'active' for component 'Precision Computer Terminal' in 'Ion Drive Room'. Change only state cues: brighter active glow, subtle motion/energy cues, engaged indicators. Preserve camera, scale, line weight, material details. No text, no labels, no UI. match this style exactly; side-view cutaway module language; no text/no labels/no UI; consistent line weight and colour temperature with reference."
ion_drive_t3__precision_computer_terminal__cooldown,state_variant,ion_drive_t3,Ion Drive Room,propulsion,3,precision_computer_terminal,Precision Computer Terminal,interactive,cooldown,p1,"Using the attached style reference and matching the base component exactly, create state variant 'cooldown' for component 'Precision Computer Terminal' in 'Ion Drive Room'. Change only state cues: reduced glow with cooling/venting cues and amber warning flicker. Preserve camera, scale, line weight, material details. No text, no labels, no UI. match this style exactly; side-view cutaway module language; no text/no labels/no UI; consistent line weight and colour temperature with reference."
ion_drive_t3__precision_computer_terminal__damaged,state_variant,ion_drive_t3,Ion Drive Room,propulsion,3,precision_computer_terminal,Precision Computer Terminal,interactive,damaged,p1,"Using the attached style reference and matching the base component exactly, create state variant 'damaged' for component 'Precision Computer Terminal' in 'Ion Drive Room'. Change only state cues: visible wear, sparks or cracks, warning lights and degraded output. Preserve camera, scale, line weight, material details. No text, no labels, no UI. match this style exactly; side-view cutaway module language; no text/no labels/no UI; consistent line weight and colour temperature with reference."
ion_drive_t3__precision_computer_terminal__depleted,state_variant,ion_drive_t3,Ion Drive Room,propulsion,3,precision_computer_terminal,Precision Computer Terminal,interactive,depleted,p1,"Using the attached style reference and matching the base component exactly, create state variant 'depleted' for component 'Precision Computer Terminal' in 'Ion Drive Room'. Change only state cues: minimal or no glow, offline indicators, depleted resource cues. Preserve camera, scale, line weight, material details. No text, no labels, no UI. match this style exactly; side-view cutaway module language; no text/no labels/no UI; consistent line weight and colour temperature with reference."
ion_drive_t3__precision_computer_terminal__idle,state_variant,ion_drive_t3,Ion Drive Room,propulsion,3,precision_computer_terminal,Precision Computer Terminal,interactive,idle,p1,"Using the attached style reference and matching the base component exactly, create state variant 'idle' for component 'Precision Computer Terminal' in 'Ion Drive Room'. Change only state cues: stable indicator lights, neutral glow, no motion cues. Preserve camera, scale, line weight, material details. No text, no labels, no UI. match this style exactly; side-view cutaway module language; no text/no labels/no UI; consistent line weight and colour temperature with reference."
ion_drive_t3__xenon_canister_manifold__active,state_variant,ion_drive_t3,Ion Drive Room,propulsion,3,xenon_canister_manifold,Xenon Canister Manifold,interactive,active,p1,"Using the attached style reference and matching the base component exactly, create state variant 'active' for component 'Xenon Canister Manifold' in 'Ion Drive Room'. Change only state cues: brighter active glow, subtle motion/energy cues, engaged indicators. Preserve camera, scale, line weight, material details. No text, no labels, no UI. match this style exactly; side-view cutaway module language; no text/no labels/no UI; consistent line weight and colour temperature with reference."
ion_drive_t3__xenon_canister_manifold__cooldown,state_variant,ion_drive_t3,Ion Drive Room,propulsion,3,xenon_canister_manifold,Xenon Canister Manifold,interactive,cooldown,p1,"Using the attached style reference and matching the base component exactly, create state variant 'cooldown' for component 'Xenon Canister Manifold' in 'Ion Drive Room'. Change only state cues: reduced glow with cooling/venting cues and amber warning flicker. Preserve camera, scale, line weight, material details. No text, no labels, no UI. match this style exactly; side-view cutaway module language; no text/no labels/no UI; consistent line weight and colour temperature with reference."
ion_drive_t3__xenon_canister_manifold__damaged,state_variant,ion_drive_t3,Ion Drive Room,propulsion,3,xenon_canister_manifold,Xenon Canister Manifold,interactive,damaged,p1,"Using the attached style reference and matching the base component exactly, create state variant 'damaged' for component 'Xenon Canister Manifold' in 'Ion Drive Room'. Change only state cues: visible wear, sparks or cracks, warning lights and degraded output. Preserve camera, scale, line weight, material details. No text, no labels, no UI. match this style exactly; side-view cutaway module language; no text/no labels/no UI; consistent line weight and colour temperature with reference."
ion_drive_t3__xenon_canister_manifold__depleted,state_variant,ion_drive_t3,Ion Drive Room,propulsion,3,xenon_canister_manifold,Xenon Canister Manifold,interactive,depleted,p1,"Using the attached style reference and matching the base component exactly, create state variant 'depleted' for component 'Xenon Canister Manifold' in 'Ion Drive Room'. Change only state cues: minimal or no glow, offline indicators, depleted resource cues. Preserve camera, scale, line weight, material details. No text, no labels, no UI. match this style exactly; side-view cutaway module language; no text/no labels/no UI; consistent line weight and colour temperature with reference."
ion_drive_t3__xenon_canister_manifold__idle,state_variant,ion_drive_t3,Ion Drive Room,propulsion,3,xenon_canister_manifold,Xenon Canister Manifold,interactive,idle,p1,"Using the attached style reference and matching the base component exactly, create state variant 'idle' for component 'Xenon Canister Manifold' in 'Ion Drive Room'. Change only state cues: stable indicator lights, neutral glow, no motion cues. Preserve camera, scale, line weight, material details. No text, no labels, no UI. match this style exactly; side-view cutaway module language; no text/no labels/no UI; consistent line weight and colour temperature with reference."
ion_drive_t3__room_composite__v1,room_composite,ion_drive_t3,Ion Drive Room,propulsion,3,room_composite,Room Composite,composite,base,p0,"Using the attached style reference, compose one 2:1 spacecraft room tile for 'Ion Drive Room' using these components: ion_thruster_housing, electromagnetic_coil_casing, xenon_canister_rack, ion_thruster_array, precision_computer_terminal, xenon_canister_manifold. Keep module shell rectangular with flat top/bottom for stacking. Include only listed components and consistent accent lighting. No text, no labels, no UI, no rocket exterior. match this style exactly; side-view cutaway module language; no text/no labels/no UI; consistent line weight and colour temperature with reference."
life_support_t3__air_recycler_column__base,component,life_support_t3,Life Support Core Room,life_support,3,air_recycler_column,air recycler column,structural,base,p1,"Using the attached style reference, create a single isolated room component sprite for a spacecraft dollhouse interior system. Component: air_recycler_column. Category: Life Support Core Room. Side-view cross-section, clean cutout silhouette, no text, no labels, no UI, no characters. Designed for 2:1 room tile composition. match this style exactly; side-view cutaway module language; no text/no labels/no UI; consistent line weight and colour temperature with reference."
life_support_t3__atmosphere_duct_grid__base,component,life_support_t3,Life Support Core Room,life_support,3,atmosphere_duct_grid,atmosphere duct grid,structural,base,p1,"Using the attached style reference, create a single isolated room component sprite for a spacecraft dollhouse interior system. Component: atmosphere_duct_grid. Category: Life Support Core Room. Side-view cross-section, clean cutout silhouette, no text, no labels, no UI, no characters. Designed for 2:1 room tile composition. match this style exactly; side-view cutaway module language; no text/no labels/no UI; consistent line weight and colour temperature with reference."
life_support_t3__co2_filter_cartridge_rack__base,component,life_support_t3,Life Support Core Room,life_support,3,co2_filter_cartridge_rack,CO2 Filter Cartridge Rack,interactive,base,p0,"Using the attached style reference, create a single isolated room component sprite for a spacecraft dollhouse interior system. Component: CO2 Filter Cartridge Rack. Category: Life Support Core Room. Side-view cross-section, clean cutout silhouette, no text, no labels, no UI, no characters. Designed for 2:1 room tile composition. match this style exactly; side-view cutaway module language; no text/no labels/no UI; consistent line weight and colour temperature with reference."
life_support_t3__environment_console__base,component,life_support_t3,Life Support Core Room,life_support,3,environment_console,Environment Console,interactive,base,p0,"Using the attached style reference, create a single isolated room component sprite for a spacecraft dollhouse interior system. Component: Environment Console. Category: Life Support Core Room. Side-view cross-section, clean cutout silhouette, no text, no labels, no UI, no characters. Designed for 2:1 room tile composition. match this style exactly; side-view cutaway module language; no text/no labels/no UI; consistent line weight and colour temperature with reference."
life_support_t3__humidity_control_manifold__base,component,life_support_t3,Life Support Core Room,life_support,3,humidity_control_manifold,humidity control manifold,structural,base,p1,"Using the attached style reference, create a single isolated room component sprite for a spacecraft dollhouse interior system. Component: humidity_control_manifold. Category: Life Support Core Room. Side-view cross-section, clean cutout silhouette, no text, no labels, no UI, no characters. Designed for 2:1 room tile composition. match this style exactly; side-view cutaway module language; no text/no labels/no UI; consistent line weight and colour temperature with reference."
life_support_t3__oxygen_scrubber_bank__base,component,life_support_t3,Life Support Core Room,life_support,3,oxygen_scrubber_bank,Oxygen Scrubber Bank,interactive,base,p0,"Using the attached style reference, create a single isolated room component sprite for a spacecraft dollhouse interior system. Component: Oxygen Scrubber Bank. Category: Life Support Core Room. Side-view cross-section, clean cutout silhouette, no text, no labels, no UI, no characters. Designed for 2:1 room tile composition. match this style exactly; side-view cutaway module language; no text/no labels/no UI; consistent line weight and colour temperature with reference."
life_support_t3__co2_filter_cartridge_rack__active,state_variant,life_support_t3,Life Support Core Room,life_support,3,co2_filter_cartridge_rack,CO2 Filter Cartridge Rack,interactive,active,p1,"Using the attached style reference and matching the base component exactly, create state variant 'active' for component 'CO2 Filter Cartridge Rack' in 'Life Support Core Room'. Change only state cues: brighter active glow, subtle motion/energy cues, engaged indicators. Preserve camera, scale, line weight, material details. No text, no labels, no UI. match this style exactly; side-view cutaway module language; no text/no labels/no UI; consistent line weight and colour temperature with reference."
life_support_t3__co2_filter_cartridge_rack__cooldown,state_variant,life_support_t3,Life Support Core Room,life_support,3,co2_filter_cartridge_rack,CO2 Filter Cartridge Rack,interactive,cooldown,p1,"Using the attached style reference and matching the base component exactly, create state variant 'cooldown' for component 'CO2 Filter Cartridge Rack' in 'Life Support Core Room'. Change only state cues: reduced glow with cooling/venting cues and amber warning flicker. Preserve camera, scale, line weight, material details. No text, no labels, no UI. match this style exactly; side-view cutaway module language; no text/no labels/no UI; consistent line weight and colour temperature with reference."
life_support_t3__co2_filter_cartridge_rack__damaged,state_variant,life_support_t3,Life Support Core Room,life_support,3,co2_filter_cartridge_rack,CO2 Filter Cartridge Rack,interactive,damaged,p1,"Using the attached style reference and matching the base component exactly, create state variant 'damaged' for component 'CO2 Filter Cartridge Rack' in 'Life Support Core Room'. Change only state cues: visible wear, sparks or cracks, warning lights and degraded output. Preserve camera, scale, line weight, material details. No text, no labels, no UI. match this style exactly; side-view cutaway module language; no text/no labels/no UI; consistent line weight and colour temperature with reference."
life_support_t3__co2_filter_cartridge_rack__depleted,state_variant,life_support_t3,Life Support Core Room,life_support,3,co2_filter_cartridge_rack,CO2 Filter Cartridge Rack,interactive,depleted,p1,"Using the attached style reference and matching the base component exactly, create state variant 'depleted' for component 'CO2 Filter Cartridge Rack' in 'Life Support Core Room'. Change only state cues: minimal or no glow, offline indicators, depleted resource cues. Preserve camera, scale, line weight, material details. No text, no labels, no UI. match this style exactly; side-view cutaway module language; no text/no labels/no UI; consistent line weight and colour temperature with reference."
life_support_t3__co2_filter_cartridge_rack__idle,state_variant,life_support_t3,Life Support Core Room,life_support,3,co2_filter_cartridge_rack,CO2 Filter Cartridge Rack,interactive,idle,p1,"Using the attached style reference and matching the base component exactly, create state variant 'idle' for component 'CO2 Filter Cartridge Rack' in 'Life Support Core Room'. Change only state cues: stable indicator lights, neutral glow, no motion cues. Preserve camera, scale, line weight, material details. No text, no labels, no UI. match this style exactly; side-view cutaway module language; no text/no labels/no UI; consistent line weight and colour temperature with reference."
life_support_t3__environment_console__active,state_variant,life_support_t3,Life Support Core Room,life_support,3,environment_console,Environment Console,interactive,active,p1,"Using the attached style reference and matching the base component exactly, create state variant 'active' for component 'Environment Console' in 'Life Support Core Room'. Change only state cues: brighter active glow, subtle motion/energy cues, engaged indicators. Preserve camera, scale, line weight, material details. No text, no labels, no UI. match this style exactly; side-view cutaway module language; no text/no labels/no UI; consistent line weight and colour temperature with reference."
life_support_t3__environment_console__cooldown,state_variant,life_support_t3,Life Support Core Room,life_support,3,environment_console,Environment Console,interactive,cooldown,p1,"Using the attached style reference and matching the base component exactly, create state variant 'cooldown' for component 'Environment Console' in 'Life Support Core Room'. Change only state cues: reduced glow with cooling/venting cues and amber warning flicker. Preserve camera, scale, line weight, material details. No text, no labels, no UI. match this style exactly; side-view cutaway module language; no text/no labels/no UI; consistent line weight and colour temperature with reference."
life_support_t3__environment_console__damaged,state_variant,life_support_t3,Life Support Core Room,life_support,3,environment_console,Environment Console,interactive,damaged,p1,"Using the attached style reference and matching the base component exactly, create state variant 'damaged' for component 'Environment Console' in 'Life Support Core Room'. Change only state cues: visible wear, sparks or cracks, warning lights and degraded output. Preserve camera, scale, line weight, material details. No text, no labels, no UI. match this style exactly; side-view cutaway module language; no text/no labels/no UI; consistent line weight and colour temperature with reference."
life_support_t3__environment_console__depleted,state_variant,life_support_t3,Life Support Core Room,life_support,3,environment_console,Environment Console,interactive,depleted,p1,"Using the attached style reference and matching the base component exactly, create state variant 'depleted' for component 'Environment Console' in 'Life Support Core Room'. Change only state cues: minimal or no glow, offline indicators, depleted resource cues. Preserve camera, scale, line weight, material details. No text, no labels, no UI. match this style exactly; side-view cutaway module language; no text/no labels/no UI; consistent line weight and colour temperature with reference."
life_support_t3__environment_console__idle,state_variant,life_support_t3,Life Support Core Room,life_support,3,environment_console,Environment Console,interactive,idle,p1,"Using the attached style reference and matching the base component exactly, create state variant 'idle' for component 'Environment Console' in 'Life Support Core Room'. Change only state cues: stable indicator lights, neutral glow, no motion cues. Preserve camera, scale, line weight, material details. No text, no labels, no UI. match this style exactly; side-view cutaway module language; no text/no labels/no UI; consistent line weight and colour temperature with reference."
life_support_t3__oxygen_scrubber_bank__active,state_variant,life_support_t3,Life Support Core Room,life_support,3,oxygen_scrubber_bank,Oxygen Scrubber Bank,interactive,active,p1,"Using the attached style reference and matching the base component exactly, create state variant 'active' for component 'Oxygen Scrubber Bank' in 'Life Support Core Room'. Change only state cues: brighter active glow, subtle motion/energy cues, engaged indicators. Preserve camera, scale, line weight, material details. No text, no labels, no UI. match this style exactly; side-view cutaway module language; no text/no labels/no UI; consistent line weight and colour temperature with reference."
life_support_t3__oxygen_scrubber_bank__cooldown,state_variant,life_support_t3,Life Support Core Room,life_support,3,oxygen_scrubber_bank,Oxygen Scrubber Bank,interactive,cooldown,p1,"Using the attached style reference and matching the base component exactly, create state variant 'cooldown' for component 'Oxygen Scrubber Bank' in 'Life Support Core Room'. Change only state cues: reduced glow with cooling/venting cues and amber warning flicker. Preserve camera, scale, line weight, material details. No text, no labels, no UI. match this style exactly; side-view cutaway module language; no text/no labels/no UI; consistent line weight and colour temperature with reference."
life_support_t3__oxygen_scrubber_bank__damaged,state_variant,life_support_t3,Life Support Core Room,life_support,3,oxygen_scrubber_bank,Oxygen Scrubber Bank,interactive,damaged,p1,"Using the attached style reference and matching the base component exactly, create state variant 'damaged' for component 'Oxygen Scrubber Bank' in 'Life Support Core Room'. Change only state cues: visible wear, sparks or cracks, warning lights and degraded output. Preserve camera, scale, line weight, material details. No text, no labels, no UI. match this style exactly; side-view cutaway module language; no text/no labels/no UI; consistent line weight and colour temperature with reference."
life_support_t3__oxygen_scrubber_bank__depleted,state_variant,life_support_t3,Life Support Core Room,life_support,3,oxygen_scrubber_bank,Oxygen Scrubber Bank,interactive,depleted,p1,"Using the attached style reference and matching the base component exactly, create state variant 'depleted' for component 'Oxygen Scrubber Bank' in 'Life Support Core Room'. Change only state cues: minimal or no glow, offline indicators, depleted resource cues. Preserve camera, scale, line weight, material details. No text, no labels, no UI. match this style exactly; side-view cutaway module language; no text/no labels/no UI; consistent line weight and colour temperature with reference."
life_support_t3__oxygen_scrubber_bank__idle,state_variant,life_support_t3,Life Support Core Room,life_support,3,oxygen_scrubber_bank,Oxygen Scrubber Bank,interactive,idle,p1,"Using the attached style reference and matching the base component exactly, create state variant 'idle' for component 'Oxygen Scrubber Bank' in 'Life Support Core Room'. Change only state cues: stable indicator lights, neutral glow, no motion cues. Preserve camera, scale, line weight, material details. No text, no labels, no UI. match this style exactly; side-view cutaway module language; no text/no labels/no UI; consistent line weight and colour temperature with reference."
life_support_t3__room_composite__v1,room_composite,life_support_t3,Life Support Core Room,life_support,3,room_composite,Room Composite,composite,base,p0,"Using the attached style reference, compose one 2:1 spacecraft room tile for 'Life Support Core Room' using these components: air_recycler_column, atmosphere_duct_grid, humidity_control_manifold, oxygen_scrubber_bank, environment_console, co2_filter_cartridge_rack. Keep module shell rectangular with flat top/bottom for stacking. Include only listed components and consistent accent lighting. No text, no labels, no UI, no rocket exterior. match this style exactly; side-view cutaway module language; no text/no labels/no UI; consistent line weight and colour temperature with reference."
power_capacitor_t2__capacitor_cell_bank__base,component,power_capacitor_t2,Power Capacitor Room,power,2,capacitor_cell_bank,Capacitor Cell Bank,interactive,base,p0,"Using the attached style reference, create a single isolated room component sprite for a spacecraft dollhouse interior system. Component: Capacitor Cell Bank. Category: Power Capacitor Room. Side-view cross-section, clean cutout silhouette, no text, no labels, no UI, no characters. Designed for 2:1 room tile composition. match this style exactly; side-view cutaway module language; no text/no labels/no UI; consistent line weight and colour temperature with reference."
power_capacitor_t2__capacitor_rack_frame__base,component,power_capacitor_t2,Power Capacitor Room,power,2,capacitor_rack_frame,capacitor rack frame,structural,base,p1,"Using the attached style reference, create a single isolated room component sprite for a spacecraft dollhouse interior system. Component: capacitor_rack_frame. Category: Power Capacitor Room. Side-view cross-section, clean cutout silhouette, no text, no labels, no UI, no characters. Designed for 2:1 room tile composition. match this style exactly; side-view cutaway module language; no text/no labels/no UI; consistent line weight and colour temperature with reference."
power_capacitor_t2__ceiling_cable_runs__base,component,power_capacitor_t2,Power Capacitor Room,power,2,ceiling_cable_runs,ceiling cable runs,structural,base,p1,"Using the attached style reference, create a single isolated room component sprite for a spacecraft dollhouse interior system. Component: ceiling_cable_runs. Category: Power Capacitor Room. Side-view cross-section, clean cutout silhouette, no text, no labels, no UI, no characters. Designed for 2:1 room tile composition. match this style exactly; side-view cutaway module language; no text/no labels/no UI; consistent line weight and colour temperature with reference."
power_capacitor_t2__central_discharge_switch_panel__base,component,power_capacitor_t2,Power Capacitor Room,power,2,central_discharge_switch_panel,Central Discharge Switch Panel,interactive,base,p0,"Using the attached style reference, create a single isolated room component sprite for a spacecraft dollhouse interior system. Component: Central Discharge Switch Panel. Category: Power Capacitor Room. Side-view cross-section, clean cutout silhouette, no text, no labels, no UI, no characters. Designed for 2:1 room tile composition. match this style exactly; side-view cutaway module language; no text/no labels/no UI; consistent line weight and colour temperature with reference."
power_capacitor_t2__capacitor_cell_bank__active,state_variant,power_capacitor_t2,Power Capacitor Room,power,2,capacitor_cell_bank,Capacitor Cell Bank,interactive,active,p1,"Using the attached style reference and matching the base component exactly, create state variant 'active' for component 'Capacitor Cell Bank' in 'Power Capacitor Room'. Change only state cues: brighter active glow, subtle motion/energy cues, engaged indicators. Preserve camera, scale, line weight, material details. No text, no labels, no UI. match this style exactly; side-view cutaway module language; no text/no labels/no UI; consistent line weight and colour temperature with reference."
power_capacitor_t2__capacitor_cell_bank__cooldown,state_variant,power_capacitor_t2,Power Capacitor Room,power,2,capacitor_cell_bank,Capacitor Cell Bank,interactive,cooldown,p1,"Using the attached style reference and matching the base component exactly, create state variant 'cooldown' for component 'Capacitor Cell Bank' in 'Power Capacitor Room'. Change only state cues: reduced glow with cooling/venting cues and amber warning flicker. Preserve camera, scale, line weight, material details. No text, no labels, no UI. match this style exactly; side-view cutaway module language; no text/no labels/no UI; consistent line weight and colour temperature with reference."
power_capacitor_t2__capacitor_cell_bank__damaged,state_variant,power_capacitor_t2,Power Capacitor Room,power,2,capacitor_cell_bank,Capacitor Cell Bank,interactive,damaged,p1,"Using the attached style reference and matching the base component exactly, create state variant 'damaged' for component 'Capacitor Cell Bank' in 'Power Capacitor Room'. Change only state cues: visible wear, sparks or cracks, warning lights and degraded output. Preserve camera, scale, line weight, material details. No text, no labels, no UI. match this style exactly; side-view cutaway module language; no text/no labels/no UI; consistent line weight and colour temperature with reference."
power_capacitor_t2__capacitor_cell_bank__depleted,state_variant,power_capacitor_t2,Power Capacitor Room,power,2,capacitor_cell_bank,Capacitor Cell Bank,interactive,depleted,p1,"Using the attached style reference and matching the base component exactly, create state variant 'depleted' for component 'Capacitor Cell Bank' in 'Power Capacitor Room'. Change only state cues: minimal or no glow, offline indicators, depleted resource cues. Preserve camera, scale, line weight, material details. No text, no labels, no UI. match this style exactly; side-view cutaway module language; no text/no labels/no UI; consistent line weight and colour temperature with reference."
power_capacitor_t2__capacitor_cell_bank__idle,state_variant,power_capacitor_t2,Power Capacitor Room,power,2,capacitor_cell_bank,Capacitor Cell Bank,interactive,idle,p1,"Using the attached style reference and matching the base component exactly, create state variant 'idle' for component 'Capacitor Cell Bank' in 'Power Capacitor Room'. Change only state cues: stable indicator lights, neutral glow, no motion cues. Preserve camera, scale, line weight, material details. No text, no labels, no UI. match this style exactly; side-view cutaway module language; no text/no labels/no UI; consistent line weight and colour temperature with reference."
power_capacitor_t2__central_discharge_switch_panel__active,state_variant,power_capacitor_t2,Power Capacitor Room,power,2,central_discharge_switch_panel,Central Discharge Switch Panel,interactive,active,p1,"Using the attached style reference and matching the base component exactly, create state variant 'active' for component 'Central Discharge Switch Panel' in 'Power Capacitor Room'. Change only state cues: brighter active glow, subtle motion/energy cues, engaged indicators. Preserve camera, scale, line weight, material details. No text, no labels, no UI. match this style exactly; side-view cutaway module language; no text/no labels/no UI; consistent line weight and colour temperature with reference."
power_capacitor_t2__central_discharge_switch_panel__cooldown,state_variant,power_capacitor_t2,Power Capacitor Room,power,2,central_discharge_switch_panel,Central Discharge Switch Panel,interactive,cooldown,p1,"Using the attached style reference and matching the base component exactly, create state variant 'cooldown' for component 'Central Discharge Switch Panel' in 'Power Capacitor Room'. Change only state cues: reduced glow with cooling/venting cues and amber warning flicker. Preserve camera, scale, line weight, material details. No text, no labels, no UI. match this style exactly; side-view cutaway module language; no text/no labels/no UI; consistent line weight and colour temperature with reference."
power_capacitor_t2__central_discharge_switch_panel__damaged,state_variant,power_capacitor_t2,Power Capacitor Room,power,2,central_discharge_switch_panel,Central Discharge Switch Panel,interactive,damaged,p1,"Using the attached style reference and matching the base component exactly, create state variant 'damaged' for component 'Central Discharge Switch Panel' in 'Power Capacitor Room'. Change only state cues: visible wear, sparks or cracks, warning lights and degraded output. Preserve camera, scale, line weight, material details. No text, no labels, no UI. match this style exactly; side-view cutaway module language; no text/no labels/no UI; consistent line weight and colour temperature with reference."
power_capacitor_t2__central_discharge_switch_panel__depleted,state_variant,power_capacitor_t2,Power Capacitor Room,power,2,central_discharge_switch_panel,Central Discharge Switch Panel,interactive,depleted,p1,"Using the attached style reference and matching the base component exactly, create state variant 'depleted' for component 'Central Discharge Switch Panel' in 'Power Capacitor Room'. Change only state cues: minimal or no glow, offline indicators, depleted resource cues. Preserve camera, scale, line weight, material details. No text, no labels, no UI. match this style exactly; side-view cutaway module language; no text/no labels/no UI; consistent line weight and colour temperature with reference."
power_capacitor_t2__central_discharge_switch_panel__idle,state_variant,power_capacitor_t2,Power Capacitor Room,power,2,central_discharge_switch_panel,Central Discharge Switch Panel,interactive,idle,p1,"Using the attached style reference and matching the base component exactly, create state variant 'idle' for component 'Central Discharge Switch Panel' in 'Power Capacitor Room'. Change only state cues: stable indicator lights, neutral glow, no motion cues. Preserve camera, scale, line weight, material details. No text, no labels, no UI. match this style exactly; side-view cutaway module language; no text/no labels/no UI; consistent line weight and colour temperature with reference."
power_capacitor_t2__room_composite__v1,room_composite,power_capacitor_t2,Power Capacitor Room,power,2,room_composite,Room Composite,composite,base,p0,"Using the attached style reference, compose one 2:1 spacecraft room tile for 'Power Capacitor Room' using these components: capacitor_rack_frame, ceiling_cable_runs, capacitor_cell_bank, central_discharge_switch_panel. Keep module shell rectangular with flat top/bottom for stacking. Include only listed components and consistent accent lighting. No text, no labels, no UI, no rocket exterior. match this style exactly; side-view cutaway module language; no text/no labels/no UI; consistent line weight and colour temperature with reference."
reinforced_hull_t2__composite_bracing_frame__base,component,reinforced_hull_t2,Reinforced Hull Module,hull,2,composite_bracing_frame,composite bracing frame,structural,base,p1,"Using the attached style reference, create a single isolated room component sprite for a spacecraft dollhouse interior system. Component: composite_bracing_frame. Category: Reinforced Hull Module. Side-view cross-section, clean cutout silhouette, no text, no labels, no UI, no characters. Designed for 2:1 room tile composition. match this style exactly; side-view cutaway module language; no text/no labels/no UI; consistent line weight and colour temperature with reference."
reinforced_hull_t2__impact_dampener_ribs__base,component,reinforced_hull_t2,Reinforced Hull Module,hull,2,impact_dampener_ribs,impact dampener ribs,structural,base,p1,"Using the attached style reference, create a single isolated room component sprite for a spacecraft dollhouse interior system. Component: impact_dampener_ribs. Category: Reinforced Hull Module. Side-view cross-section, clean cutout silhouette, no text, no labels, no UI, no characters. Designed for 2:1 room tile composition. match this style exactly; side-view cutaway module language; no text/no labels/no UI; consistent line weight and colour temperature with reference."
reinforced_hull_t2__microfracture_sensor_array__base,component,reinforced_hull_t2,Reinforced Hull Module,hull,2,microfracture_sensor_array,Microfracture Sensor Array,interactive,base,p0,"Using the attached style reference, create a single isolated room component sprite for a spacecraft dollhouse interior system. Component: Microfracture Sensor Array. Category: Reinforced Hull Module. Side-view cross-section, clean cutout silhouette, no text, no labels, no UI, no characters. Designed for 2:1 room tile composition. match this style exactly; side-view cutaway module language; no text/no labels/no UI; consistent line weight and colour temperature with reference."
reinforced_hull_t2__reinforced_bulkhead_segments__base,component,reinforced_hull_t2,Reinforced Hull Module,hull,2,reinforced_bulkhead_segments,reinforced bulkhead segments,structural,base,p1,"Using the attached style reference, create a single isolated room component sprite for a spacecraft dollhouse interior system. Component: reinforced_bulkhead_segments. Category: Reinforced Hull Module. Side-view cross-section, clean cutout silhouette, no text, no labels, no UI, no characters. Designed for 2:1 room tile composition. match this style exactly; side-view cutaway module language; no text/no labels/no UI; consistent line weight and colour temperature with reference."
reinforced_hull_t2__stress_monitor_display__base,component,reinforced_hull_t2,Reinforced Hull Module,hull,2,stress_monitor_display,Stress Monitor Display,interactive,base,p0,"Using the attached style reference, create a single isolated room component sprite for a spacecraft dollhouse interior system. Component: Stress Monitor Display. Category: Reinforced Hull Module. Side-view cross-section, clean cutout silhouette, no text, no labels, no UI, no characters. Designed for 2:1 room tile composition. match this style exactly; side-view cutaway module language; no text/no labels/no UI; consistent line weight and colour temperature with reference."
reinforced_hull_t2__microfracture_sensor_array__active,state_variant,reinforced_hull_t2,Reinforced Hull Module,hull,2,microfracture_sensor_array,Microfracture Sensor Array,interactive,active,p1,"Using the attached style reference and matching the base component exactly, create state variant 'active' for component 'Microfracture Sensor Array' in 'Reinforced Hull Module'. Change only state cues: brighter active glow, subtle motion/energy cues, engaged indicators. Preserve camera, scale, line weight, material details. No text, no labels, no UI. match this style exactly; side-view cutaway module language; no text/no labels/no UI; consistent line weight and colour temperature with reference."
reinforced_hull_t2__microfracture_sensor_array__cooldown,state_variant,reinforced_hull_t2,Reinforced Hull Module,hull,2,microfracture_sensor_array,Microfracture Sensor Array,interactive,cooldown,p1,"Using the attached style reference and matching the base component exactly, create state variant 'cooldown' for component 'Microfracture Sensor Array' in 'Reinforced Hull Module'. Change only state cues: reduced glow with cooling/venting cues and amber warning flicker. Preserve camera, scale, line weight, material details. No text, no labels, no UI. match this style exactly; side-view cutaway module language; no text/no labels/no UI; consistent line weight and colour temperature with reference."
reinforced_hull_t2__microfracture_sensor_array__damaged,state_variant,reinforced_hull_t2,Reinforced Hull Module,hull,2,microfracture_sensor_array,Microfracture Sensor Array,interactive,damaged,p1,"Using the attached style reference and matching the base component exactly, create state variant 'damaged' for component 'Microfracture Sensor Array' in 'Reinforced Hull Module'. Change only state cues: visible wear, sparks or cracks, warning lights and degraded output. Preserve camera, scale, line weight, material details. No text, no labels, no UI. match this style exactly; side-view cutaway module language; no text/no labels/no UI; consistent line weight and colour temperature with reference."
reinforced_hull_t2__microfracture_sensor_array__depleted,state_variant,reinforced_hull_t2,Reinforced Hull Module,hull,2,microfracture_sensor_array,Microfracture Sensor Array,interactive,depleted,p1,"Using the attached style reference and matching the base component exactly, create state variant 'depleted' for component 'Microfracture Sensor Array' in 'Reinforced Hull Module'. Change only state cues: minimal or no glow, offline indicators, depleted resource cues. Preserve camera, scale, line weight, material details. No text, no labels, no UI. match this style exactly; side-view cutaway module language; no text/no labels/no UI; consistent line weight and colour temperature with reference."
reinforced_hull_t2__microfracture_sensor_array__idle,state_variant,reinforced_hull_t2,Reinforced Hull Module,hull,2,microfracture_sensor_array,Microfracture Sensor Array,interactive,idle,p1,"Using the attached style reference and matching the base component exactly, create state variant 'idle' for component 'Microfracture Sensor Array' in 'Reinforced Hull Module'. Change only state cues: stable indicator lights, neutral glow, no motion cues. Preserve camera, scale, line weight, material details. No text, no labels, no UI. match this style exactly; side-view cutaway module language; no text/no labels/no UI; consistent line weight and colour temperature with reference."
reinforced_hull_t2__stress_monitor_display__active,state_variant,reinforced_hull_t2,Reinforced Hull Module,hull,2,stress_monitor_display,Stress Monitor Display,interactive,active,p1,"Using the attached style reference and matching the base component exactly, create state variant 'active' for component 'Stress Monitor Display' in 'Reinforced Hull Module'. Change only state cues: brighter active glow, subtle motion/energy cues, engaged indicators. Preserve camera, scale, line weight, material details. No text, no labels, no UI. match this style exactly; side-view cutaway module language; no text/no labels/no UI; consistent line weight and colour temperature with reference."
reinforced_hull_t2__stress_monitor_display__cooldown,state_variant,reinforced_hull_t2,Reinforced Hull Module,hull,2,stress_monitor_display,Stress Monitor Display,interactive,cooldown,p1,"Using the attached style reference and matching the base component exactly, create state variant 'cooldown' for component 'Stress Monitor Display' in 'Reinforced Hull Module'. Change only state cues: reduced glow with cooling/venting cues and amber warning flicker. Preserve camera, scale, line weight, material details. No text, no labels, no UI. match this style exactly; side-view cutaway module language; no text/no labels/no UI; consistent line weight and colour temperature with reference."
reinforced_hull_t2__stress_monitor_display__damaged,state_variant,reinforced_hull_t2,Reinforced Hull Module,hull,2,stress_monitor_display,Stress Monitor Display,interactive,damaged,p1,"Using the attached style reference and matching the base component exactly, create state variant 'damaged' for component 'Stress Monitor Display' in 'Reinforced Hull Module'. Change only state cues: visible wear, sparks or cracks, warning lights and degraded output. Preserve camera, scale, line weight, material details. No text, no labels, no UI. match this style exactly; side-view cutaway module language; no text/no labels/no UI; consistent line weight and colour temperature with reference."
reinforced_hull_t2__stress_monitor_display__depleted,state_variant,reinforced_hull_t2,Reinforced Hull Module,hull,2,stress_monitor_display,Stress Monitor Display,interactive,depleted,p1,"Using the attached style reference and matching the base component exactly, create state variant 'depleted' for component 'Stress Monitor Display' in 'Reinforced Hull Module'. Change only state cues: minimal or no glow, offline indicators, depleted resource cues. Preserve camera, scale, line weight, material details. No text, no labels, no UI. match this style exactly; side-view cutaway module language; no text/no labels/no UI; consistent line weight and colour temperature with reference."
reinforced_hull_t2__stress_monitor_display__idle,state_variant,reinforced_hull_t2,Reinforced Hull Module,hull,2,stress_monitor_display,Stress Monitor Display,interactive,idle,p1,"Using the attached style reference and matching the base component exactly, create state variant 'idle' for component 'Stress Monitor Display' in 'Reinforced Hull Module'. Change only state cues: stable indicator lights, neutral glow, no motion cues. Preserve camera, scale, line weight, material details. No text, no labels, no UI. match this style exactly; side-view cutaway module language; no text/no labels/no UI; consistent line weight and colour temperature with reference."
reinforced_hull_t2__room_composite__v1,room_composite,reinforced_hull_t2,Reinforced Hull Module,hull,2,room_composite,Room Composite,composite,base,p0,"Using the attached style reference, compose one 2:1 spacecraft room tile for 'Reinforced Hull Module' using these components: reinforced_bulkhead_segments, impact_dampener_ribs, composite_bracing_frame, stress_monitor_display, microfracture_sensor_array. Keep module shell rectangular with flat top/bottom for stacking. Include only listed components and consistent accent lighting. No text, no labels, no UI, no rocket exterior. match this style exactly; side-view cutaway module language; no text/no labels/no UI; consistent line weight and colour temperature with reference."
resource_vault_t2__circular_vault_door__base,component,resource_vault_t2,Pressurised Resource Vault Room,storage,2,circular_vault_door,Circular Vault Door,interactive,base,p0,"Using the attached style reference, create a single isolated room component sprite for a spacecraft dollhouse interior system. Component: Circular Vault Door. Category: Pressurised Resource Vault Room. Side-view cross-section, clean cutout silhouette, no text, no labels, no UI, no characters. Designed for 2:1 room tile composition. match this style exactly; side-view cutaway module language; no text/no labels/no UI; consistent line weight and colour temperature with reference."
resource_vault_t2__environmental_control_unit__base,component,resource_vault_t2,Pressurised Resource Vault Room,storage,2,environmental_control_unit,Environmental Control Unit,interactive,base,p0,"Using the attached style reference, create a single isolated room component sprite for a spacecraft dollhouse interior system. Component: Environmental Control Unit. Category: Pressurised Resource Vault Room. Side-view cross-section, clean cutout silhouette, no text, no labels, no UI, no characters. Designed for 2:1 room tile composition. match this style exactly; side-view cutaway module language; no text/no labels/no UI; consistent line weight and colour temperature with reference."
resource_vault_t2__gasketed_container_slots__base,component,resource_vault_t2,Pressurised Resource Vault Room,storage,2,gasketed_container_slots,gasketed container slots,structural,base,p1,"Using the attached style reference, create a single isolated room component sprite for a spacecraft dollhouse interior system. Component: gasketed_container_slots. Category: Pressurised Resource Vault Room. Side-view cross-section, clean cutout silhouette, no text, no labels, no UI, no characters. Designed for 2:1 room tile composition. match this style exactly; side-view cutaway module language; no text/no labels/no UI; consistent line weight and colour temperature with reference."
resource_vault_t2__reinforced_containers__base,component,resource_vault_t2,Pressurised Resource Vault Room,storage,2,reinforced_containers,Reinforced Containers,interactive,base,p0,"Using the attached style reference, create a single isolated room component sprite for a spacecraft dollhouse interior system. Component: Reinforced Containers. Category: Pressurised Resource Vault Room. Side-view cross-section, clean cutout silhouette, no text, no labels, no UI, no characters. Designed for 2:1 room tile composition. match this style exactly; side-view cutaway module language; no text/no labels/no UI; consistent line weight and colour temperature with reference."
resource_vault_t2__sealed_rack_system__base,component,resource_vault_t2,Pressurised Resource Vault Room,storage,2,sealed_rack_system,sealed rack system,structural,base,p1,"Using the attached style reference, create a single isolated room component sprite for a spacecraft dollhouse interior system. Component: sealed_rack_system. Category: Pressurised Resource Vault Room. Side-view cross-section, clean cutout silhouette, no text, no labels, no UI, no characters. Designed for 2:1 room tile composition. match this style exactly; side-view cutaway module language; no text/no labels/no UI; consistent line weight and colour temperature with reference."
resource_vault_t2__status_indicator_cluster__base,component,resource_vault_t2,Pressurised Resource Vault Room,storage,2,status_indicator_cluster,Status Indicator Cluster,interactive,base,p0,"Using the attached style reference, create a single isolated room component sprite for a spacecraft dollhouse interior system. Component: Status Indicator Cluster. Category: Pressurised Resource Vault Room. Side-view cross-section, clean cutout silhouette, no text, no labels, no UI, no characters. Designed for 2:1 room tile composition. match this style exactly; side-view cutaway module language; no text/no labels/no UI; consistent line weight and colour temperature with reference."
resource_vault_t2__circular_vault_door__active,state_variant,resource_vault_t2,Pressurised Resource Vault Room,storage,2,circular_vault_door,Circular Vault Door,interactive,active,p1,"Using the attached style reference and matching the base component exactly, create state variant 'active' for component 'Circular Vault Door' in 'Pressurised Resource Vault Room'. Change only state cues: brighter active glow, subtle motion/energy cues, engaged indicators. Preserve camera, scale, line weight, material details. No text, no labels, no UI. match this style exactly; side-view cutaway module language; no text/no labels/no UI; consistent line weight and colour temperature with reference."
resource_vault_t2__circular_vault_door__cooldown,state_variant,resource_vault_t2,Pressurised Resource Vault Room,storage,2,circular_vault_door,Circular Vault Door,interactive,cooldown,p1,"Using the attached style reference and matching the base component exactly, create state variant 'cooldown' for component 'Circular Vault Door' in 'Pressurised Resource Vault Room'. Change only state cues: reduced glow with cooling/venting cues and amber warning flicker. Preserve camera, scale, line weight, material details. No text, no labels, no UI. match this style exactly; side-view cutaway module language; no text/no labels/no UI; consistent line weight and colour temperature with reference."
resource_vault_t2__circular_vault_door__damaged,state_variant,resource_vault_t2,Pressurised Resource Vault Room,storage,2,circular_vault_door,Circular Vault Door,interactive,damaged,p1,"Using the attached style reference and matching the base component exactly, create state variant 'damaged' for component 'Circular Vault Door' in 'Pressurised Resource Vault Room'. Change only state cues: visible wear, sparks or cracks, warning lights and degraded output. Preserve camera, scale, line weight, material details. No text, no labels, no UI. match this style exactly; side-view cutaway module language; no text/no labels/no UI; consistent line weight and colour temperature with reference."
resource_vault_t2__circular_vault_door__depleted,state_variant,resource_vault_t2,Pressurised Resource Vault Room,storage,2,circular_vault_door,Circular Vault Door,interactive,depleted,p1,"Using the attached style reference and matching the base component exactly, create state variant 'depleted' for component 'Circular Vault Door' in 'Pressurised Resource Vault Room'. Change only state cues: minimal or no glow, offline indicators, depleted resource cues. Preserve camera, scale, line weight, material details. No text, no labels, no UI. match this style exactly; side-view cutaway module language; no text/no labels/no UI; consistent line weight and colour temperature with reference."
resource_vault_t2__circular_vault_door__idle,state_variant,resource_vault_t2,Pressurised Resource Vault Room,storage,2,circular_vault_door,Circular Vault Door,interactive,idle,p1,"Using the attached style reference and matching the base component exactly, create state variant 'idle' for component 'Circular Vault Door' in 'Pressurised Resource Vault Room'. Change only state cues: stable indicator lights, neutral glow, no motion cues. Preserve camera, scale, line weight, material details. No text, no labels, no UI. match this style exactly; side-view cutaway module language; no text/no labels/no UI; consistent line weight and colour temperature with reference."
resource_vault_t2__environmental_control_unit__active,state_variant,resource_vault_t2,Pressurised Resource Vault Room,storage,2,environmental_control_unit,Environmental Control Unit,interactive,active,p1,"Using the attached style reference and matching the base component exactly, create state variant 'active' for component 'Environmental Control Unit' in 'Pressurised Resource Vault Room'. Change only state cues: brighter active glow, subtle motion/energy cues, engaged indicators. Preserve camera, scale, line weight, material details. No text, no labels, no UI. match this style exactly; side-view cutaway module language; no text/no labels/no UI; consistent line weight and colour temperature with reference."
resource_vault_t2__environmental_control_unit__cooldown,state_variant,resource_vault_t2,Pressurised Resource Vault Room,storage,2,environmental_control_unit,Environmental Control Unit,interactive,cooldown,p1,"Using the attached style reference and matching the base component exactly, create state variant 'cooldown' for component 'Environmental Control Unit' in 'Pressurised Resource Vault Room'. Change only state cues: reduced glow with cooling/venting cues and amber warning flicker. Preserve camera, scale, line weight, material details. No text, no labels, no UI. match this style exactly; side-view cutaway module language; no text/no labels/no UI; consistent line weight and colour temperature with reference."
resource_vault_t2__environmental_control_unit__damaged,state_variant,resource_vault_t2,Pressurised Resource Vault Room,storage,2,environmental_control_unit,Environmental Control Unit,interactive,damaged,p1,"Using the attached style reference and matching the base component exactly, create state variant 'damaged' for component 'Environmental Control Unit' in 'Pressurised Resource Vault Room'. Change only state cues: visible wear, sparks or cracks, warning lights and degraded output. Preserve camera, scale, line weight, material details. No text, no labels, no UI. match this style exactly; side-view cutaway module language; no text/no labels/no UI; consistent line weight and colour temperature with reference."
resource_vault_t2__environmental_control_unit__depleted,state_variant,resource_vault_t2,Pressurised Resource Vault Room,storage,2,environmental_control_unit,Environmental Control Unit,interactive,depleted,p1,"Using the attached style reference and matching the base component exactly, create state variant 'depleted' for component 'Environmental Control Unit' in 'Pressurised Resource Vault Room'. Change only state cues: minimal or no glow, offline indicators, depleted resource cues. Preserve camera, scale, line weight, material details. No text, no labels, no UI. match this style exactly; side-view cutaway module language; no text/no labels/no UI; consistent line weight and colour temperature with reference."
resource_vault_t2__environmental_control_unit__idle,state_variant,resource_vault_t2,Pressurised Resource Vault Room,storage,2,environmental_control_unit,Environmental Control Unit,interactive,idle,p1,"Using the attached style reference and matching the base component exactly, create state variant 'idle' for component 'Environmental Control Unit' in 'Pressurised Resource Vault Room'. Change only state cues: stable indicator lights, neutral glow, no motion cues. Preserve camera, scale, line weight, material details. No text, no labels, no UI. match this style exactly; side-view cutaway module language; no text/no labels/no UI; consistent line weight and colour temperature with reference."
resource_vault_t2__reinforced_containers__active,state_variant,resource_vault_t2,Pressurised Resource Vault Room,storage,2,reinforced_containers,Reinforced Containers,interactive,active,p1,"Using the attached style reference and matching the base component exactly, create state variant 'active' for component 'Reinforced Containers' in 'Pressurised Resource Vault Room'. Change only state cues: brighter active glow, subtle motion/energy cues, engaged indicators. Preserve camera, scale, line weight, material details. No text, no labels, no UI. match this style exactly; side-view cutaway module language; no text/no labels/no UI; consistent line weight and colour temperature with reference."
resource_vault_t2__reinforced_containers__cooldown,state_variant,resource_vault_t2,Pressurised Resource Vault Room,storage,2,reinforced_containers,Reinforced Containers,interactive,cooldown,p1,"Using the attached style reference and matching the base component exactly, create state variant 'cooldown' for component 'Reinforced Containers' in 'Pressurised Resource Vault Room'. Change only state cues: reduced glow with cooling/venting cues and amber warning flicker. Preserve camera, scale, line weight, material details. No text, no labels, no UI. match this style exactly; side-view cutaway module language; no text/no labels/no UI; consistent line weight and colour temperature with reference."
resource_vault_t2__reinforced_containers__damaged,state_variant,resource_vault_t2,Pressurised Resource Vault Room,storage,2,reinforced_containers,Reinforced Containers,interactive,damaged,p1,"Using the attached style reference and matching the base component exactly, create state variant 'damaged' for component 'Reinforced Containers' in 'Pressurised Resource Vault Room'. Change only state cues: visible wear, sparks or cracks, warning lights and degraded output. Preserve camera, scale, line weight, material details. No text, no labels, no UI. match this style exactly; side-view cutaway module language; no text/no labels/no UI; consistent line weight and colour temperature with reference."
resource_vault_t2__reinforced_containers__depleted,state_variant,resource_vault_t2,Pressurised Resource Vault Room,storage,2,reinforced_containers,Reinforced Containers,interactive,depleted,p1,"Using the attached style reference and matching the base component exactly, create state variant 'depleted' for component 'Reinforced Containers' in 'Pressurised Resource Vault Room'. Change only state cues: minimal or no glow, offline indicators, depleted resource cues. Preserve camera, scale, line weight, material details. No text, no labels, no UI. match this style exactly; side-view cutaway module language; no text/no labels/no UI; consistent line weight and colour temperature with reference."
resource_vault_t2__reinforced_containers__idle,state_variant,resource_vault_t2,Pressurised Resource Vault Room,storage,2,reinforced_containers,Reinforced Containers,interactive,idle,p1,"Using the attached style reference and matching the base component exactly, create state variant 'idle' for component 'Reinforced Containers' in 'Pressurised Resource Vault Room'. Change only state cues: stable indicator lights, neutral glow, no motion cues. Preserve camera, scale, line weight, material details. No text, no labels, no UI. match this style exactly; side-view cutaway module language; no text/no labels/no UI; consistent line weight and colour temperature with reference."
resource_vault_t2__status_indicator_cluster__active,state_variant,resource_vault_t2,Pressurised Resource Vault Room,storage,2,status_indicator_cluster,Status Indicator Cluster,interactive,active,p1,"Using the attached style reference and matching the base component exactly, create state variant 'active' for component 'Status Indicator Cluster' in 'Pressurised Resource Vault Room'. Change only state cues: brighter active glow, subtle motion/energy cues, engaged indicators. Preserve camera, scale, line weight, material details. No text, no labels, no UI. match this style exactly; side-view cutaway module language; no text/no labels/no UI; consistent line weight and colour temperature with reference."
resource_vault_t2__status_indicator_cluster__cooldown,state_variant,resource_vault_t2,Pressurised Resource Vault Room,storage,2,status_indicator_cluster,Status Indicator Cluster,interactive,cooldown,p1,"Using the attached style reference and matching the base component exactly, create state variant 'cooldown' for component 'Status Indicator Cluster' in 'Pressurised Resource Vault Room'. Change only state cues: reduced glow with cooling/venting cues and amber warning flicker. Preserve camera, scale, line weight, material details. No text, no labels, no UI. match this style exactly; side-view cutaway module language; no text/no labels/no UI; consistent line weight and colour temperature with reference."
resource_vault_t2__status_indicator_cluster__damaged,state_variant,resource_vault_t2,Pressurised Resource Vault Room,storage,2,status_indicator_cluster,Status Indicator Cluster,interactive,damaged,p1,"Using the attached style reference and matching the base component exactly, create state variant 'damaged' for component 'Status Indicator Cluster' in 'Pressurised Resource Vault Room'. Change only state cues: visible wear, sparks or cracks, warning lights and degraded output. Preserve camera, scale, line weight, material details. No text, no labels, no UI. match this style exactly; side-view cutaway module language; no text/no labels/no UI; consistent line weight and colour temperature with reference."
resource_vault_t2__status_indicator_cluster__depleted,state_variant,resource_vault_t2,Pressurised Resource Vault Room,storage,2,status_indicator_cluster,Status Indicator Cluster,interactive,depleted,p1,"Using the attached style reference and matching the base component exactly, create state variant 'depleted' for component 'Status Indicator Cluster' in 'Pressurised Resource Vault Room'. Change only state cues: minimal or no glow, offline indicators, depleted resource cues. Preserve camera, scale, line weight, material details. No text, no labels, no UI. match this style exactly; side-view cutaway module language; no text/no labels/no UI; consistent line weight and colour temperature with reference."
resource_vault_t2__status_indicator_cluster__idle,state_variant,resource_vault_t2,Pressurised Resource Vault Room,storage,2,status_indicator_cluster,Status Indicator Cluster,interactive,idle,p1,"Using the attached style reference and matching the base component exactly, create state variant 'idle' for component 'Status Indicator Cluster' in 'Pressurised Resource Vault Room'. Change only state cues: stable indicator lights, neutral glow, no motion cues. Preserve camera, scale, line weight, material details. No text, no labels, no UI. match this style exactly; side-view cutaway module language; no text/no labels/no UI; consistent line weight and colour temperature with reference."
resource_vault_t2__room_composite__v1,room_composite,resource_vault_t2,Pressurised Resource Vault Room,storage,2,room_composite,Room Composite,composite,base,p0,"Using the attached style reference, compose one 2:1 spacecraft room tile for 'Pressurised Resource Vault Room' using these components: sealed_rack_system, gasketed_container_slots, reinforced_containers, circular_vault_door, environmental_control_unit, status_indicator_cluster. Keep module shell rectangular with flat top/bottom for stacking. Include only listed components and consistent accent lighting. No text, no labels, no UI, no rocket exterior. match this style exactly; side-view cutaway module language; no text/no labels/no UI; consistent line weight and colour temperature with reference."
spectral_analyser_t3__analytical_sample_trays__base,component,spectral_analyser_t3,Spectral Analyser Room,navigation,3,analytical_sample_trays,Analytical Sample Trays,interactive,base,p0,"Using the attached style reference, create a single isolated room component sprite for a spacecraft dollhouse interior system. Component: Analytical Sample Trays. Category: Spectral Analyser Room. Side-view cross-section, clean cutout silhouette, no text, no labels, no UI, no characters. Designed for 2:1 room tile composition. match this style exactly; side-view cutaway module language; no text/no labels/no UI; consistent line weight and colour temperature with reference."
spectral_analyser_t3__central_plinth__base,component,spectral_analyser_t3,Spectral Analyser Room,navigation,3,central_plinth,central plinth,structural,base,p1,"Using the attached style reference, create a single isolated room component sprite for a spacecraft dollhouse interior system. Component: central_plinth. Category: Spectral Analyser Room. Side-view cross-section, clean cutout silhouette, no text, no labels, no UI, no characters. Designed for 2:1 room tile composition. match this style exactly; side-view cutaway module language; no text/no labels/no UI; consistent line weight and colour temperature with reference."
spectral_analyser_t3__composition_band_display__base,component,spectral_analyser_t3,Spectral Analyser Room,navigation,3,composition_band_display,Composition Band Display,interactive,base,p0,"Using the attached style reference, create a single isolated room component sprite for a spacecraft dollhouse interior system. Component: Composition Band Display. Category: Spectral Analyser Room. Side-view cross-section, clean cutout silhouette, no text, no labels, no UI, no characters. Designed for 2:1 room tile composition. match this style exactly; side-view cutaway module language; no text/no labels/no UI; consistent line weight and colour temperature with reference."
spectral_analyser_t3__sample_tray_rail__base,component,spectral_analyser_t3,Spectral Analyser Room,navigation,3,sample_tray_rail,sample tray rail,structural,base,p1,"Using the attached style reference, create a single isolated room component sprite for a spacecraft dollhouse interior system. Component: sample_tray_rail. Category: Spectral Analyser Room. Side-view cross-section, clean cutout silhouette, no text, no labels, no UI, no characters. Designed for 2:1 room tile composition. match this style exactly; side-view cutaway module language; no text/no labels/no UI; consistent line weight and colour temperature with reference."
spectral_analyser_t3__spectral_splitter_prism__base,component,spectral_analyser_t3,Spectral Analyser Room,navigation,3,spectral_splitter_prism,Spectral Splitter Prism,interactive,base,p0,"Using the attached style reference, create a single isolated room component sprite for a spacecraft dollhouse interior system. Component: Spectral Splitter Prism. Category: Spectral Analyser Room. Side-view cross-section, clean cutout silhouette, no text, no labels, no UI, no characters. Designed for 2:1 room tile composition. match this style exactly; side-view cutaway module language; no text/no labels/no UI; consistent line weight and colour temperature with reference."
spectral_analyser_t3__spectrograph_output_screen__base,component,spectral_analyser_t3,Spectral Analyser Room,navigation,3,spectrograph_output_screen,Spectrograph Output Screen,interactive,base,p0,"Using the attached style reference, create a single isolated room component sprite for a spacecraft dollhouse interior system. Component: Spectrograph Output Screen. Category: Spectral Analyser Room. Side-view cross-section, clean cutout silhouette, no text, no labels, no UI, no characters. Designed for 2:1 room tile composition. match this style exactly; side-view cutaway module language; no text/no labels/no UI; consistent line weight and colour temperature with reference."
spectral_analyser_t3__analytical_sample_trays__active,state_variant,spectral_analyser_t3,Spectral Analyser Room,navigation,3,analytical_sample_trays,Analytical Sample Trays,interactive,active,p1,"Using the attached style reference and matching the base component exactly, create state variant 'active' for component 'Analytical Sample Trays' in 'Spectral Analyser Room'. Change only state cues: brighter active glow, subtle motion/energy cues, engaged indicators. Preserve camera, scale, line weight, material details. No text, no labels, no UI. match this style exactly; side-view cutaway module language; no text/no labels/no UI; consistent line weight and colour temperature with reference."
spectral_analyser_t3__analytical_sample_trays__cooldown,state_variant,spectral_analyser_t3,Spectral Analyser Room,navigation,3,analytical_sample_trays,Analytical Sample Trays,interactive,cooldown,p1,"Using the attached style reference and matching the base component exactly, create state variant 'cooldown' for component 'Analytical Sample Trays' in 'Spectral Analyser Room'. Change only state cues: reduced glow with cooling/venting cues and amber warning flicker. Preserve camera, scale, line weight, material details. No text, no labels, no UI. match this style exactly; side-view cutaway module language; no text/no labels/no UI; consistent line weight and colour temperature with reference."
spectral_analyser_t3__analytical_sample_trays__damaged,state_variant,spectral_analyser_t3,Spectral Analyser Room,navigation,3,analytical_sample_trays,Analytical Sample Trays,interactive,damaged,p1,"Using the attached style reference and matching the base component exactly, create state variant 'damaged' for component 'Analytical Sample Trays' in 'Spectral Analyser Room'. Change only state cues: visible wear, sparks or cracks, warning lights and degraded output. Preserve camera, scale, line weight, material details. No text, no labels, no UI. match this style exactly; side-view cutaway module language; no text/no labels/no UI; consistent line weight and colour temperature with reference."
spectral_analyser_t3__analytical_sample_trays__depleted,state_variant,spectral_analyser_t3,Spectral Analyser Room,navigation,3,analytical_sample_trays,Analytical Sample Trays,interactive,depleted,p1,"Using the attached style reference and matching the base component exactly, create state variant 'depleted' for component 'Analytical Sample Trays' in 'Spectral Analyser Room'. Change only state cues: minimal or no glow, offline indicators, depleted resource cues. Preserve camera, scale, line weight, material details. No text, no labels, no UI. match this style exactly; side-view cutaway module language; no text/no labels/no UI; consistent line weight and colour temperature with reference."
spectral_analyser_t3__analytical_sample_trays__idle,state_variant,spectral_analyser_t3,Spectral Analyser Room,navigation,3,analytical_sample_trays,Analytical Sample Trays,interactive,idle,p1,"Using the attached style reference and matching the base component exactly, create state variant 'idle' for component 'Analytical Sample Trays' in 'Spectral Analyser Room'. Change only state cues: stable indicator lights, neutral glow, no motion cues. Preserve camera, scale, line weight, material details. No text, no labels, no UI. match this style exactly; side-view cutaway module language; no text/no labels/no UI; consistent line weight and colour temperature with reference."
spectral_analyser_t3__composition_band_display__active,state_variant,spectral_analyser_t3,Spectral Analyser Room,navigation,3,composition_band_display,Composition Band Display,interactive,active,p1,"Using the attached style reference and matching the base component exactly, create state variant 'active' for component 'Composition Band Display' in 'Spectral Analyser Room'. Change only state cues: brighter active glow, subtle motion/energy cues, engaged indicators. Preserve camera, scale, line weight, material details. No text, no labels, no UI. match this style exactly; side-view cutaway module language; no text/no labels/no UI; consistent line weight and colour temperature with reference."
spectral_analyser_t3__composition_band_display__cooldown,state_variant,spectral_analyser_t3,Spectral Analyser Room,navigation,3,composition_band_display,Composition Band Display,interactive,cooldown,p1,"Using the attached style reference and matching the base component exactly, create state variant 'cooldown' for component 'Composition Band Display' in 'Spectral Analyser Room'. Change only state cues: reduced glow with cooling/venting cues and amber warning flicker. Preserve camera, scale, line weight, material details. No text, no labels, no UI. match this style exactly; side-view cutaway module language; no text/no labels/no UI; consistent line weight and colour temperature with reference."
spectral_analyser_t3__composition_band_display__damaged,state_variant,spectral_analyser_t3,Spectral Analyser Room,navigation,3,composition_band_display,Composition Band Display,interactive,damaged,p1,"Using the attached style reference and matching the base component exactly, create state variant 'damaged' for component 'Composition Band Display' in 'Spectral Analyser Room'. Change only state cues: visible wear, sparks or cracks, warning lights and degraded output. Preserve camera, scale, line weight, material details. No text, no labels, no UI. match this style exactly; side-view cutaway module language; no text/no labels/no UI; consistent line weight and colour temperature with reference."
spectral_analyser_t3__composition_band_display__depleted,state_variant,spectral_analyser_t3,Spectral Analyser Room,navigation,3,composition_band_display,Composition Band Display,interactive,depleted,p1,"Using the attached style reference and matching the base component exactly, create state variant 'depleted' for component 'Composition Band Display' in 'Spectral Analyser Room'. Change only state cues: minimal or no glow, offline indicators, depleted resource cues. Preserve camera, scale, line weight, material details. No text, no labels, no UI. match this style exactly; side-view cutaway module language; no text/no labels/no UI; consistent line weight and colour temperature with reference."
spectral_analyser_t3__composition_band_display__idle,state_variant,spectral_analyser_t3,Spectral Analyser Room,navigation,3,composition_band_display,Composition Band Display,interactive,idle,p1,"Using the attached style reference and matching the base component exactly, create state variant 'idle' for component 'Composition Band Display' in 'Spectral Analyser Room'. Change only state cues: stable indicator lights, neutral glow, no motion cues. Preserve camera, scale, line weight, material details. No text, no labels, no UI. match this style exactly; side-view cutaway module language; no text/no labels/no UI; consistent line weight and colour temperature with reference."
spectral_analyser_t3__spectral_splitter_prism__active,state_variant,spectral_analyser_t3,Spectral Analyser Room,navigation,3,spectral_splitter_prism,Spectral Splitter Prism,interactive,active,p1,"Using the attached style reference and matching the base component exactly, create state variant 'active' for component 'Spectral Splitter Prism' in 'Spectral Analyser Room'. Change only state cues: brighter active glow, subtle motion/energy cues, engaged indicators. Preserve camera, scale, line weight, material details. No text, no labels, no UI. match this style exactly; side-view cutaway module language; no text/no labels/no UI; consistent line weight and colour temperature with reference."
spectral_analyser_t3__spectral_splitter_prism__cooldown,state_variant,spectral_analyser_t3,Spectral Analyser Room,navigation,3,spectral_splitter_prism,Spectral Splitter Prism,interactive,cooldown,p1,"Using the attached style reference and matching the base component exactly, create state variant 'cooldown' for component 'Spectral Splitter Prism' in 'Spectral Analyser Room'. Change only state cues: reduced glow with cooling/venting cues and amber warning flicker. Preserve camera, scale, line weight, material details. No text, no labels, no UI. match this style exactly; side-view cutaway module language; no text/no labels/no UI; consistent line weight and colour temperature with reference."
spectral_analyser_t3__spectral_splitter_prism__damaged,state_variant,spectral_analyser_t3,Spectral Analyser Room,navigation,3,spectral_splitter_prism,Spectral Splitter Prism,interactive,damaged,p1,"Using the attached style reference and matching the base component exactly, create state variant 'damaged' for component 'Spectral Splitter Prism' in 'Spectral Analyser Room'. Change only state cues: visible wear, sparks or cracks, warning lights and degraded output. Preserve camera, scale, line weight, material details. No text, no labels, no UI. match this style exactly; side-view cutaway module language; no text/no labels/no UI; consistent line weight and colour temperature with reference."
spectral_analyser_t3__spectral_splitter_prism__depleted,state_variant,spectral_analyser_t3,Spectral Analyser Room,navigation,3,spectral_splitter_prism,Spectral Splitter Prism,interactive,depleted,p1,"Using the attached style reference and matching the base component exactly, create state variant 'depleted' for component 'Spectral Splitter Prism' in 'Spectral Analyser Room'. Change only state cues: minimal or no glow, offline indicators, depleted resource cues. Preserve camera, scale, line weight, material details. No text, no labels, no UI. match this style exactly; side-view cutaway module language; no text/no labels/no UI; consistent line weight and colour temperature with reference."
spectral_analyser_t3__spectral_splitter_prism__idle,state_variant,spectral_analyser_t3,Spectral Analyser Room,navigation,3,spectral_splitter_prism,Spectral Splitter Prism,interactive,idle,p1,"Using the attached style reference and matching the base component exactly, create state variant 'idle' for component 'Spectral Splitter Prism' in 'Spectral Analyser Room'. Change only state cues: stable indicator lights, neutral glow, no motion cues. Preserve camera, scale, line weight, material details. No text, no labels, no UI. match this style exactly; side-view cutaway module language; no text/no labels/no UI; consistent line weight and colour temperature with reference."
spectral_analyser_t3__spectrograph_output_screen__active,state_variant,spectral_analyser_t3,Spectral Analyser Room,navigation,3,spectrograph_output_screen,Spectrograph Output Screen,interactive,active,p1,"Using the attached style reference and matching the base component exactly, create state variant 'active' for component 'Spectrograph Output Screen' in 'Spectral Analyser Room'. Change only state cues: brighter active glow, subtle motion/energy cues, engaged indicators. Preserve camera, scale, line weight, material details. No text, no labels, no UI. match this style exactly; side-view cutaway module language; no text/no labels/no UI; consistent line weight and colour temperature with reference."
spectral_analyser_t3__spectrograph_output_screen__cooldown,state_variant,spectral_analyser_t3,Spectral Analyser Room,navigation,3,spectrograph_output_screen,Spectrograph Output Screen,interactive,cooldown,p1,"Using the attached style reference and matching the base component exactly, create state variant 'cooldown' for component 'Spectrograph Output Screen' in 'Spectral Analyser Room'. Change only state cues: reduced glow with cooling/venting cues and amber warning flicker. Preserve camera, scale, line weight, material details. No text, no labels, no UI. match this style exactly; side-view cutaway module language; no text/no labels/no UI; consistent line weight and colour temperature with reference."
spectral_analyser_t3__spectrograph_output_screen__damaged,state_variant,spectral_analyser_t3,Spectral Analyser Room,navigation,3,spectrograph_output_screen,Spectrograph Output Screen,interactive,damaged,p1,"Using the attached style reference and matching the base component exactly, create state variant 'damaged' for component 'Spectrograph Output Screen' in 'Spectral Analyser Room'. Change only state cues: visible wear, sparks or cracks, warning lights and degraded output. Preserve camera, scale, line weight, material details. No text, no labels, no UI. match this style exactly; side-view cutaway module language; no text/no labels/no UI; consistent line weight and colour temperature with reference."
spectral_analyser_t3__spectrograph_output_screen__depleted,state_variant,spectral_analyser_t3,Spectral Analyser Room,navigation,3,spectrograph_output_screen,Spectrograph Output Screen,interactive,depleted,p1,"Using the attached style reference and matching the base component exactly, create state variant 'depleted' for component 'Spectrograph Output Screen' in 'Spectral Analyser Room'. Change only state cues: minimal or no glow, offline indicators, depleted resource cues. Preserve camera, scale, line weight, material details. No text, no labels, no UI. match this style exactly; side-view cutaway module language; no text/no labels/no UI; consistent line weight and colour temperature with reference."
spectral_analyser_t3__spectrograph_output_screen__idle,state_variant,spectral_analyser_t3,Spectral Analyser Room,navigation,3,spectrograph_output_screen,Spectrograph Output Screen,interactive,idle,p1,"Using the attached style reference and matching the base component exactly, create state variant 'idle' for component 'Spectrograph Output Screen' in 'Spectral Analyser Room'. Change only state cues: stable indicator lights, neutral glow, no motion cues. Preserve camera, scale, line weight, material details. No text, no labels, no UI. match this style exactly; side-view cutaway module language; no text/no labels/no UI; consistent line weight and colour temperature with reference."
spectral_analyser_t3__room_composite__v1,room_composite,spectral_analyser_t3,Spectral Analyser Room,navigation,3,room_composite,Room Composite,composite,base,p0,"Using the attached style reference, compose one 2:1 spacecraft room tile for 'Spectral Analyser Room' using these components: central_plinth, sample_tray_rail, spectral_splitter_prism, composition_band_display, analytical_sample_trays, spectrograph_output_screen. Keep module shell rectangular with flat top/bottom for stacking. Include only listed components and consistent accent lighting. No text, no labels, no UI, no rocket exterior. match this style exactly; side-view cutaway module language; no text/no labels/no UI; consistent line weight and colour temperature with reference."
subsurface_probe_t2__floor_launch_doors__base,component,subsurface_probe_t2,Subsurface Probe Room,mining,2,floor_launch_doors,floor launch doors,structural,base,p1,"Using the attached style reference, create a single isolated room component sprite for a spacecraft dollhouse interior system. Component: floor_launch_doors. Category: Subsurface Probe Room. Side-view cross-section, clean cutout silhouette, no text, no labels, no UI, no characters. Designed for 2:1 room tile composition. match this style exactly; side-view cutaway module language; no text/no labels/no UI; consistent line weight and colour temperature with reference."
subsurface_probe_t2__launch_tube_housing__base,component,subsurface_probe_t2,Subsurface Probe Room,mining,2,launch_tube_housing,launch tube housing,structural,base,p1,"Using the attached style reference, create a single isolated room component sprite for a spacecraft dollhouse interior system. Component: launch_tube_housing. Category: Subsurface Probe Room. Side-view cross-section, clean cutout silhouette, no text, no labels, no UI, no characters. Designed for 2:1 room tile composition. match this style exactly; side-view cutaway module language; no text/no labels/no UI; consistent line weight and colour temperature with reference."
subsurface_probe_t2__probe_folded_antennae__base,component,subsurface_probe_t2,Subsurface Probe Room,mining,2,probe_folded_antennae,Probe Folded Antennae,interactive,base,p0,"Using the attached style reference, create a single isolated room component sprite for a spacecraft dollhouse interior system. Component: Probe Folded Antennae. Category: Subsurface Probe Room. Side-view cross-section, clean cutout silhouette, no text, no labels, no UI, no characters. Designed for 2:1 room tile composition. match this style exactly; side-view cutaway module language; no text/no labels/no UI; consistent line weight and colour temperature with reference."
subsurface_probe_t2__subsurface_probe_body__base,component,subsurface_probe_t2,Subsurface Probe Room,mining,2,subsurface_probe_body,Subsurface Probe Body,interactive,base,p0,"Using the attached style reference, create a single isolated room component sprite for a spacecraft dollhouse interior system. Component: Subsurface Probe Body. Category: Subsurface Probe Room. Side-view cross-section, clean cutout silhouette, no text, no labels, no UI, no characters. Designed for 2:1 room tile composition. match this style exactly; side-view cutaway module language; no text/no labels/no UI; consistent line weight and colour temperature with reference."
subsurface_probe_t2__targeting_terminal__base,component,subsurface_probe_t2,Subsurface Probe Room,mining,2,targeting_terminal,Targeting Terminal,interactive,base,p0,"Using the attached style reference, create a single isolated room component sprite for a spacecraft dollhouse interior system. Component: Targeting Terminal. Category: Subsurface Probe Room. Side-view cross-section, clean cutout silhouette, no text, no labels, no UI, no characters. Designed for 2:1 room tile composition. match this style exactly; side-view cutaway module language; no text/no labels/no UI; consistent line weight and colour temperature with reference."
subsurface_probe_t2__probe_folded_antennae__active,state_variant,subsurface_probe_t2,Subsurface Probe Room,mining,2,probe_folded_antennae,Probe Folded Antennae,interactive,active,p1,"Using the attached style reference and matching the base component exactly, create state variant 'active' for component 'Probe Folded Antennae' in 'Subsurface Probe Room'. Change only state cues: brighter active glow, subtle motion/energy cues, engaged indicators. Preserve camera, scale, line weight, material details. No text, no labels, no UI. match this style exactly; side-view cutaway module language; no text/no labels/no UI; consistent line weight and colour temperature with reference."
subsurface_probe_t2__probe_folded_antennae__cooldown,state_variant,subsurface_probe_t2,Subsurface Probe Room,mining,2,probe_folded_antennae,Probe Folded Antennae,interactive,cooldown,p1,"Using the attached style reference and matching the base component exactly, create state variant 'cooldown' for component 'Probe Folded Antennae' in 'Subsurface Probe Room'. Change only state cues: reduced glow with cooling/venting cues and amber warning flicker. Preserve camera, scale, line weight, material details. No text, no labels, no UI. match this style exactly; side-view cutaway module language; no text/no labels/no UI; consistent line weight and colour temperature with reference."
subsurface_probe_t2__probe_folded_antennae__damaged,state_variant,subsurface_probe_t2,Subsurface Probe Room,mining,2,probe_folded_antennae,Probe Folded Antennae,interactive,damaged,p1,"Using the attached style reference and matching the base component exactly, create state variant 'damaged' for component 'Probe Folded Antennae' in 'Subsurface Probe Room'. Change only state cues: visible wear, sparks or cracks, warning lights and degraded output. Preserve camera, scale, line weight, material details. No text, no labels, no UI. match this style exactly; side-view cutaway module language; no text/no labels/no UI; consistent line weight and colour temperature with reference."
subsurface_probe_t2__probe_folded_antennae__depleted,state_variant,subsurface_probe_t2,Subsurface Probe Room,mining,2,probe_folded_antennae,Probe Folded Antennae,interactive,depleted,p1,"Using the attached style reference and matching the base component exactly, create state variant 'depleted' for component 'Probe Folded Antennae' in 'Subsurface Probe Room'. Change only state cues: minimal or no glow, offline indicators, depleted resource cues. Preserve camera, scale, line weight, material details. No text, no labels, no UI. match this style exactly; side-view cutaway module language; no text/no labels/no UI; consistent line weight and colour temperature with reference."
subsurface_probe_t2__probe_folded_antennae__idle,state_variant,subsurface_probe_t2,Subsurface Probe Room,mining,2,probe_folded_antennae,Probe Folded Antennae,interactive,idle,p1,"Using the attached style reference and matching the base component exactly, create state variant 'idle' for component 'Probe Folded Antennae' in 'Subsurface Probe Room'. Change only state cues: stable indicator lights, neutral glow, no motion cues. Preserve camera, scale, line weight, material details. No text, no labels, no UI. match this style exactly; side-view cutaway module language; no text/no labels/no UI; consistent line weight and colour temperature with reference."
subsurface_probe_t2__subsurface_probe_body__active,state_variant,subsurface_probe_t2,Subsurface Probe Room,mining,2,subsurface_probe_body,Subsurface Probe Body,interactive,active,p1,"Using the attached style reference and matching the base component exactly, create state variant 'active' for component 'Subsurface Probe Body' in 'Subsurface Probe Room'. Change only state cues: brighter active glow, subtle motion/energy cues, engaged indicators. Preserve camera, scale, line weight, material details. No text, no labels, no UI. match this style exactly; side-view cutaway module language; no text/no labels/no UI; consistent line weight and colour temperature with reference."
subsurface_probe_t2__subsurface_probe_body__cooldown,state_variant,subsurface_probe_t2,Subsurface Probe Room,mining,2,subsurface_probe_body,Subsurface Probe Body,interactive,cooldown,p1,"Using the attached style reference and matching the base component exactly, create state variant 'cooldown' for component 'Subsurface Probe Body' in 'Subsurface Probe Room'. Change only state cues: reduced glow with cooling/venting cues and amber warning flicker. Preserve camera, scale, line weight, material details. No text, no labels, no UI. match this style exactly; side-view cutaway module language; no text/no labels/no UI; consistent line weight and colour temperature with reference."
subsurface_probe_t2__subsurface_probe_body__damaged,state_variant,subsurface_probe_t2,Subsurface Probe Room,mining,2,subsurface_probe_body,Subsurface Probe Body,interactive,damaged,p1,"Using the attached style reference and matching the base component exactly, create state variant 'damaged' for component 'Subsurface Probe Body' in 'Subsurface Probe Room'. Change only state cues: visible wear, sparks or cracks, warning lights and degraded output. Preserve camera, scale, line weight, material details. No text, no labels, no UI. match this style exactly; side-view cutaway module language; no text/no labels/no UI; consistent line weight and colour temperature with reference."
subsurface_probe_t2__subsurface_probe_body__depleted,state_variant,subsurface_probe_t2,Subsurface Probe Room,mining,2,subsurface_probe_body,Subsurface Probe Body,interactive,depleted,p1,"Using the attached style reference and matching the base component exactly, create state variant 'depleted' for component 'Subsurface Probe Body' in 'Subsurface Probe Room'. Change only state cues: minimal or no glow, offline indicators, depleted resource cues. Preserve camera, scale, line weight, material details. No text, no labels, no UI. match this style exactly; side-view cutaway module language; no text/no labels/no UI; consistent line weight and colour temperature with reference."
subsurface_probe_t2__subsurface_probe_body__idle,state_variant,subsurface_probe_t2,Subsurface Probe Room,mining,2,subsurface_probe_body,Subsurface Probe Body,interactive,idle,p1,"Using the attached style reference and matching the base component exactly, create state variant 'idle' for component 'Subsurface Probe Body' in 'Subsurface Probe Room'. Change only state cues: stable indicator lights, neutral glow, no motion cues. Preserve camera, scale, line weight, material details. No text, no labels, no UI. match this style exactly; side-view cutaway module language; no text/no labels/no UI; consistent line weight and colour temperature with reference."
subsurface_probe_t2__targeting_terminal__active,state_variant,subsurface_probe_t2,Subsurface Probe Room,mining,2,targeting_terminal,Targeting Terminal,interactive,active,p1,"Using the attached style reference and matching the base component exactly, create state variant 'active' for component 'Targeting Terminal' in 'Subsurface Probe Room'. Change only state cues: brighter active glow, subtle motion/energy cues, engaged indicators. Preserve camera, scale, line weight, material details. No text, no labels, no UI. match this style exactly; side-view cutaway module language; no text/no labels/no UI; consistent line weight and colour temperature with reference."
subsurface_probe_t2__targeting_terminal__cooldown,state_variant,subsurface_probe_t2,Subsurface Probe Room,mining,2,targeting_terminal,Targeting Terminal,interactive,cooldown,p1,"Using the attached style reference and matching the base component exactly, create state variant 'cooldown' for component 'Targeting Terminal' in 'Subsurface Probe Room'. Change only state cues: reduced glow with cooling/venting cues and amber warning flicker. Preserve camera, scale, line weight, material details. No text, no labels, no UI. match this style exactly; side-view cutaway module language; no text/no labels/no UI; consistent line weight and colour temperature with reference."
subsurface_probe_t2__targeting_terminal__damaged,state_variant,subsurface_probe_t2,Subsurface Probe Room,mining,2,targeting_terminal,Targeting Terminal,interactive,damaged,p1,"Using the attached style reference and matching the base component exactly, create state variant 'damaged' for component 'Targeting Terminal' in 'Subsurface Probe Room'. Change only state cues: visible wear, sparks or cracks, warning lights and degraded output. Preserve camera, scale, line weight, material details. No text, no labels, no UI. match this style exactly; side-view cutaway module language; no text/no labels/no UI; consistent line weight and colour temperature with reference."
subsurface_probe_t2__targeting_terminal__depleted,state_variant,subsurface_probe_t2,Subsurface Probe Room,mining,2,targeting_terminal,Targeting Terminal,interactive,depleted,p1,"Using the attached style reference and matching the base component exactly, create state variant 'depleted' for component 'Targeting Terminal' in 'Subsurface Probe Room'. Change only state cues: minimal or no glow, offline indicators, depleted resource cues. Preserve camera, scale, line weight, material details. No text, no labels, no UI. match this style exactly; side-view cutaway module language; no text/no labels/no UI; consistent line weight and colour temperature with reference."
subsurface_probe_t2__targeting_terminal__idle,state_variant,subsurface_probe_t2,Subsurface Probe Room,mining,2,targeting_terminal,Targeting Terminal,interactive,idle,p1,"Using the attached style reference and matching the base component exactly, create state variant 'idle' for component 'Targeting Terminal' in 'Subsurface Probe Room'. Change only state cues: stable indicator lights, neutral glow, no motion cues. Preserve camera, scale, line weight, material details. No text, no labels, no UI. match this style exactly; side-view cutaway module language; no text/no labels/no UI; consistent line weight and colour temperature with reference."
subsurface_probe_t2__room_composite__v1,room_composite,subsurface_probe_t2,Subsurface Probe Room,mining,2,room_composite,Room Composite,composite,base,p0,"Using the attached style reference, compose one 2:1 spacecraft room tile for 'Subsurface Probe Room' using these components: launch_tube_housing, floor_launch_doors, subsurface_probe_body, probe_folded_antennae, targeting_terminal. Keep module shell rectangular with flat top/bottom for stacking. Include only listed components and consistent accent lighting. No text, no labels, no UI, no rocket exterior. match this style exactly; side-view cutaway module language; no text/no labels/no UI; consistent line weight and colour temperature with reference."
