asset_id,asset_type,room_id,room_name,category,tier,component_id,component_name,component_kind,state_key,priority,prompt
ablative_armour_t3__nano_repair_node_array__usage_0_24,state_variant,ablative_armour_t3,Ablative Armour Module,hull,3,nano_repair_node_array,Nano-Repair Node Array,interactive,usage_0_24,p2,"Using the attached style reference and matching the base component exactly, create state variant 'usage_0_24' for component 'Nano-Repair Node Array' in 'Ablative Armour Module'. Change only state cues: clean surfaces, low heat bloom, minimal wear. Preserve camera, scale, line weight, material details. No text, no labels, no UI. match this style exactly; side-view cutaway module language; no text/no labels/no UI; consistent line weight and colour temperature with reference."
ablative_armour_t3__nano_repair_node_array__usage_100,state_variant,ablative_armour_t3,Ablative Armour Module,hull,3,nano_repair_node_array,Nano-Repair Node Array,interactive,usage_100,p2,"Using the attached style reference and matching the base component exactly, create state variant 'usage_100' for component 'Nano-Repair Node Array' in 'Ablative Armour Module'. Change only state cues: near-failure/depleted look, severe wear, emergency warning cues. Preserve camera, scale, line weight, material details. No text, no labels, no UI. match this style exactly; side-view cutaway module language; no text/no labels/no UI; consistent line weight and colour temperature with reference."
ablative_armour_t3__nano_repair_node_array__usage_25_49,state_variant,ablative_armour_t3,Ablative Armour Module,hull,3,nano_repair_node_array,Nano-Repair Node Array,interactive,usage_25_49,p2,"Using the attached style reference and matching the base component exactly, create state variant 'usage_25_49' for component 'Nano-Repair Node Array' in 'Ablative Armour Module'. Change only state cues: mild scorch marks and minor scratches, slightly warmer highlights. Preserve camera, scale, line weight, material details. No text, no labels, no UI. match this style exactly; side-view cutaway module language; no text/no labels/no UI; consistent line weight and colour temperature with reference."
ablative_armour_t3__nano_repair_node_array__usage_50_74,state_variant,ablative_armour_t3,Ablative Armour Module,hull,3,nano_repair_node_array,Nano-Repair Node Array,interactive,usage_50_74,p2,"Using the attached style reference and matching the base component exactly, create state variant 'usage_50_74' for component 'Nano-Repair Node Array' in 'Ablative Armour Module'. Change only state cues: moderate wear, heat bloom, visible scratches and warning tint. Preserve camera, scale, line weight, material details. No text, no labels, no UI. match this style exactly; side-view cutaway module language; no text/no labels/no UI; consistent line weight and colour temperature with reference."
ablative_armour_t3__nano_repair_node_array__usage_75_99,state_variant,ablative_armour_t3,Ablative Armour Module,hull,3,nano_repair_node_array,Nano-Repair Node Array,interactive,usage_75_99,p2,"Using the attached style reference and matching the base component exactly, create state variant 'usage_75_99' for component 'Nano-Repair Node Array' in 'Ablative Armour Module'. Change only state cues: heavy wear, strong warning glow, soot/scuffs and stressed materials. Preserve camera, scale, line weight, material details. No text, no labels, no UI. match this style exactly; side-view cutaway module language; no text/no labels/no UI; consistent line weight and colour temperature with reference."
basic_hull_t1__damage_indicator_strip__usage_0_24,state_variant,basic_hull_t1,Basic Hull Plating Module,hull,1,damage_indicator_strip,Damage Indicator Strip,interactive,usage_0_24,p2,"Using the attached style reference and matching the base component exactly, create state variant 'usage_0_24' for component 'Damage Indicator Strip' in 'Basic Hull Plating Module'. Change only state cues: clean surfaces, low heat bloom, minimal wear. Preserve camera, scale, line weight, material details. No text, no labels, no UI. match this style exactly; side-view cutaway module language; no text/no labels/no UI; consistent line weight and colour temperature with reference."
basic_hull_t1__damage_indicator_strip__usage_100,state_variant,basic_hull_t1,Basic Hull Plating Module,hull,1,damage_indicator_strip,Damage Indicator Strip,interactive,usage_100,p2,"Using the attached style reference and matching the base component exactly, create state variant 'usage_100' for component 'Damage Indicator Strip' in 'Basic Hull Plating Module'. Change only state cues: near-failure/depleted look, severe wear, emergency warning cues. Preserve camera, scale, line weight, material details. No text, no labels, no UI. match this style exactly; side-view cutaway module language; no text/no labels/no UI; consistent line weight and colour temperature with reference."
basic_hull_t1__damage_indicator_strip__usage_25_49,state_variant,basic_hull_t1,Basic Hull Plating Module,hull,1,damage_indicator_strip,Damage Indicator Strip,interactive,usage_25_49,p2,"Using the attached style reference and matching the base component exactly, create state variant 'usage_25_49' for component 'Damage Indicator Strip' in 'Basic Hull Plating Module'. Change only state cues: mild scorch marks and minor scratches, slightly warmer highlights. Preserve camera, scale, line weight, material details. No text, no labels, no UI. match this style exactly; side-view cutaway module language; no text/no labels/no UI; consistent line weight and colour temperature with reference."
basic_hull_t1__damage_indicator_strip__usage_50_74,state_variant,basic_hull_t1,Basic Hull Plating Module,hull,1,damage_indicator_strip,Damage Indicator Strip,interactive,usage_50_74,p2,"Using the attached style reference and matching the base component exactly, create state variant 'usage_50_74' for component 'Damage Indicator Strip' in 'Basic Hull Plating Module'. Change only state cues: moderate wear, heat bloom, visible scratches and warning tint. Preserve camera, scale, line weight, material details. No text, no labels, no UI. match this style exactly; side-view cutaway module language; no text/no labels/no UI; consistent line weight and colour temperature with reference."
basic_hull_t1__damage_indicator_strip__usage_75_99,state_variant,basic_hull_t1,Basic Hull Plating Module,hull,1,damage_indicator_strip,Damage Indicator Strip,interactive,usage_75_99,p2,"Using the attached style reference and matching the base component exactly, create state variant 'usage_75_99' for component 'Damage Indicator Strip' in 'Basic Hull Plating Module'. Change only state cues: heavy wear, strong warning glow, soot/scuffs and stressed materials. Preserve camera, scale, line weight, material details. No text, no labels, no UI. match this style exactly; side-view cutaway module language; no text/no labels/no UI; consistent line weight and colour temperature with reference."
basic_nav_t1__manual_flight_controls__usage_0_24,state_variant,basic_nav_t1,Basic Navigation Room,navigation,1,manual_flight_controls,Manual Flight Controls,interactive,usage_0_24,p2,"Using the attached style reference and matching the base component exactly, create state variant 'usage_0_24' for component 'Manual Flight Controls' in 'Basic Navigation Room'. Change only state cues: clean surfaces, low heat bloom, minimal wear. Preserve camera, scale, line weight, material details. No text, no labels, no UI. match this style exactly; side-view cutaway module language; no text/no labels/no UI; consistent line weight and colour temperature with reference."
basic_nav_t1__manual_flight_controls__usage_100,state_variant,basic_nav_t1,Basic Navigation Room,navigation,1,manual_flight_controls,Manual Flight Controls,interactive,usage_100,p2,"Using the attached style reference and matching the base component exactly, create state variant 'usage_100' for component 'Manual Flight Controls' in 'Basic Navigation Room'. Change only state cues: near-failure/depleted look, severe wear, emergency warning cues. Preserve camera, scale, line weight, material details. No text, no labels, no UI. match this style exactly; side-view cutaway module language; no text/no labels/no UI; consistent line weight and colour temperature with reference."
basic_nav_t1__manual_flight_controls__usage_25_49,state_variant,basic_nav_t1,Basic Navigation Room,navigation,1,manual_flight_controls,Manual Flight Controls,interactive,usage_25_49,p2,"Using the attached style reference and matching the base component exactly, create state variant 'usage_25_49' for component 'Manual Flight Controls' in 'Basic Navigation Room'. Change only state cues: mild scorch marks and minor scratches, slightly warmer highlights. Preserve camera, scale, line weight, material details. No text, no labels, no UI. match this style exactly; side-view cutaway module language; no text/no labels/no UI; consistent line weight and colour temperature with reference."
basic_nav_t1__manual_flight_controls__usage_50_74,state_variant,basic_nav_t1,Basic Navigation Room,navigation,1,manual_flight_controls,Manual Flight Controls,interactive,usage_50_74,p2,"Using the attached style reference and matching the base component exactly, create state variant 'usage_50_74' for component 'Manual Flight Controls' in 'Basic Navigation Room'. Change only state cues: moderate wear, heat bloom, visible scratches and warning tint. Preserve camera, scale, line weight, material details. No text, no labels, no UI. match this style exactly; side-view cutaway module language; no text/no labels/no UI; consistent line weight and colour temperature with reference."
basic_nav_t1__manual_flight_controls__usage_75_99,state_variant,basic_nav_t1,Basic Navigation Room,navigation,1,manual_flight_controls,Manual Flight Controls,interactive,usage_75_99,p2,"Using the attached style reference and matching the base component exactly, create state variant 'usage_75_99' for component 'Manual Flight Controls' in 'Basic Navigation Room'. Change only state cues: heavy wear, strong warning glow, soot/scuffs and stressed materials. Preserve camera, scale, line weight, material details. No text, no labels, no UI. match this style exactly; side-view cutaway module language; no text/no labels/no UI; consistent line weight and colour temperature with reference."
basic_thruster_t1__rocket_nozzle_assembly__usage_0_24,state_variant,basic_thruster_t1,Basic Thruster Room,propulsion,1,rocket_nozzle_assembly,Rocket Nozzle Assembly,interactive,usage_0_24,p2,"Using the attached style reference and matching the base component exactly, create state variant 'usage_0_24' for component 'Rocket Nozzle Assembly' in 'Basic Thruster Room'. Change only state cues: clean surfaces, low heat bloom, minimal wear. Preserve camera, scale, line weight, material details. No text, no labels, no UI. match this style exactly; side-view cutaway module language; no text/no labels/no UI; consistent line weight and colour temperature with reference."
basic_thruster_t1__rocket_nozzle_assembly__usage_100,state_variant,basic_thruster_t1,Basic Thruster Room,propulsion,1,rocket_nozzle_assembly,Rocket Nozzle Assembly,interactive,usage_100,p2,"Using the attached style reference and matching the base component exactly, create state variant 'usage_100' for component 'Rocket Nozzle Assembly' in 'Basic Thruster Room'. Change only state cues: near-failure/depleted look, severe wear, emergency warning cues. Preserve camera, scale, line weight, material details. No text, no labels, no UI. match this style exactly; side-view cutaway module language; no text/no labels/no UI; consistent line weight and colour temperature with reference."
basic_thruster_t1__rocket_nozzle_assembly__usage_25_49,state_variant,basic_thruster_t1,Basic Thruster Room,propulsion,1,rocket_nozzle_assembly,Rocket Nozzle Assembly,interactive,usage_25_49,p2,"Using the attached style reference and matching the base component exactly, create state variant 'usage_25_49' for component 'Rocket Nozzle Assembly' in 'Basic Thruster Room'. Change only state cues: mild scorch marks and minor scratches, slightly warmer highlights. Preserve camera, scale, line weight, material details. No text, no labels, no UI. match this style exactly; side-view cutaway module language; no text/no labels/no UI; consistent line weight and colour temperature with reference."
basic_thruster_t1__rocket_nozzle_assembly__usage_50_74,state_variant,basic_thruster_t1,Basic Thruster Room,propulsion,1,rocket_nozzle_assembly,Rocket Nozzle Assembly,interactive,usage_50_74,p2,"Using the attached style reference and matching the base component exactly, create state variant 'usage_50_74' for component 'Rocket Nozzle Assembly' in 'Basic Thruster Room'. Change only state cues: moderate wear, heat bloom, visible scratches and warning tint. Preserve camera, scale, line weight, material details. No text, no labels, no UI. match this style exactly; side-view cutaway module language; no text/no labels/no UI; consistent line weight and colour temperature with reference."
basic_thruster_t1__rocket_nozzle_assembly__usage_75_99,state_variant,basic_thruster_t1,Basic Thruster Room,propulsion,1,rocket_nozzle_assembly,Rocket Nozzle Assembly,interactive,usage_75_99,p2,"Using the attached style reference and matching the base component exactly, create state variant 'usage_75_99' for component 'Rocket Nozzle Assembly' in 'Basic Thruster Room'. Change only state cues: heavy wear, strong warning glow, soot/scuffs and stressed materials. Preserve camera, scale, line weight, material details. No text, no labels, no UI. match this style exactly; side-view cutaway module language; no text/no labels/no UI; consistent line weight and colour temperature with reference."
broadcast_array_t2__directional_control_joystick__usage_0_24,state_variant,broadcast_array_t2,Broadcast Array Room,communication,2,directional_control_joystick,Directional Control Joystick,interactive,usage_0_24,p2,"Using the attached style reference and matching the base component exactly, create state variant 'usage_0_24' for component 'Directional Control Joystick' in 'Broadcast Array Room'. Change only state cues: clean surfaces, low heat bloom, minimal wear. Preserve camera, scale, line weight, material details. No text, no labels, no UI. match this style exactly; side-view cutaway module language; no text/no labels/no UI; consistent line weight and colour temperature with reference."
broadcast_array_t2__directional_control_joystick__usage_100,state_variant,broadcast_array_t2,Broadcast Array Room,communication,2,directional_control_joystick,Directional Control Joystick,interactive,usage_100,p2,"Using the attached style reference and matching the base component exactly, create state variant 'usage_100' for component 'Directional Control Joystick' in 'Broadcast Array Room'. Change only state cues: near-failure/depleted look, severe wear, emergency warning cues. Preserve camera, scale, line weight, material details. No text, no labels, no UI. match this style exactly; side-view cutaway module language; no text/no labels/no UI; consistent line weight and colour temperature with reference."
broadcast_array_t2__directional_control_joystick__usage_25_49,state_variant,broadcast_array_t2,Broadcast Array Room,communication,2,directional_control_joystick,Directional Control Joystick,interactive,usage_25_49,p2,"Using the attached style reference and matching the base component exactly, create state variant 'usage_25_49' for component 'Directional Control Joystick' in 'Broadcast Array Room'. Change only state cues: mild scorch marks and minor scratches, slightly warmer highlights. Preserve camera, scale, line weight, material details. No text, no labels, no UI. match this style exactly; side-view cutaway module language; no text/no labels/no UI; consistent line weight and colour temperature with reference."
broadcast_array_t2__directional_control_joystick__usage_50_74,state_variant,broadcast_array_t2,Broadcast Array Room,communication,2,directional_control_joystick,Directional Control Joystick,interactive,usage_50_74,p2,"Using the attached style reference and matching the base component exactly, create state variant 'usage_50_74' for component 'Directional Control Joystick' in 'Broadcast Array Room'. Change only state cues: moderate wear, heat bloom, visible scratches and warning tint. Preserve camera, scale, line weight, material details. No text, no labels, no UI. match this style exactly; side-view cutaway module language; no text/no labels/no UI; consistent line weight and colour temperature with reference."
broadcast_array_t2__directional_control_joystick__usage_75_99,state_variant,broadcast_array_t2,Broadcast Array Room,communication,2,directional_control_joystick,Directional Control Joystick,interactive,usage_75_99,p2,"Using the attached style reference and matching the base component exactly, create state variant 'usage_75_99' for component 'Directional Control Joystick' in 'Broadcast Array Room'. Change only state cues: heavy wear, strong warning glow, soot/scuffs and stressed materials. Preserve camera, scale, line weight, material details. No text, no labels, no UI. match this style exactly; side-view cutaway module language; no text/no labels/no UI; consistent line weight and colour temperature with reference."
broadcast_array_t2__signal_processing_rack__usage_0_24,state_variant,broadcast_array_t2,Broadcast Array Room,communication,2,signal_processing_rack,Signal Processing Rack,interactive,usage_0_24,p2,"Using the attached style reference and matching the base component exactly, create state variant 'usage_0_24' for component 'Signal Processing Rack' in 'Broadcast Array Room'. Change only state cues: clean surfaces, low heat bloom, minimal wear. Preserve camera, scale, line weight, material details. No text, no labels, no UI. match this style exactly; side-view cutaway module language; no text/no labels/no UI; consistent line weight and colour temperature with reference."
broadcast_array_t2__signal_processing_rack__usage_100,state_variant,broadcast_array_t2,Broadcast Array Room,communication,2,signal_processing_rack,Signal Processing Rack,interactive,usage_100,p2,"Using the attached style reference and matching the base component exactly, create state variant 'usage_100' for component 'Signal Processing Rack' in 'Broadcast Array Room'. Change only state cues: near-failure/depleted look, severe wear, emergency warning cues. Preserve camera, scale, line weight, material details. No text, no labels, no UI. match this style exactly; side-view cutaway module language; no text/no labels/no UI; consistent line weight and colour temperature with reference."
broadcast_array_t2__signal_processing_rack__usage_25_49,state_variant,broadcast_array_t2,Broadcast Array Room,communication,2,signal_processing_rack,Signal Processing Rack,interactive,usage_25_49,p2,"Using the attached style reference and matching the base component exactly, create state variant 'usage_25_49' for component 'Signal Processing Rack' in 'Broadcast Array Room'. Change only state cues: mild scorch marks and minor scratches, slightly warmer highlights. Preserve camera, scale, line weight, material details. No text, no labels, no UI. match this style exactly; side-view cutaway module language; no text/no labels/no UI; consistent line weight and colour temperature with reference."
broadcast_array_t2__signal_processing_rack__usage_50_74,state_variant,broadcast_array_t2,Broadcast Array Room,communication,2,signal_processing_rack,Signal Processing Rack,interactive,usage_50_74,p2,"Using the attached style reference and matching the base component exactly, create state variant 'usage_50_74' for component 'Signal Processing Rack' in 'Broadcast Array Room'. Change only state cues: moderate wear, heat bloom, visible scratches and warning tint. Preserve camera, scale, line weight, material details. No text, no labels, no UI. match this style exactly; side-view cutaway module language; no text/no labels/no UI; consistent line weight and colour temperature with reference."
broadcast_array_t2__signal_processing_rack__usage_75_99,state_variant,broadcast_array_t2,Broadcast Array Room,communication,2,signal_processing_rack,Signal Processing Rack,interactive,usage_75_99,p2,"Using the attached style reference and matching the base component exactly, create state variant 'usage_75_99' for component 'Signal Processing Rack' in 'Broadcast Array Room'. Change only state cues: heavy wear, strong warning glow, soot/scuffs and stressed materials. Preserve camera, scale, line weight, material details. No text, no labels, no UI. match this style exactly; side-view cutaway module language; no text/no labels/no UI; consistent line weight and colour temperature with reference."
cargo_bay_t1__ceiling_robotic_arm__usage_0_24,state_variant,cargo_bay_t1,Cargo Bay Room,storage,1,ceiling_robotic_arm,Ceiling Robotic Arm,interactive,usage_0_24,p2,"Using the attached style reference and matching the base component exactly, create state variant 'usage_0_24' for component 'Ceiling Robotic Arm' in 'Cargo Bay Room'. Change only state cues: clean surfaces, low heat bloom, minimal wear. Preserve camera, scale, line weight, material details. No text, no labels, no UI. match this style exactly; side-view cutaway module language; no text/no labels/no UI; consistent line weight and colour temperature with reference."
cargo_bay_t1__ceiling_robotic_arm__usage_100,state_variant,cargo_bay_t1,Cargo Bay Room,storage,1,ceiling_robotic_arm,Ceiling Robotic Arm,interactive,usage_100,p2,"Using the attached style reference and matching the base component exactly, create state variant 'usage_100' for component 'Ceiling Robotic Arm' in 'Cargo Bay Room'. Change only state cues: near-failure/depleted look, severe wear, emergency warning cues. Preserve camera, scale, line weight, material details. No text, no labels, no UI. match this style exactly; side-view cutaway module language; no text/no labels/no UI; consistent line weight and colour temperature with reference."
cargo_bay_t1__ceiling_robotic_arm__usage_25_49,state_variant,cargo_bay_t1,Cargo Bay Room,storage,1,ceiling_robotic_arm,Ceiling Robotic Arm,interactive,usage_25_49,p2,"Using the attached style reference and matching the base component exactly, create state variant 'usage_25_49' for component 'Ceiling Robotic Arm' in 'Cargo Bay Room'. Change only state cues: mild scorch marks and minor scratches, slightly warmer highlights. Preserve camera, scale, line weight, material details. No text, no labels, no UI. match this style exactly; side-view cutaway module language; no text/no labels/no UI; consistent line weight and colour temperature with reference."
cargo_bay_t1__ceiling_robotic_arm__usage_50_74,state_variant,cargo_bay_t1,Cargo Bay Room,storage,1,ceiling_robotic_arm,Ceiling Robotic Arm,interactive,usage_50_74,p2,"Using the attached style reference and matching the base component exactly, create state variant 'usage_50_74' for component 'Ceiling Robotic Arm' in 'Cargo Bay Room'. Change only state cues: moderate wear, heat bloom, visible scratches and warning tint. Preserve camera, scale, line weight, material details. No text, no labels, no UI. match this style exactly; side-view cutaway module language; no text/no labels/no UI; consistent line weight and colour temperature with reference."
cargo_bay_t1__ceiling_robotic_arm__usage_75_99,state_variant,cargo_bay_t1,Cargo Bay Room,storage,1,ceiling_robotic_arm,Ceiling Robotic Arm,interactive,usage_75_99,p2,"Using the attached style reference and matching the base component exactly, create state variant 'usage_75_99' for component 'Ceiling Robotic Arm' in 'Cargo Bay Room'. Change only state cues: heavy wear, strong warning glow, soot/scuffs and stressed materials. Preserve camera, scale, line weight, material details. No text, no labels, no UI. match this style exactly; side-view cutaway module language; no text/no labels/no UI; consistent line weight and colour temperature with reference."
cargo_bay_t1__ore_crates_set__usage_0_24,state_variant,cargo_bay_t1,Cargo Bay Room,storage,1,ore_crates_set,Ore Crates,interactive,usage_0_24,p2,"Using the attached style reference and matching the base component exactly, create state variant 'usage_0_24' for component 'Ore Crates' in 'Cargo Bay Room'. Change only state cues: clean surfaces, low heat bloom, minimal wear. Preserve camera, scale, line weight, material details. No text, no labels, no UI. match this style exactly; side-view cutaway module language; no text/no labels/no UI; consistent line weight and colour temperature with reference."
cargo_bay_t1__ore_crates_set__usage_100,state_variant,cargo_bay_t1,Cargo Bay Room,storage,1,ore_crates_set,Ore Crates,interactive,usage_100,p2,"Using the attached style reference and matching the base component exactly, create state variant 'usage_100' for component 'Ore Crates' in 'Cargo Bay Room'. Change only state cues: near-failure/depleted look, severe wear, emergency warning cues. Preserve camera, scale, line weight, material details. No text, no labels, no UI. match this style exactly; side-view cutaway module language; no text/no labels/no UI; consistent line weight and colour temperature with reference."
cargo_bay_t1__ore_crates_set__usage_25_49,state_variant,cargo_bay_t1,Cargo Bay Room,storage,1,ore_crates_set,Ore Crates,interactive,usage_25_49,p2,"Using the attached style reference and matching the base component exactly, create state variant 'usage_25_49' for component 'Ore Crates' in 'Cargo Bay Room'. Change only state cues: mild scorch marks and minor scratches, slightly warmer highlights. Preserve camera, scale, line weight, material details. No text, no labels, no UI. match this style exactly; side-view cutaway module language; no text/no labels/no UI; consistent line weight and colour temperature with reference."
cargo_bay_t1__ore_crates_set__usage_50_74,state_variant,cargo_bay_t1,Cargo Bay Room,storage,1,ore_crates_set,Ore Crates,interactive,usage_50_74,p2,"Using the attached style reference and matching the base component exactly, create state variant 'usage_50_74' for component 'Ore Crates' in 'Cargo Bay Room'. Change only state cues: moderate wear, heat bloom, visible scratches and warning tint. Preserve camera, scale, line weight, material details. No text, no labels, no UI. match this style exactly; side-view cutaway module language; no text/no labels/no UI; consistent line weight and colour temperature with reference."
cargo_bay_t1__ore_crates_set__usage_75_99,state_variant,cargo_bay_t1,Cargo Bay Room,storage,1,ore_crates_set,Ore Crates,interactive,usage_75_99,p2,"Using the attached style reference and matching the base component exactly, create state variant 'usage_75_99' for component 'Ore Crates' in 'Cargo Bay Room'. Change only state cues: heavy wear, strong warning glow, soot/scuffs and stressed materials. Preserve camera, scale, line weight, material details. No text, no labels, no UI. match this style exactly; side-view cutaway module language; no text/no labels/no UI; consistent line weight and colour temperature with reference."
cargo_bay_t1__specimen_containers_clamped__usage_0_24,state_variant,cargo_bay_t1,Cargo Bay Room,storage,1,specimen_containers_clamped,Specimen Containers,interactive,usage_0_24,p2,"Using the attached style reference and matching the base component exactly, create state variant 'usage_0_24' for component 'Specimen Containers' in 'Cargo Bay Room'. Change only state cues: clean surfaces, low heat bloom, minimal wear. Preserve camera, scale, line weight, material details. No text, no labels, no UI. match this style exactly; side-view cutaway module language; no text/no labels/no UI; consistent line weight and colour temperature with reference."
cargo_bay_t1__specimen_containers_clamped__usage_100,state_variant,cargo_bay_t1,Cargo Bay Room,storage,1,specimen_containers_clamped,Specimen Containers,interactive,usage_100,p2,"Using the attached style reference and matching the base component exactly, create state variant 'usage_100' for component 'Specimen Containers' in 'Cargo Bay Room'. Change only state cues: near-failure/depleted look, severe wear, emergency warning cues. Preserve camera, scale, line weight, material details. No text, no labels, no UI. match this style exactly; side-view cutaway module language; no text/no labels/no UI; consistent line weight and colour temperature with reference."
cargo_bay_t1__specimen_containers_clamped__usage_25_49,state_variant,cargo_bay_t1,Cargo Bay Room,storage,1,specimen_containers_clamped,Specimen Containers,interactive,usage_25_49,p2,"Using the attached style reference and matching the base component exactly, create state variant 'usage_25_49' for component 'Specimen Containers' in 'Cargo Bay Room'. Change only state cues: mild scorch marks and minor scratches, slightly warmer highlights. Preserve camera, scale, line weight, material details. No text, no labels, no UI. match this style exactly; side-view cutaway module language; no text/no labels/no UI; consistent line weight and colour temperature with reference."
cargo_bay_t1__specimen_containers_clamped__usage_50_74,state_variant,cargo_bay_t1,Cargo Bay Room,storage,1,specimen_containers_clamped,Specimen Containers,interactive,usage_50_74,p2,"Using the attached style reference and matching the base component exactly, create state variant 'usage_50_74' for component 'Specimen Containers' in 'Cargo Bay Room'. Change only state cues: moderate wear, heat bloom, visible scratches and warning tint. Preserve camera, scale, line weight, material details. No text, no labels, no UI. match this style exactly; side-view cutaway module language; no text/no labels/no UI; consistent line weight and colour temperature with reference."
cargo_bay_t1__specimen_containers_clamped__usage_75_99,state_variant,cargo_bay_t1,Cargo Bay Room,storage,1,specimen_containers_clamped,Specimen Containers,interactive,usage_75_99,p2,"Using the attached style reference and matching the base component exactly, create state variant 'usage_75_99' for component 'Specimen Containers' in 'Cargo Bay Room'. Change only state cues: heavy wear, strong warning glow, soot/scuffs and stressed materials. Preserve camera, scale, line weight, material details. No text, no labels, no UI. match this style exactly; side-view cutaway module language; no text/no labels/no UI; consistent line weight and colour temperature with reference."
comms_relay_t1__rotating_dish_mechanism__usage_0_24,state_variant,comms_relay_t1,Comms Relay Room,communication,1,rotating_dish_mechanism,Rotating Dish Mechanism,interactive,usage_0_24,p2,"Using the attached style reference and matching the base component exactly, create state variant 'usage_0_24' for component 'Rotating Dish Mechanism' in 'Comms Relay Room'. Change only state cues: clean surfaces, low heat bloom, minimal wear. Preserve camera, scale, line weight, material details. No text, no labels, no UI. match this style exactly; side-view cutaway module language; no text/no labels/no UI; consistent line weight and colour temperature with reference."
comms_relay_t1__rotating_dish_mechanism__usage_100,state_variant,comms_relay_t1,Comms Relay Room,communication,1,rotating_dish_mechanism,Rotating Dish Mechanism,interactive,usage_100,p2,"Using the attached style reference and matching the base component exactly, create state variant 'usage_100' for component 'Rotating Dish Mechanism' in 'Comms Relay Room'. Change only state cues: near-failure/depleted look, severe wear, emergency warning cues. Preserve camera, scale, line weight, material details. No text, no labels, no UI. match this style exactly; side-view cutaway module language; no text/no labels/no UI; consistent line weight and colour temperature with reference."
comms_relay_t1__rotating_dish_mechanism__usage_25_49,state_variant,comms_relay_t1,Comms Relay Room,communication,1,rotating_dish_mechanism,Rotating Dish Mechanism,interactive,usage_25_49,p2,"Using the attached style reference and matching the base component exactly, create state variant 'usage_25_49' for component 'Rotating Dish Mechanism' in 'Comms Relay Room'. Change only state cues: mild scorch marks and minor scratches, slightly warmer highlights. Preserve camera, scale, line weight, material details. No text, no labels, no UI. match this style exactly; side-view cutaway module language; no text/no labels/no UI; consistent line weight and colour temperature with reference."
comms_relay_t1__rotating_dish_mechanism__usage_50_74,state_variant,comms_relay_t1,Comms Relay Room,communication,1,rotating_dish_mechanism,Rotating Dish Mechanism,interactive,usage_50_74,p2,"Using the attached style reference and matching the base component exactly, create state variant 'usage_50_74' for component 'Rotating Dish Mechanism' in 'Comms Relay Room'. Change only state cues: moderate wear, heat bloom, visible scratches and warning tint. Preserve camera, scale, line weight, material details. No text, no labels, no UI. match this style exactly; side-view cutaway module language; no text/no labels/no UI; consistent line weight and colour temperature with reference."
comms_relay_t1__rotating_dish_mechanism__usage_75_99,state_variant,comms_relay_t1,Comms Relay Room,communication,1,rotating_dish_mechanism,Rotating Dish Mechanism,interactive,usage_75_99,p2,"Using the attached style reference and matching the base component exactly, create state variant 'usage_75_99' for component 'Rotating Dish Mechanism' in 'Comms Relay Room'. Change only state cues: heavy wear, strong warning glow, soot/scuffs and stressed materials. Preserve camera, scale, line weight, material details. No text, no labels, no UI. match this style exactly; side-view cutaway module language; no text/no labels/no UI; consistent line weight and colour temperature with reference."
drone_bay_t2__drone_charging_cables__usage_0_24,state_variant,drone_bay_t2,Mining Drone Bay Room,mining,2,drone_charging_cables,Drone Charging Cables,interactive,usage_0_24,p2,"Using the attached style reference and matching the base component exactly, create state variant 'usage_0_24' for component 'Drone Charging Cables' in 'Mining Drone Bay Room'. Change only state cues: clean surfaces, low heat bloom, minimal wear. Preserve camera, scale, line weight, material details. No text, no labels, no UI. match this style exactly; side-view cutaway module language; no text/no labels/no UI; consistent line weight and colour temperature with reference."
drone_bay_t2__drone_charging_cables__usage_100,state_variant,drone_bay_t2,Mining Drone Bay Room,mining,2,drone_charging_cables,Drone Charging Cables,interactive,usage_100,p2,"Using the attached style reference and matching the base component exactly, create state variant 'usage_100' for component 'Drone Charging Cables' in 'Mining Drone Bay Room'. Change only state cues: near-failure/depleted look, severe wear, emergency warning cues. Preserve camera, scale, line weight, material details. No text, no labels, no UI. match this style exactly; side-view cutaway module language; no text/no labels/no UI; consistent line weight and colour temperature with reference."
drone_bay_t2__drone_charging_cables__usage_25_49,state_variant,drone_bay_t2,Mining Drone Bay Room,mining,2,drone_charging_cables,Drone Charging Cables,interactive,usage_25_49,p2,"Using the attached style reference and matching the base component exactly, create state variant 'usage_25_49' for component 'Drone Charging Cables' in 'Mining Drone Bay Room'. Change only state cues: mild scorch marks and minor scratches, slightly warmer highlights. Preserve camera, scale, line weight, material details. No text, no labels, no UI. match this style exactly; side-view cutaway module language; no text/no labels/no UI; consistent line weight and colour temperature with reference."
drone_bay_t2__drone_charging_cables__usage_50_74,state_variant,drone_bay_t2,Mining Drone Bay Room,mining,2,drone_charging_cables,Drone Charging Cables,interactive,usage_50_74,p2,"Using the attached style reference and matching the base component exactly, create state variant 'usage_50_74' for component 'Drone Charging Cables' in 'Mining Drone Bay Room'. Change only state cues: moderate wear, heat bloom, visible scratches and warning tint. Preserve camera, scale, line weight, material details. No text, no labels, no UI. match this style exactly; side-view cutaway module language; no text/no labels/no UI; consistent line weight and colour temperature with reference."
drone_bay_t2__drone_charging_cables__usage_75_99,state_variant,drone_bay_t2,Mining Drone Bay Room,mining,2,drone_charging_cables,Drone Charging Cables,interactive,usage_75_99,p2,"Using the attached style reference and matching the base component exactly, create state variant 'usage_75_99' for component 'Drone Charging Cables' in 'Mining Drone Bay Room'. Change only state cues: heavy wear, strong warning glow, soot/scuffs and stressed materials. Preserve camera, scale, line weight, material details. No text, no labels, no UI. match this style exactly; side-view cutaway module language; no text/no labels/no UI; consistent line weight and colour temperature with reference."
drone_bay_t2__mining_drones_triplet__usage_0_24,state_variant,drone_bay_t2,Mining Drone Bay Room,mining,2,mining_drones_triplet,Mining Drones (x3),interactive,usage_0_24,p2,"Using the attached style reference and matching the base component exactly, create state variant 'usage_0_24' for component 'Mining Drones (x3)' in 'Mining Drone Bay Room'. Change only state cues: clean surfaces, low heat bloom, minimal wear. Preserve camera, scale, line weight, material details. No text, no labels, no UI. match this style exactly; side-view cutaway module language; no text/no labels/no UI; consistent line weight and colour temperature with reference."
drone_bay_t2__mining_drones_triplet__usage_100,state_variant,drone_bay_t2,Mining Drone Bay Room,mining,2,mining_drones_triplet,Mining Drones (x3),interactive,usage_100,p2,"Using the attached style reference and matching the base component exactly, create state variant 'usage_100' for component 'Mining Drones (x3)' in 'Mining Drone Bay Room'. Change only state cues: near-failure/depleted look, severe wear, emergency warning cues. Preserve camera, scale, line weight, material details. No text, no labels, no UI. match this style exactly; side-view cutaway module language; no text/no labels/no UI; consistent line weight and colour temperature with reference."
drone_bay_t2__mining_drones_triplet__usage_25_49,state_variant,drone_bay_t2,Mining Drone Bay Room,mining,2,mining_drones_triplet,Mining Drones (x3),interactive,usage_25_49,p2,"Using the attached style reference and matching the base component exactly, create state variant 'usage_25_49' for component 'Mining Drones (x3)' in 'Mining Drone Bay Room'. Change only state cues: mild scorch marks and minor scratches, slightly warmer highlights. Preserve camera, scale, line weight, material details. No text, no labels, no UI. match this style exactly; side-view cutaway module language; no text/no labels/no UI; consistent line weight and colour temperature with reference."
drone_bay_t2__mining_drones_triplet__usage_50_74,state_variant,drone_bay_t2,Mining Drone Bay Room,mining,2,mining_drones_triplet,Mining Drones (x3),interactive,usage_50_74,p2,"Using the attached style reference and matching the base component exactly, create state variant 'usage_50_74' for component 'Mining Drones (x3)' in 'Mining Drone Bay Room'. Change only state cues: moderate wear, heat bloom, visible scratches and warning tint. Preserve camera, scale, line weight, material details. No text, no labels, no UI. match this style exactly; side-view cutaway module language; no text/no labels/no UI; consistent line weight and colour temperature with reference."
drone_bay_t2__mining_drones_triplet__usage_75_99,state_variant,drone_bay_t2,Mining Drone Bay Room,mining,2,mining_drones_triplet,Mining Drones (x3),interactive,usage_75_99,p2,"Using the attached style reference and matching the base component exactly, create state variant 'usage_75_99' for component 'Mining Drones (x3)' in 'Mining Drone Bay Room'. Change only state cues: heavy wear, strong warning glow, soot/scuffs and stressed materials. Preserve camera, scale, line weight, material details. No text, no labels, no UI. match this style exactly; side-view cutaway module language; no text/no labels/no UI; consistent line weight and colour temperature with reference."
fusion_drive_t2__plasma_chamber_core__usage_0_24,state_variant,fusion_drive_t2,Fusion Drive Room,propulsion,2,plasma_chamber_core,Plasma Chamber Core,interactive,usage_0_24,p2,"Using the attached style reference and matching the base component exactly, create state variant 'usage_0_24' for component 'Plasma Chamber Core' in 'Fusion Drive Room'. Change only state cues: clean surfaces, low heat bloom, minimal wear. Preserve camera, scale, line weight, material details. No text, no labels, no UI. match this style exactly; side-view cutaway module language; no text/no labels/no UI; consistent line weight and colour temperature with reference."
fusion_drive_t2__plasma_chamber_core__usage_100,state_variant,fusion_drive_t2,Fusion Drive Room,propulsion,2,plasma_chamber_core,Plasma Chamber Core,interactive,usage_100,p2,"Using the attached style reference and matching the base component exactly, create state variant 'usage_100' for component 'Plasma Chamber Core' in 'Fusion Drive Room'. Change only state cues: near-failure/depleted look, severe wear, emergency warning cues. Preserve camera, scale, line weight, material details. No text, no labels, no UI. match this style exactly; side-view cutaway module language; no text/no labels/no UI; consistent line weight and colour temperature with reference."
fusion_drive_t2__plasma_chamber_core__usage_25_49,state_variant,fusion_drive_t2,Fusion Drive Room,propulsion,2,plasma_chamber_core,Plasma Chamber Core,interactive,usage_25_49,p2,"Using the attached style reference and matching the base component exactly, create state variant 'usage_25_49' for component 'Plasma Chamber Core' in 'Fusion Drive Room'. Change only state cues: mild scorch marks and minor scratches, slightly warmer highlights. Preserve camera, scale, line weight, material details. No text, no labels, no UI. match this style exactly; side-view cutaway module language; no text/no labels/no UI; consistent line weight and colour temperature with reference."
fusion_drive_t2__plasma_chamber_core__usage_50_74,state_variant,fusion_drive_t2,Fusion Drive Room,propulsion,2,plasma_chamber_core,Plasma Chamber Core,interactive,usage_50_74,p2,"Using the attached style reference and matching the base component exactly, create state variant 'usage_50_74' for component 'Plasma Chamber Core' in 'Fusion Drive Room'. Change only state cues: moderate wear, heat bloom, visible scratches and warning tint. Preserve camera, scale, line weight, material details. No text, no labels, no UI. match this style exactly; side-view cutaway module language; no text/no labels/no UI; consistent line weight and colour temperature with reference."
fusion_drive_t2__plasma_chamber_core__usage_75_99,state_variant,fusion_drive_t2,Fusion Drive Room,propulsion,2,plasma_chamber_core,Plasma Chamber Core,interactive,usage_75_99,p2,"Using the attached style reference and matching the base component exactly, create state variant 'usage_75_99' for component 'Plasma Chamber Core' in 'Fusion Drive Room'. Change only state cues: heavy wear, strong warning glow, soot/scuffs and stressed materials. Preserve camera, scale, line weight, material details. No text, no labels, no UI. match this style exactly; side-view cutaway module language; no text/no labels/no UI; consistent line weight and colour temperature with reference."
fusion_reactor_t2__magenta_energy_orb__usage_0_24,state_variant,fusion_reactor_t2,Fusion Reactor Room,power,2,magenta_energy_orb,Magenta Energy Orb,interactive,usage_0_24,p2,"Using the attached style reference and matching the base component exactly, create state variant 'usage_0_24' for component 'Magenta Energy Orb' in 'Fusion Reactor Room'. Change only state cues: clean surfaces, low heat bloom, minimal wear. Preserve camera, scale, line weight, material details. No text, no labels, no UI. match this style exactly; side-view cutaway module language; no text/no labels/no UI; consistent line weight and colour temperature with reference."
fusion_reactor_t2__magenta_energy_orb__usage_100,state_variant,fusion_reactor_t2,Fusion Reactor Room,power,2,magenta_energy_orb,Magenta Energy Orb,interactive,usage_100,p2,"Using the attached style reference and matching the base component exactly, create state variant 'usage_100' for component 'Magenta Energy Orb' in 'Fusion Reactor Room'. Change only state cues: near-failure/depleted look, severe wear, emergency warning cues. Preserve camera, scale, line weight, material details. No text, no labels, no UI. match this style exactly; side-view cutaway module language; no text/no labels/no UI; consistent line weight and colour temperature with reference."
fusion_reactor_t2__magenta_energy_orb__usage_25_49,state_variant,fusion_reactor_t2,Fusion Reactor Room,power,2,magenta_energy_orb,Magenta Energy Orb,interactive,usage_25_49,p2,"Using the attached style reference and matching the base component exactly, create state variant 'usage_25_49' for component 'Magenta Energy Orb' in 'Fusion Reactor Room'. Change only state cues: mild scorch marks and minor scratches, slightly warmer highlights. Preserve camera, scale, line weight, material details. No text, no labels, no UI. match this style exactly; side-view cutaway module language; no text/no labels/no UI; consistent line weight and colour temperature with reference."
fusion_reactor_t2__magenta_energy_orb__usage_50_74,state_variant,fusion_reactor_t2,Fusion Reactor Room,power,2,magenta_energy_orb,Magenta Energy Orb,interactive,usage_50_74,p2,"Using the attached style reference and matching the base component exactly, create state variant 'usage_50_74' for component 'Magenta Energy Orb' in 'Fusion Reactor Room'. Change only state cues: moderate wear, heat bloom, visible scratches and warning tint. Preserve camera, scale, line weight, material details. No text, no labels, no UI. match this style exactly; side-view cutaway module language; no text/no labels/no UI; consistent line weight and colour temperature with reference."
fusion_reactor_t2__magenta_energy_orb__usage_75_99,state_variant,fusion_reactor_t2,Fusion Reactor Room,power,2,magenta_energy_orb,Magenta Energy Orb,interactive,usage_75_99,p2,"Using the attached style reference and matching the base component exactly, create state variant 'usage_75_99' for component 'Magenta Energy Orb' in 'Fusion Reactor Room'. Change only state cues: heavy wear, strong warning glow, soot/scuffs and stressed materials. Preserve camera, scale, line weight, material details. No text, no labels, no UI. match this style exactly; side-view cutaway module language; no text/no labels/no UI; consistent line weight and colour temperature with reference."
ion_drive_t3__ion_thruster_array__usage_0_24,state_variant,ion_drive_t3,Ion Drive Room,propulsion,3,ion_thruster_array,Ion Thruster Array,interactive,usage_0_24,p2,"Using the attached style reference and matching the base component exactly, create state variant 'usage_0_24' for component 'Ion Thruster Array' in 'Ion Drive Room'. Change only state cues: clean surfaces, low heat bloom, minimal wear. Preserve camera, scale, line weight, material details. No text, no labels, no UI. match this style exactly; side-view cutaway module language; no text/no labels/no UI; consistent line weight and colour temperature with reference."
ion_drive_t3__ion_thruster_array__usage_100,state_variant,ion_drive_t3,Ion Drive Room,propulsion,3,ion_thruster_array,Ion Thruster Array,interactive,usage_100,p2,"Using the attached style reference and matching the base component exactly, create state variant 'usage_100' for component 'Ion Thruster Array' in 'Ion Drive Room'. Change only state cues: near-failure/depleted look, severe wear, emergency warning cues. Preserve camera, scale, line weight, material details. No text, no labels, no UI. match this style exactly; side-view cutaway module language; no text/no labels/no UI; consistent line weight and colour temperature with reference."
ion_drive_t3__ion_thruster_array__usage_25_49,state_variant,ion_drive_t3,Ion Drive Room,propulsion,3,ion_thruster_array,Ion Thruster Array,interactive,usage_25_49,p2,"Using the attached style reference and matching the base component exactly, create state variant 'usage_25_49' for component 'Ion Thruster Array' in 'Ion Drive Room'. Change only state cues: mild scorch marks and minor scratches, slightly warmer highlights. Preserve camera, scale, line weight, material details. No text, no labels, no UI. match this style exactly; side-view cutaway module language; no text/no labels/no UI; consistent line weight and colour temperature with reference."
ion_drive_t3__ion_thruster_array__usage_50_74,state_variant,ion_drive_t3,Ion Drive Room,propulsion,3,ion_thruster_array,Ion Thruster Array,interactive,usage_50_74,p2,"Using the attached style reference and matching the base component exactly, create state variant 'usage_50_74' for component 'Ion Thruster Array' in 'Ion Drive Room'. Change only state cues: moderate wear, heat bloom, visible scratches and warning tint. Preserve camera, scale, line weight, material details. No text, no labels, no UI. match this style exactly; side-view cutaway module language; no text/no labels/no UI; consistent line weight and colour temperature with reference."
ion_drive_t3__ion_thruster_array__usage_75_99,state_variant,ion_drive_t3,Ion Drive Room,propulsion,3,ion_thruster_array,Ion Thruster Array,interactive,usage_75_99,p2,"Using the attached style reference and matching the base component exactly, create state variant 'usage_75_99' for component 'Ion Thruster Array' in 'Ion Drive Room'. Change only state cues: heavy wear, strong warning glow, soot/scuffs and stressed materials. Preserve camera, scale, line weight, material details. No text, no labels, no UI. match this style exactly; side-view cutaway module language; no text/no labels/no UI; consistent line weight and colour temperature with reference."
ion_drive_t3__xenon_canister_manifold__usage_0_24,state_variant,ion_drive_t3,Ion Drive Room,propulsion,3,xenon_canister_manifold,Xenon Canister Manifold,interactive,usage_0_24,p2,"Using the attached style reference and matching the base component exactly, create state variant 'usage_0_24' for component 'Xenon Canister Manifold' in 'Ion Drive Room'. Change only state cues: clean surfaces, low heat bloom, minimal wear. Preserve camera, scale, line weight, material details. No text, no labels, no UI. match this style exactly; side-view cutaway module language; no text/no labels/no UI; consistent line weight and colour temperature with reference."
ion_drive_t3__xenon_canister_manifold__usage_100,state_variant,ion_drive_t3,Ion Drive Room,propulsion,3,xenon_canister_manifold,Xenon Canister Manifold,interactive,usage_100,p2,"Using the attached style reference and matching the base component exactly, create state variant 'usage_100' for component 'Xenon Canister Manifold' in 'Ion Drive Room'. Change only state cues: near-failure/depleted look, severe wear, emergency warning cues. Preserve camera, scale, line weight, material details. No text, no labels, no UI. match this style exactly; side-view cutaway module language; no text/no labels/no UI; consistent line weight and colour temperature with reference."
ion_drive_t3__xenon_canister_manifold__usage_25_49,state_variant,ion_drive_t3,Ion Drive Room,propulsion,3,xenon_canister_manifold,Xenon Canister Manifold,interactive,usage_25_49,p2,"Using the attached style reference and matching the base component exactly, create state variant 'usage_25_49' for component 'Xenon Canister Manifold' in 'Ion Drive Room'. Change only state cues: mild scorch marks and minor scratches, slightly warmer highlights. Preserve camera, scale, line weight, material details. No text, no labels, no UI. match this style exactly; side-view cutaway module language; no text/no labels/no UI; consistent line weight and colour temperature with reference."
ion_drive_t3__xenon_canister_manifold__usage_50_74,state_variant,ion_drive_t3,Ion Drive Room,propulsion,3,xenon_canister_manifold,Xenon Canister Manifold,interactive,usage_50_74,p2,"Using the attached style reference and matching the base component exactly, create state variant 'usage_50_74' for component 'Xenon Canister Manifold' in 'Ion Drive Room'. Change only state cues: moderate wear, heat bloom, visible scratches and warning tint. Preserve camera, scale, line weight, material details. No text, no labels, no UI. match this style exactly; side-view cutaway module language; no text/no labels/no UI; consistent line weight and colour temperature with reference."
ion_drive_t3__xenon_canister_manifold__usage_75_99,state_variant,ion_drive_t3,Ion Drive Room,propulsion,3,xenon_canister_manifold,Xenon Canister Manifold,interactive,usage_75_99,p2,"Using the attached style reference and matching the base component exactly, create state variant 'usage_75_99' for component 'Xenon Canister Manifold' in 'Ion Drive Room'. Change only state cues: heavy wear, strong warning glow, soot/scuffs and stressed materials. Preserve camera, scale, line weight, material details. No text, no labels, no UI. match this style exactly; side-view cutaway module language; no text/no labels/no UI; consistent line weight and colour temperature with reference."
large_tank_t2__automated_pumping_unit__usage_0_24,state_variant,large_tank_t2,Large Fuel Tank Room,fuel,2,automated_pumping_unit,Automated Pumping Unit,interactive,usage_0_24,p2,"Using the attached style reference and matching the base component exactly, create state variant 'usage_0_24' for component 'Automated Pumping Unit' in 'Large Fuel Tank Room'. Change only state cues: clean surfaces, low heat bloom, minimal wear. Preserve camera, scale, line weight, material details. No text, no labels, no UI. match this style exactly; side-view cutaway module language; no text/no labels/no UI; consistent line weight and colour temperature with reference."
large_tank_t2__automated_pumping_unit__usage_100,state_variant,large_tank_t2,Large Fuel Tank Room,fuel,2,automated_pumping_unit,Automated Pumping Unit,interactive,usage_100,p2,"Using the attached style reference and matching the base component exactly, create state variant 'usage_100' for component 'Automated Pumping Unit' in 'Large Fuel Tank Room'. Change only state cues: near-failure/depleted look, severe wear, emergency warning cues. Preserve camera, scale, line weight, material details. No text, no labels, no UI. match this style exactly; side-view cutaway module language; no text/no labels/no UI; consistent line weight and colour temperature with reference."
large_tank_t2__automated_pumping_unit__usage_25_49,state_variant,large_tank_t2,Large Fuel Tank Room,fuel,2,automated_pumping_unit,Automated Pumping Unit,interactive,usage_25_49,p2,"Using the attached style reference and matching the base component exactly, create state variant 'usage_25_49' for component 'Automated Pumping Unit' in 'Large Fuel Tank Room'. Change only state cues: mild scorch marks and minor scratches, slightly warmer highlights. Preserve camera, scale, line weight, material details. No text, no labels, no UI. match this style exactly; side-view cutaway module language; no text/no labels/no UI; consistent line weight and colour temperature with reference."
large_tank_t2__automated_pumping_unit__usage_50_74,state_variant,large_tank_t2,Large Fuel Tank Room,fuel,2,automated_pumping_unit,Automated Pumping Unit,interactive,usage_50_74,p2,"Using the attached style reference and matching the base component exactly, create state variant 'usage_50_74' for component 'Automated Pumping Unit' in 'Large Fuel Tank Room'. Change only state cues: moderate wear, heat bloom, visible scratches and warning tint. Preserve camera, scale, line weight, material details. No text, no labels, no UI. match this style exactly; side-view cutaway module language; no text/no labels/no UI; consistent line weight and colour temperature with reference."
large_tank_t2__automated_pumping_unit__usage_75_99,state_variant,large_tank_t2,Large Fuel Tank Room,fuel,2,automated_pumping_unit,Automated Pumping Unit,interactive,usage_75_99,p2,"Using the attached style reference and matching the base component exactly, create state variant 'usage_75_99' for component 'Automated Pumping Unit' in 'Large Fuel Tank Room'. Change only state cues: heavy wear, strong warning glow, soot/scuffs and stressed materials. Preserve camera, scale, line weight, material details. No text, no labels, no UI. match this style exactly; side-view cutaway module language; no text/no labels/no UI; consistent line weight and colour temperature with reference."
large_tank_t2__frosted_fuel_viewport_large__usage_0_24,state_variant,large_tank_t2,Large Fuel Tank Room,fuel,2,frosted_fuel_viewport_large,Large Fuel Viewport,interactive,usage_0_24,p2,"Using the attached style reference and matching the base component exactly, create state variant 'usage_0_24' for component 'Large Fuel Viewport' in 'Large Fuel Tank Room'. Change only state cues: clean surfaces, low heat bloom, minimal wear. Preserve camera, scale, line weight, material details. No text, no labels, no UI. match this style exactly; side-view cutaway module language; no text/no labels/no UI; consistent line weight and colour temperature with reference."
large_tank_t2__frosted_fuel_viewport_large__usage_100,state_variant,large_tank_t2,Large Fuel Tank Room,fuel,2,frosted_fuel_viewport_large,Large Fuel Viewport,interactive,usage_100,p2,"Using the attached style reference and matching the base component exactly, create state variant 'usage_100' for component 'Large Fuel Viewport' in 'Large Fuel Tank Room'. Change only state cues: near-failure/depleted look, severe wear, emergency warning cues. Preserve camera, scale, line weight, material details. No text, no labels, no UI. match this style exactly; side-view cutaway module language; no text/no labels/no UI; consistent line weight and colour temperature with reference."
large_tank_t2__frosted_fuel_viewport_large__usage_25_49,state_variant,large_tank_t2,Large Fuel Tank Room,fuel,2,frosted_fuel_viewport_large,Large Fuel Viewport,interactive,usage_25_49,p2,"Using the attached style reference and matching the base component exactly, create state variant 'usage_25_49' for component 'Large Fuel Viewport' in 'Large Fuel Tank Room'. Change only state cues: mild scorch marks and minor scratches, slightly warmer highlights. Preserve camera, scale, line weight, material details. No text, no labels, no UI. match this style exactly; side-view cutaway module language; no text/no labels/no UI; consistent line weight and colour temperature with reference."
large_tank_t2__frosted_fuel_viewport_large__usage_50_74,state_variant,large_tank_t2,Large Fuel Tank Room,fuel,2,frosted_fuel_viewport_large,Large Fuel Viewport,interactive,usage_50_74,p2,"Using the attached style reference and matching the base component exactly, create state variant 'usage_50_74' for component 'Large Fuel Viewport' in 'Large Fuel Tank Room'. Change only state cues: moderate wear, heat bloom, visible scratches and warning tint. Preserve camera, scale, line weight, material details. No text, no labels, no UI. match this style exactly; side-view cutaway module language; no text/no labels/no UI; consistent line weight and colour temperature with reference."
large_tank_t2__frosted_fuel_viewport_large__usage_75_99,state_variant,large_tank_t2,Large Fuel Tank Room,fuel,2,frosted_fuel_viewport_large,Large Fuel Viewport,interactive,usage_75_99,p2,"Using the attached style reference and matching the base component exactly, create state variant 'usage_75_99' for component 'Large Fuel Viewport' in 'Large Fuel Tank Room'. Change only state cues: heavy wear, strong warning glow, soot/scuffs and stressed materials. Preserve camera, scale, line weight, material details. No text, no labels, no UI. match this style exactly; side-view cutaway module language; no text/no labels/no UI; consistent line weight and colour temperature with reference."
large_tank_t2__main_fuel_tank__usage_0_24,state_variant,large_tank_t2,Large Fuel Tank Room,fuel,2,main_fuel_tank,Main Fuel Tank,interactive,usage_0_24,p2,"Using the attached style reference and matching the base component exactly, create state variant 'usage_0_24' for component 'Main Fuel Tank' in 'Large Fuel Tank Room'. Change only state cues: clean surfaces, low heat bloom, minimal wear. Preserve camera, scale, line weight, material details. No text, no labels, no UI. match this style exactly; side-view cutaway module language; no text/no labels/no UI; consistent line weight and colour temperature with reference."
large_tank_t2__main_fuel_tank__usage_100,state_variant,large_tank_t2,Large Fuel Tank Room,fuel,2,main_fuel_tank,Main Fuel Tank,interactive,usage_100,p2,"Using the attached style reference and matching the base component exactly, create state variant 'usage_100' for component 'Main Fuel Tank' in 'Large Fuel Tank Room'. Change only state cues: near-failure/depleted look, severe wear, emergency warning cues. Preserve camera, scale, line weight, material details. No text, no labels, no UI. match this style exactly; side-view cutaway module language; no text/no labels/no UI; consistent line weight and colour temperature with reference."
large_tank_t2__main_fuel_tank__usage_25_49,state_variant,large_tank_t2,Large Fuel Tank Room,fuel,2,main_fuel_tank,Main Fuel Tank,interactive,usage_25_49,p2,"Using the attached style reference and matching the base component exactly, create state variant 'usage_25_49' for component 'Main Fuel Tank' in 'Large Fuel Tank Room'. Change only state cues: mild scorch marks and minor scratches, slightly warmer highlights. Preserve camera, scale, line weight, material details. No text, no labels, no UI. match this style exactly; side-view cutaway module language; no text/no labels/no UI; consistent line weight and colour temperature with reference."
large_tank_t2__main_fuel_tank__usage_50_74,state_variant,large_tank_t2,Large Fuel Tank Room,fuel,2,main_fuel_tank,Main Fuel Tank,interactive,usage_50_74,p2,"Using the attached style reference and matching the base component exactly, create state variant 'usage_50_74' for component 'Main Fuel Tank' in 'Large Fuel Tank Room'. Change only state cues: moderate wear, heat bloom, visible scratches and warning tint. Preserve camera, scale, line weight, material details. No text, no labels, no UI. match this style exactly; side-view cutaway module language; no text/no labels/no UI; consistent line weight and colour temperature with reference."
large_tank_t2__main_fuel_tank__usage_75_99,state_variant,large_tank_t2,Large Fuel Tank Room,fuel,2,main_fuel_tank,Main Fuel Tank,interactive,usage_75_99,p2,"Using the attached style reference and matching the base component exactly, create state variant 'usage_75_99' for component 'Main Fuel Tank' in 'Large Fuel Tank Room'. Change only state cues: heavy wear, strong warning glow, soot/scuffs and stressed materials. Preserve camera, scale, line weight, material details. No text, no labels, no UI. match this style exactly; side-view cutaway module language; no text/no labels/no UI; consistent line weight and colour temperature with reference."
mining_drill_t1__drill_bit_exposed__usage_0_24,state_variant,mining_drill_t1,Mining Drill Room,mining,1,drill_bit_exposed,Exposed Drill Bit,interactive,usage_0_24,p2,"Using the attached style reference and matching the base component exactly, create state variant 'usage_0_24' for component 'Exposed Drill Bit' in 'Mining Drill Room'. Change only state cues: clean surfaces, low heat bloom, minimal wear. Preserve camera, scale, line weight, material details. No text, no labels, no UI. match this style exactly; side-view cutaway module language; no text/no labels/no UI; consistent line weight and colour temperature with reference."
mining_drill_t1__drill_bit_exposed__usage_100,state_variant,mining_drill_t1,Mining Drill Room,mining,1,drill_bit_exposed,Exposed Drill Bit,interactive,usage_100,p2,"Using the attached style reference and matching the base component exactly, create state variant 'usage_100' for component 'Exposed Drill Bit' in 'Mining Drill Room'. Change only state cues: near-failure/depleted look, severe wear, emergency warning cues. Preserve camera, scale, line weight, material details. No text, no labels, no UI. match this style exactly; side-view cutaway module language; no text/no labels/no UI; consistent line weight and colour temperature with reference."
mining_drill_t1__drill_bit_exposed__usage_25_49,state_variant,mining_drill_t1,Mining Drill Room,mining,1,drill_bit_exposed,Exposed Drill Bit,interactive,usage_25_49,p2,"Using the attached style reference and matching the base component exactly, create state variant 'usage_25_49' for component 'Exposed Drill Bit' in 'Mining Drill Room'. Change only state cues: mild scorch marks and minor scratches, slightly warmer highlights. Preserve camera, scale, line weight, material details. No text, no labels, no UI. match this style exactly; side-view cutaway module language; no text/no labels/no UI; consistent line weight and colour temperature with reference."
mining_drill_t1__drill_bit_exposed__usage_50_74,state_variant,mining_drill_t1,Mining Drill Room,mining,1,drill_bit_exposed,Exposed Drill Bit,interactive,usage_50_74,p2,"Using the attached style reference and matching the base component exactly, create state variant 'usage_50_74' for component 'Exposed Drill Bit' in 'Mining Drill Room'. Change only state cues: moderate wear, heat bloom, visible scratches and warning tint. Preserve camera, scale, line weight, material details. No text, no labels, no UI. match this style exactly; side-view cutaway module language; no text/no labels/no UI; consistent line weight and colour temperature with reference."
mining_drill_t1__drill_bit_exposed__usage_75_99,state_variant,mining_drill_t1,Mining Drill Room,mining,1,drill_bit_exposed,Exposed Drill Bit,interactive,usage_75_99,p2,"Using the attached style reference and matching the base component exactly, create state variant 'usage_75_99' for component 'Exposed Drill Bit' in 'Mining Drill Room'. Change only state cues: heavy wear, strong warning glow, soot/scuffs and stressed materials. Preserve camera, scale, line weight, material details. No text, no labels, no UI. match this style exactly; side-view cutaway module language; no text/no labels/no UI; consistent line weight and colour temperature with reference."
mining_drill_t1__drill_cable_drum__usage_0_24,state_variant,mining_drill_t1,Mining Drill Room,mining,1,drill_cable_drum,Drill Cable Drum,interactive,usage_0_24,p2,"Using the attached style reference and matching the base component exactly, create state variant 'usage_0_24' for component 'Drill Cable Drum' in 'Mining Drill Room'. Change only state cues: clean surfaces, low heat bloom, minimal wear. Preserve camera, scale, line weight, material details. No text, no labels, no UI. match this style exactly; side-view cutaway module language; no text/no labels/no UI; consistent line weight and colour temperature with reference."
mining_drill_t1__drill_cable_drum__usage_100,state_variant,mining_drill_t1,Mining Drill Room,mining,1,drill_cable_drum,Drill Cable Drum,interactive,usage_100,p2,"Using the attached style reference and matching the base component exactly, create state variant 'usage_100' for component 'Drill Cable Drum' in 'Mining Drill Room'. Change only state cues: near-failure/depleted look, severe wear, emergency warning cues. Preserve camera, scale, line weight, material details. No text, no labels, no UI. match this style exactly; side-view cutaway module language; no text/no labels/no UI; consistent line weight and colour temperature with reference."
mining_drill_t1__drill_cable_drum__usage_25_49,state_variant,mining_drill_t1,Mining Drill Room,mining,1,drill_cable_drum,Drill Cable Drum,interactive,usage_25_49,p2,"Using the attached style reference and matching the base component exactly, create state variant 'usage_25_49' for component 'Drill Cable Drum' in 'Mining Drill Room'. Change only state cues: mild scorch marks and minor scratches, slightly warmer highlights. Preserve camera, scale, line weight, material details. No text, no labels, no UI. match this style exactly; side-view cutaway module language; no text/no labels/no UI; consistent line weight and colour temperature with reference."
mining_drill_t1__drill_cable_drum__usage_50_74,state_variant,mining_drill_t1,Mining Drill Room,mining,1,drill_cable_drum,Drill Cable Drum,interactive,usage_50_74,p2,"Using the attached style reference and matching the base component exactly, create state variant 'usage_50_74' for component 'Drill Cable Drum' in 'Mining Drill Room'. Change only state cues: moderate wear, heat bloom, visible scratches and warning tint. Preserve camera, scale, line weight, material details. No text, no labels, no UI. match this style exactly; side-view cutaway module language; no text/no labels/no UI; consistent line weight and colour temperature with reference."
mining_drill_t1__drill_cable_drum__usage_75_99,state_variant,mining_drill_t1,Mining Drill Room,mining,1,drill_cable_drum,Drill Cable Drum,interactive,usage_75_99,p2,"Using the attached style reference and matching the base component exactly, create state variant 'usage_75_99' for component 'Drill Cable Drum' in 'Mining Drill Room'. Change only state cues: heavy wear, strong warning glow, soot/scuffs and stressed materials. Preserve camera, scale, line weight, material details. No text, no labels, no UI. match this style exactly; side-view cutaway module language; no text/no labels/no UI; consistent line weight and colour temperature with reference."
mining_drill_t1__folded_drill_arm__usage_0_24,state_variant,mining_drill_t1,Mining Drill Room,mining,1,folded_drill_arm,Folded Drill Arm,interactive,usage_0_24,p2,"Using the attached style reference and matching the base component exactly, create state variant 'usage_0_24' for component 'Folded Drill Arm' in 'Mining Drill Room'. Change only state cues: clean surfaces, low heat bloom, minimal wear. Preserve camera, scale, line weight, material details. No text, no labels, no UI. match this style exactly; side-view cutaway module language; no text/no labels/no UI; consistent line weight and colour temperature with reference."
mining_drill_t1__folded_drill_arm__usage_100,state_variant,mining_drill_t1,Mining Drill Room,mining,1,folded_drill_arm,Folded Drill Arm,interactive,usage_100,p2,"Using the attached style reference and matching the base component exactly, create state variant 'usage_100' for component 'Folded Drill Arm' in 'Mining Drill Room'. Change only state cues: near-failure/depleted look, severe wear, emergency warning cues. Preserve camera, scale, line weight, material details. No text, no labels, no UI. match this style exactly; side-view cutaway module language; no text/no labels/no UI; consistent line weight and colour temperature with reference."
mining_drill_t1__folded_drill_arm__usage_25_49,state_variant,mining_drill_t1,Mining Drill Room,mining,1,folded_drill_arm,Folded Drill Arm,interactive,usage_25_49,p2,"Using the attached style reference and matching the base component exactly, create state variant 'usage_25_49' for component 'Folded Drill Arm' in 'Mining Drill Room'. Change only state cues: mild scorch marks and minor scratches, slightly warmer highlights. Preserve camera, scale, line weight, material details. No text, no labels, no UI. match this style exactly; side-view cutaway module language; no text/no labels/no UI; consistent line weight and colour temperature with reference."
mining_drill_t1__folded_drill_arm__usage_50_74,state_variant,mining_drill_t1,Mining Drill Room,mining,1,folded_drill_arm,Folded Drill Arm,interactive,usage_50_74,p2,"Using the attached style reference and matching the base component exactly, create state variant 'usage_50_74' for component 'Folded Drill Arm' in 'Mining Drill Room'. Change only state cues: moderate wear, heat bloom, visible scratches and warning tint. Preserve camera, scale, line weight, material details. No text, no labels, no UI. match this style exactly; side-view cutaway module language; no text/no labels/no UI; consistent line weight and colour temperature with reference."
mining_drill_t1__folded_drill_arm__usage_75_99,state_variant,mining_drill_t1,Mining Drill Room,mining,1,folded_drill_arm,Folded Drill Arm,interactive,usage_75_99,p2,"Using the attached style reference and matching the base component exactly, create state variant 'usage_75_99' for component 'Folded Drill Arm' in 'Mining Drill Room'. Change only state cues: heavy wear, strong warning glow, soot/scuffs and stressed materials. Preserve camera, scale, line weight, material details. No text, no labels, no UI. match this style exactly; side-view cutaway module language; no text/no labels/no UI; consistent line weight and colour temperature with reference."
power_capacitor_t2__capacitor_cell_bank__usage_0_24,state_variant,power_capacitor_t2,Power Capacitor Room,power,2,capacitor_cell_bank,Capacitor Cell Bank,interactive,usage_0_24,p2,"Using the attached style reference and matching the base component exactly, create state variant 'usage_0_24' for component 'Capacitor Cell Bank' in 'Power Capacitor Room'. Change only state cues: clean surfaces, low heat bloom, minimal wear. Preserve camera, scale, line weight, material details. No text, no labels, no UI. match this style exactly; side-view cutaway module language; no text/no labels/no UI; consistent line weight and colour temperature with reference."
power_capacitor_t2__capacitor_cell_bank__usage_100,state_variant,power_capacitor_t2,Power Capacitor Room,power,2,capacitor_cell_bank,Capacitor Cell Bank,interactive,usage_100,p2,"Using the attached style reference and matching the base component exactly, create state variant 'usage_100' for component 'Capacitor Cell Bank' in 'Power Capacitor Room'. Change only state cues: near-failure/depleted look, severe wear, emergency warning cues. Preserve camera, scale, line weight, material details. No text, no labels, no UI. match this style exactly; side-view cutaway module language; no text/no labels/no UI; consistent line weight and colour temperature with reference."
power_capacitor_t2__capacitor_cell_bank__usage_25_49,state_variant,power_capacitor_t2,Power Capacitor Room,power,2,capacitor_cell_bank,Capacitor Cell Bank,interactive,usage_25_49,p2,"Using the attached style reference and matching the base component exactly, create state variant 'usage_25_49' for component 'Capacitor Cell Bank' in 'Power Capacitor Room'. Change only state cues: mild scorch marks and minor scratches, slightly warmer highlights. Preserve camera, scale, line weight, material details. No text, no labels, no UI. match this style exactly; side-view cutaway module language; no text/no labels/no UI; consistent line weight and colour temperature with reference."
power_capacitor_t2__capacitor_cell_bank__usage_50_74,state_variant,power_capacitor_t2,Power Capacitor Room,power,2,capacitor_cell_bank,Capacitor Cell Bank,interactive,usage_50_74,p2,"Using the attached style reference and matching the base component exactly, create state variant 'usage_50_74' for component 'Capacitor Cell Bank' in 'Power Capacitor Room'. Change only state cues: moderate wear, heat bloom, visible scratches and warning tint. Preserve camera, scale, line weight, material details. No text, no labels, no UI. match this style exactly; side-view cutaway module language; no text/no labels/no UI; consistent line weight and colour temperature with reference."
power_capacitor_t2__capacitor_cell_bank__usage_75_99,state_variant,power_capacitor_t2,Power Capacitor Room,power,2,capacitor_cell_bank,Capacitor Cell Bank,interactive,usage_75_99,p2,"Using the attached style reference and matching the base component exactly, create state variant 'usage_75_99' for component 'Capacitor Cell Bank' in 'Power Capacitor Room'. Change only state cues: heavy wear, strong warning glow, soot/scuffs and stressed materials. Preserve camera, scale, line weight, material details. No text, no labels, no UI. match this style exactly; side-view cutaway module language; no text/no labels/no UI; consistent line weight and colour temperature with reference."
resource_vault_t2__reinforced_containers__usage_0_24,state_variant,resource_vault_t2,Pressurised Resource Vault Room,storage,2,reinforced_containers,Reinforced Containers,interactive,usage_0_24,p2,"Using the attached style reference and matching the base component exactly, create state variant 'usage_0_24' for component 'Reinforced Containers' in 'Pressurised Resource Vault Room'. Change only state cues: clean surfaces, low heat bloom, minimal wear. Preserve camera, scale, line weight, material details. No text, no labels, no UI. match this style exactly; side-view cutaway module language; no text/no labels/no UI; consistent line weight and colour temperature with reference."
resource_vault_t2__reinforced_containers__usage_100,state_variant,resource_vault_t2,Pressurised Resource Vault Room,storage,2,reinforced_containers,Reinforced Containers,interactive,usage_100,p2,"Using the attached style reference and matching the base component exactly, create state variant 'usage_100' for component 'Reinforced Containers' in 'Pressurised Resource Vault Room'. Change only state cues: near-failure/depleted look, severe wear, emergency warning cues. Preserve camera, scale, line weight, material details. No text, no labels, no UI. match this style exactly; side-view cutaway module language; no text/no labels/no UI; consistent line weight and colour temperature with reference."
resource_vault_t2__reinforced_containers__usage_25_49,state_variant,resource_vault_t2,Pressurised Resource Vault Room,storage,2,reinforced_containers,Reinforced Containers,interactive,usage_25_49,p2,"Using the attached style reference and matching the base component exactly, create state variant 'usage_25_49' for component 'Reinforced Containers' in 'Pressurised Resource Vault Room'. Change only state cues: mild scorch marks and minor scratches, slightly warmer highlights. Preserve camera, scale, line weight, material details. No text, no labels, no UI. match this style exactly; side-view cutaway module language; no text/no labels/no UI; consistent line weight and colour temperature with reference."
resource_vault_t2__reinforced_containers__usage_50_74,state_variant,resource_vault_t2,Pressurised Resource Vault Room,storage,2,reinforced_containers,Reinforced Containers,interactive,usage_50_74,p2,"Using the attached style reference and matching the base component exactly, create state variant 'usage_50_74' for component 'Reinforced Containers' in 'Pressurised Resource Vault Room'. Change only state cues: moderate wear, heat bloom, visible scratches and warning tint. Preserve camera, scale, line weight, material details. No text, no labels, no UI. match this style exactly; side-view cutaway module language; no text/no labels/no UI; consistent line weight and colour temperature with reference."
resource_vault_t2__reinforced_containers__usage_75_99,state_variant,resource_vault_t2,Pressurised Resource Vault Room,storage,2,reinforced_containers,Reinforced Containers,interactive,usage_75_99,p2,"Using the attached style reference and matching the base component exactly, create state variant 'usage_75_99' for component 'Reinforced Containers' in 'Pressurised Resource Vault Room'. Change only state cues: heavy wear, strong warning glow, soot/scuffs and stressed materials. Preserve camera, scale, line weight, material details. No text, no labels, no UI. match this style exactly; side-view cutaway module language; no text/no labels/no UI; consistent line weight and colour temperature with reference."
sample_lab_t2__containment_tubes_pair__usage_0_24,state_variant,sample_lab_t2,Sample Analysis Lab Room,science,2,containment_tubes_pair,Containment Tubes (x2),interactive,usage_0_24,p2,"Using the attached style reference and matching the base component exactly, create state variant 'usage_0_24' for component 'Containment Tubes (x2)' in 'Sample Analysis Lab Room'. Change only state cues: clean surfaces, low heat bloom, minimal wear. Preserve camera, scale, line weight, material details. No text, no labels, no UI. match this style exactly; side-view cutaway module language; no text/no labels/no UI; consistent line weight and colour temperature with reference."
sample_lab_t2__containment_tubes_pair__usage_100,state_variant,sample_lab_t2,Sample Analysis Lab Room,science,2,containment_tubes_pair,Containment Tubes (x2),interactive,usage_100,p2,"Using the attached style reference and matching the base component exactly, create state variant 'usage_100' for component 'Containment Tubes (x2)' in 'Sample Analysis Lab Room'. Change only state cues: near-failure/depleted look, severe wear, emergency warning cues. Preserve camera, scale, line weight, material details. No text, no labels, no UI. match this style exactly; side-view cutaway module language; no text/no labels/no UI; consistent line weight and colour temperature with reference."
sample_lab_t2__containment_tubes_pair__usage_25_49,state_variant,sample_lab_t2,Sample Analysis Lab Room,science,2,containment_tubes_pair,Containment Tubes (x2),interactive,usage_25_49,p2,"Using the attached style reference and matching the base component exactly, create state variant 'usage_25_49' for component 'Containment Tubes (x2)' in 'Sample Analysis Lab Room'. Change only state cues: mild scorch marks and minor scratches, slightly warmer highlights. Preserve camera, scale, line weight, material details. No text, no labels, no UI. match this style exactly; side-view cutaway module language; no text/no labels/no UI; consistent line weight and colour temperature with reference."
sample_lab_t2__containment_tubes_pair__usage_50_74,state_variant,sample_lab_t2,Sample Analysis Lab Room,science,2,containment_tubes_pair,Containment Tubes (x2),interactive,usage_50_74,p2,"Using the attached style reference and matching the base component exactly, create state variant 'usage_50_74' for component 'Containment Tubes (x2)' in 'Sample Analysis Lab Room'. Change only state cues: moderate wear, heat bloom, visible scratches and warning tint. Preserve camera, scale, line weight, material details. No text, no labels, no UI. match this style exactly; side-view cutaway module language; no text/no labels/no UI; consistent line weight and colour temperature with reference."
sample_lab_t2__containment_tubes_pair__usage_75_99,state_variant,sample_lab_t2,Sample Analysis Lab Room,science,2,containment_tubes_pair,Containment Tubes (x2),interactive,usage_75_99,p2,"Using the attached style reference and matching the base component exactly, create state variant 'usage_75_99' for component 'Containment Tubes (x2)' in 'Sample Analysis Lab Room'. Change only state cues: heavy wear, strong warning glow, soot/scuffs and stressed materials. Preserve camera, scale, line weight, material details. No text, no labels, no UI. match this style exactly; side-view cutaway module language; no text/no labels/no UI; consistent line weight and colour temperature with reference."
sample_lab_t2__microscope_arm__usage_0_24,state_variant,sample_lab_t2,Sample Analysis Lab Room,science,2,microscope_arm,Microscope Arm,interactive,usage_0_24,p2,"Using the attached style reference and matching the base component exactly, create state variant 'usage_0_24' for component 'Microscope Arm' in 'Sample Analysis Lab Room'. Change only state cues: clean surfaces, low heat bloom, minimal wear. Preserve camera, scale, line weight, material details. No text, no labels, no UI. match this style exactly; side-view cutaway module language; no text/no labels/no UI; consistent line weight and colour temperature with reference."
sample_lab_t2__microscope_arm__usage_100,state_variant,sample_lab_t2,Sample Analysis Lab Room,science,2,microscope_arm,Microscope Arm,interactive,usage_100,p2,"Using the attached style reference and matching the base component exactly, create state variant 'usage_100' for component 'Microscope Arm' in 'Sample Analysis Lab Room'. Change only state cues: near-failure/depleted look, severe wear, emergency warning cues. Preserve camera, scale, line weight, material details. No text, no labels, no UI. match this style exactly; side-view cutaway module language; no text/no labels/no UI; consistent line weight and colour temperature with reference."
sample_lab_t2__microscope_arm__usage_25_49,state_variant,sample_lab_t2,Sample Analysis Lab Room,science,2,microscope_arm,Microscope Arm,interactive,usage_25_49,p2,"Using the attached style reference and matching the base component exactly, create state variant 'usage_25_49' for component 'Microscope Arm' in 'Sample Analysis Lab Room'. Change only state cues: mild scorch marks and minor scratches, slightly warmer highlights. Preserve camera, scale, line weight, material details. No text, no labels, no UI. match this style exactly; side-view cutaway module language; no text/no labels/no UI; consistent line weight and colour temperature with reference."
sample_lab_t2__microscope_arm__usage_50_74,state_variant,sample_lab_t2,Sample Analysis Lab Room,science,2,microscope_arm,Microscope Arm,interactive,usage_50_74,p2,"Using the attached style reference and matching the base component exactly, create state variant 'usage_50_74' for component 'Microscope Arm' in 'Sample Analysis Lab Room'. Change only state cues: moderate wear, heat bloom, visible scratches and warning tint. Preserve camera, scale, line weight, material details. No text, no labels, no UI. match this style exactly; side-view cutaway module language; no text/no labels/no UI; consistent line weight and colour temperature with reference."
sample_lab_t2__microscope_arm__usage_75_99,state_variant,sample_lab_t2,Sample Analysis Lab Room,science,2,microscope_arm,Microscope Arm,interactive,usage_75_99,p2,"Using the attached style reference and matching the base component exactly, create state variant 'usage_75_99' for component 'Microscope Arm' in 'Sample Analysis Lab Room'. Change only state cues: heavy wear, strong warning glow, soot/scuffs and stressed materials. Preserve camera, scale, line weight, material details. No text, no labels, no UI. match this style exactly; side-view cutaway module language; no text/no labels/no UI; consistent line weight and colour temperature with reference."
sample_lab_t2__specimen_trays__usage_0_24,state_variant,sample_lab_t2,Sample Analysis Lab Room,science,2,specimen_trays,Specimen Trays,interactive,usage_0_24,p2,"Using the attached style reference and matching the base component exactly, create state variant 'usage_0_24' for component 'Specimen Trays' in 'Sample Analysis Lab Room'. Change only state cues: clean surfaces, low heat bloom, minimal wear. Preserve camera, scale, line weight, material details. No text, no labels, no UI. match this style exactly; side-view cutaway module language; no text/no labels/no UI; consistent line weight and colour temperature with reference."
sample_lab_t2__specimen_trays__usage_100,state_variant,sample_lab_t2,Sample Analysis Lab Room,science,2,specimen_trays,Specimen Trays,interactive,usage_100,p2,"Using the attached style reference and matching the base component exactly, create state variant 'usage_100' for component 'Specimen Trays' in 'Sample Analysis Lab Room'. Change only state cues: near-failure/depleted look, severe wear, emergency warning cues. Preserve camera, scale, line weight, material details. No text, no labels, no UI. match this style exactly; side-view cutaway module language; no text/no labels/no UI; consistent line weight and colour temperature with reference."
sample_lab_t2__specimen_trays__usage_25_49,state_variant,sample_lab_t2,Sample Analysis Lab Room,science,2,specimen_trays,Specimen Trays,interactive,usage_25_49,p2,"Using the attached style reference and matching the base component exactly, create state variant 'usage_25_49' for component 'Specimen Trays' in 'Sample Analysis Lab Room'. Change only state cues: mild scorch marks and minor scratches, slightly warmer highlights. Preserve camera, scale, line weight, material details. No text, no labels, no UI. match this style exactly; side-view cutaway module language; no text/no labels/no UI; consistent line weight and colour temperature with reference."
sample_lab_t2__specimen_trays__usage_50_74,state_variant,sample_lab_t2,Sample Analysis Lab Room,science,2,specimen_trays,Specimen Trays,interactive,usage_50_74,p2,"Using the attached style reference and matching the base component exactly, create state variant 'usage_50_74' for component 'Specimen Trays' in 'Sample Analysis Lab Room'. Change only state cues: moderate wear, heat bloom, visible scratches and warning tint. Preserve camera, scale, line weight, material details. No text, no labels, no UI. match this style exactly; side-view cutaway module language; no text/no labels/no UI; consistent line weight and colour temperature with reference."
sample_lab_t2__specimen_trays__usage_75_99,state_variant,sample_lab_t2,Sample Analysis Lab Room,science,2,specimen_trays,Specimen Trays,interactive,usage_75_99,p2,"Using the attached style reference and matching the base component exactly, create state variant 'usage_75_99' for component 'Specimen Trays' in 'Sample Analysis Lab Room'. Change only state cues: heavy wear, strong warning glow, soot/scuffs and stressed materials. Preserve camera, scale, line weight, material details. No text, no labels, no UI. match this style exactly; side-view cutaway module language; no text/no labels/no UI; consistent line weight and colour temperature with reference."
small_reactor_t1__compact_reactor_core_sphere__usage_0_24,state_variant,small_reactor_t1,Small Reactor Core Room,power,1,compact_reactor_core_sphere,Compact Reactor Core Sphere,interactive,usage_0_24,p2,"Using the attached style reference and matching the base component exactly, create state variant 'usage_0_24' for component 'Compact Reactor Core Sphere' in 'Small Reactor Core Room'. Change only state cues: clean surfaces, low heat bloom, minimal wear. Preserve camera, scale, line weight, material details. No text, no labels, no UI. match this style exactly; side-view cutaway module language; no text/no labels/no UI; consistent line weight and colour temperature with reference."
small_reactor_t1__compact_reactor_core_sphere__usage_100,state_variant,small_reactor_t1,Small Reactor Core Room,power,1,compact_reactor_core_sphere,Compact Reactor Core Sphere,interactive,usage_100,p2,"Using the attached style reference and matching the base component exactly, create state variant 'usage_100' for component 'Compact Reactor Core Sphere' in 'Small Reactor Core Room'. Change only state cues: near-failure/depleted look, severe wear, emergency warning cues. Preserve camera, scale, line weight, material details. No text, no labels, no UI. match this style exactly; side-view cutaway module language; no text/no labels/no UI; consistent line weight and colour temperature with reference."
small_reactor_t1__compact_reactor_core_sphere__usage_25_49,state_variant,small_reactor_t1,Small Reactor Core Room,power,1,compact_reactor_core_sphere,Compact Reactor Core Sphere,interactive,usage_25_49,p2,"Using the attached style reference and matching the base component exactly, create state variant 'usage_25_49' for component 'Compact Reactor Core Sphere' in 'Small Reactor Core Room'. Change only state cues: mild scorch marks and minor scratches, slightly warmer highlights. Preserve camera, scale, line weight, material details. No text, no labels, no UI. match this style exactly; side-view cutaway module language; no text/no labels/no UI; consistent line weight and colour temperature with reference."
small_reactor_t1__compact_reactor_core_sphere__usage_50_74,state_variant,small_reactor_t1,Small Reactor Core Room,power,1,compact_reactor_core_sphere,Compact Reactor Core Sphere,interactive,usage_50_74,p2,"Using the attached style reference and matching the base component exactly, create state variant 'usage_50_74' for component 'Compact Reactor Core Sphere' in 'Small Reactor Core Room'. Change only state cues: moderate wear, heat bloom, visible scratches and warning tint. Preserve camera, scale, line weight, material details. No text, no labels, no UI. match this style exactly; side-view cutaway module language; no text/no labels/no UI; consistent line weight and colour temperature with reference."
small_reactor_t1__compact_reactor_core_sphere__usage_75_99,state_variant,small_reactor_t1,Small Reactor Core Room,power,1,compact_reactor_core_sphere,Compact Reactor Core Sphere,interactive,usage_75_99,p2,"Using the attached style reference and matching the base component exactly, create state variant 'usage_75_99' for component 'Compact Reactor Core Sphere' in 'Small Reactor Core Room'. Change only state cues: heavy wear, strong warning glow, soot/scuffs and stressed materials. Preserve camera, scale, line weight, material details. No text, no labels, no UI. match this style exactly; side-view cutaway module language; no text/no labels/no UI; consistent line weight and colour temperature with reference."
small_tank_t1__frosted_fuel_viewport_small__usage_0_24,state_variant,small_tank_t1,Small Fuel Tank Room,fuel,1,frosted_fuel_viewport_small,Frosted Fuel Viewport,interactive,usage_0_24,p2,"Using the attached style reference and matching the base component exactly, create state variant 'usage_0_24' for component 'Frosted Fuel Viewport' in 'Small Fuel Tank Room'. Change only state cues: clean surfaces, low heat bloom, minimal wear. Preserve camera, scale, line weight, material details. No text, no labels, no UI. match this style exactly; side-view cutaway module language; no text/no labels/no UI; consistent line weight and colour temperature with reference."
small_tank_t1__frosted_fuel_viewport_small__usage_100,state_variant,small_tank_t1,Small Fuel Tank Room,fuel,1,frosted_fuel_viewport_small,Frosted Fuel Viewport,interactive,usage_100,p2,"Using the attached style reference and matching the base component exactly, create state variant 'usage_100' for component 'Frosted Fuel Viewport' in 'Small Fuel Tank Room'. Change only state cues: near-failure/depleted look, severe wear, emergency warning cues. Preserve camera, scale, line weight, material details. No text, no labels, no UI. match this style exactly; side-view cutaway module language; no text/no labels/no UI; consistent line weight and colour temperature with reference."
small_tank_t1__frosted_fuel_viewport_small__usage_25_49,state_variant,small_tank_t1,Small Fuel Tank Room,fuel,1,frosted_fuel_viewport_small,Frosted Fuel Viewport,interactive,usage_25_49,p2,"Using the attached style reference and matching the base component exactly, create state variant 'usage_25_49' for component 'Frosted Fuel Viewport' in 'Small Fuel Tank Room'. Change only state cues: mild scorch marks and minor scratches, slightly warmer highlights. Preserve camera, scale, line weight, material details. No text, no labels, no UI. match this style exactly; side-view cutaway module language; no text/no labels/no UI; consistent line weight and colour temperature with reference."
small_tank_t1__frosted_fuel_viewport_small__usage_50_74,state_variant,small_tank_t1,Small Fuel Tank Room,fuel,1,frosted_fuel_viewport_small,Frosted Fuel Viewport,interactive,usage_50_74,p2,"Using the attached style reference and matching the base component exactly, create state variant 'usage_50_74' for component 'Frosted Fuel Viewport' in 'Small Fuel Tank Room'. Change only state cues: moderate wear, heat bloom, visible scratches and warning tint. Preserve camera, scale, line weight, material details. No text, no labels, no UI. match this style exactly; side-view cutaway module language; no text/no labels/no UI; consistent line weight and colour temperature with reference."
small_tank_t1__frosted_fuel_viewport_small__usage_75_99,state_variant,small_tank_t1,Small Fuel Tank Room,fuel,1,frosted_fuel_viewport_small,Frosted Fuel Viewport,interactive,usage_75_99,p2,"Using the attached style reference and matching the base component exactly, create state variant 'usage_75_99' for component 'Frosted Fuel Viewport' in 'Small Fuel Tank Room'. Change only state cues: heavy wear, strong warning glow, soot/scuffs and stressed materials. Preserve camera, scale, line weight, material details. No text, no labels, no UI. match this style exactly; side-view cutaway module language; no text/no labels/no UI; consistent line weight and colour temperature with reference."
small_tank_t1__fuel_tanks_dual__usage_0_24,state_variant,small_tank_t1,Small Fuel Tank Room,fuel,1,fuel_tanks_dual,Dual Fuel Tanks,interactive,usage_0_24,p2,"Using the attached style reference and matching the base component exactly, create state variant 'usage_0_24' for component 'Dual Fuel Tanks' in 'Small Fuel Tank Room'. Change only state cues: clean surfaces, low heat bloom, minimal wear. Preserve camera, scale, line weight, material details. No text, no labels, no UI. match this style exactly; side-view cutaway module language; no text/no labels/no UI; consistent line weight and colour temperature with reference."
small_tank_t1__fuel_tanks_dual__usage_100,state_variant,small_tank_t1,Small Fuel Tank Room,fuel,1,fuel_tanks_dual,Dual Fuel Tanks,interactive,usage_100,p2,"Using the attached style reference and matching the base component exactly, create state variant 'usage_100' for component 'Dual Fuel Tanks' in 'Small Fuel Tank Room'. Change only state cues: near-failure/depleted look, severe wear, emergency warning cues. Preserve camera, scale, line weight, material details. No text, no labels, no UI. match this style exactly; side-view cutaway module language; no text/no labels/no UI; consistent line weight and colour temperature with reference."
small_tank_t1__fuel_tanks_dual__usage_25_49,state_variant,small_tank_t1,Small Fuel Tank Room,fuel,1,fuel_tanks_dual,Dual Fuel Tanks,interactive,usage_25_49,p2,"Using the attached style reference and matching the base component exactly, create state variant 'usage_25_49' for component 'Dual Fuel Tanks' in 'Small Fuel Tank Room'. Change only state cues: mild scorch marks and minor scratches, slightly warmer highlights. Preserve camera, scale, line weight, material details. No text, no labels, no UI. match this style exactly; side-view cutaway module language; no text/no labels/no UI; consistent line weight and colour temperature with reference."
small_tank_t1__fuel_tanks_dual__usage_50_74,state_variant,small_tank_t1,Small Fuel Tank Room,fuel,1,fuel_tanks_dual,Dual Fuel Tanks,interactive,usage_50_74,p2,"Using the attached style reference and matching the base component exactly, create state variant 'usage_50_74' for component 'Dual Fuel Tanks' in 'Small Fuel Tank Room'. Change only state cues: moderate wear, heat bloom, visible scratches and warning tint. Preserve camera, scale, line weight, material details. No text, no labels, no UI. match this style exactly; side-view cutaway module language; no text/no labels/no UI; consistent line weight and colour temperature with reference."
small_tank_t1__fuel_tanks_dual__usage_75_99,state_variant,small_tank_t1,Small Fuel Tank Room,fuel,1,fuel_tanks_dual,Dual Fuel Tanks,interactive,usage_75_99,p2,"Using the attached style reference and matching the base component exactly, create state variant 'usage_75_99' for component 'Dual Fuel Tanks' in 'Small Fuel Tank Room'. Change only state cues: heavy wear, strong warning glow, soot/scuffs and stressed materials. Preserve camera, scale, line weight, material details. No text, no labels, no UI. match this style exactly; side-view cutaway module language; no text/no labels/no UI; consistent line weight and colour temperature with reference."
spectral_analyser_t3__analytical_sample_trays__usage_0_24,state_variant,spectral_analyser_t3,Spectral Analyser Room,navigation,3,analytical_sample_trays,Analytical Sample Trays,interactive,usage_0_24,p2,"Using the attached style reference and matching the base component exactly, create state variant 'usage_0_24' for component 'Analytical Sample Trays' in 'Spectral Analyser Room'. Change only state cues: clean surfaces, low heat bloom, minimal wear. Preserve camera, scale, line weight, material details. No text, no labels, no UI. match this style exactly; side-view cutaway module language; no text/no labels/no UI; consistent line weight and colour temperature with reference."
spectral_analyser_t3__analytical_sample_trays__usage_100,state_variant,spectral_analyser_t3,Spectral Analyser Room,navigation,3,analytical_sample_trays,Analytical Sample Trays,interactive,usage_100,p2,"Using the attached style reference and matching the base component exactly, create state variant 'usage_100' for component 'Analytical Sample Trays' in 'Spectral Analyser Room'. Change only state cues: near-failure/depleted look, severe wear, emergency warning cues. Preserve camera, scale, line weight, material details. No text, no labels, no UI. match this style exactly; side-view cutaway module language; no text/no labels/no UI; consistent line weight and colour temperature with reference."
spectral_analyser_t3__analytical_sample_trays__usage_25_49,state_variant,spectral_analyser_t3,Spectral Analyser Room,navigation,3,analytical_sample_trays,Analytical Sample Trays,interactive,usage_25_49,p2,"Using the attached style reference and matching the base component exactly, create state variant 'usage_25_49' for component 'Analytical Sample Trays' in 'Spectral Analyser Room'. Change only state cues: mild scorch marks and minor scratches, slightly warmer highlights. Preserve camera, scale, line weight, material details. No text, no labels, no UI. match this style exactly; side-view cutaway module language; no text/no labels/no UI; consistent line weight and colour temperature with reference."
spectral_analyser_t3__analytical_sample_trays__usage_50_74,state_variant,spectral_analyser_t3,Spectral Analyser Room,navigation,3,analytical_sample_trays,Analytical Sample Trays,interactive,usage_50_74,p2,"Using the attached style reference and matching the base component exactly, create state variant 'usage_50_74' for component 'Analytical Sample Trays' in 'Spectral Analyser Room'. Change only state cues: moderate wear, heat bloom, visible scratches and warning tint. Preserve camera, scale, line weight, material details. No text, no labels, no UI. match this style exactly; side-view cutaway module language; no text/no labels/no UI; consistent line weight and colour temperature with reference."
spectral_analyser_t3__analytical_sample_trays__usage_75_99,state_variant,spectral_analyser_t3,Spectral Analyser Room,navigation,3,analytical_sample_trays,Analytical Sample Trays,interactive,usage_75_99,p2,"Using the attached style reference and matching the base component exactly, create state variant 'usage_75_99' for component 'Analytical Sample Trays' in 'Spectral Analyser Room'. Change only state cues: heavy wear, strong warning glow, soot/scuffs and stressed materials. Preserve camera, scale, line weight, material details. No text, no labels, no UI. match this style exactly; side-view cutaway module language; no text/no labels/no UI; consistent line weight and colour temperature with reference."
subsurface_probe_t2__subsurface_probe_body__usage_0_24,state_variant,subsurface_probe_t2,Subsurface Probe Room,mining,2,subsurface_probe_body,Subsurface Probe Body,interactive,usage_0_24,p2,"Using the attached style reference and matching the base component exactly, create state variant 'usage_0_24' for component 'Subsurface Probe Body' in 'Subsurface Probe Room'. Change only state cues: clean surfaces, low heat bloom, minimal wear. Preserve camera, scale, line weight, material details. No text, no labels, no UI. match this style exactly; side-view cutaway module language; no text/no labels/no UI; consistent line weight and colour temperature with reference."
subsurface_probe_t2__subsurface_probe_body__usage_100,state_variant,subsurface_probe_t2,Subsurface Probe Room,mining,2,subsurface_probe_body,Subsurface Probe Body,interactive,usage_100,p2,"Using the attached style reference and matching the base component exactly, create state variant 'usage_100' for component 'Subsurface Probe Body' in 'Subsurface Probe Room'. Change only state cues: near-failure/depleted look, severe wear, emergency warning cues. Preserve camera, scale, line weight, material details. No text, no labels, no UI. match this style exactly; side-view cutaway module language; no text/no labels/no UI; consistent line weight and colour temperature with reference."
subsurface_probe_t2__subsurface_probe_body__usage_25_49,state_variant,subsurface_probe_t2,Subsurface Probe Room,mining,2,subsurface_probe_body,Subsurface Probe Body,interactive,usage_25_49,p2,"Using the attached style reference and matching the base component exactly, create state variant 'usage_25_49' for component 'Subsurface Probe Body' in 'Subsurface Probe Room'. Change only state cues: mild scorch marks and minor scratches, slightly warmer highlights. Preserve camera, scale, line weight, material details. No text, no labels, no UI. match this style exactly; side-view cutaway module language; no text/no labels/no UI; consistent line weight and colour temperature with reference."
subsurface_probe_t2__subsurface_probe_body__usage_50_74,state_variant,subsurface_probe_t2,Subsurface Probe Room,mining,2,subsurface_probe_body,Subsurface Probe Body,interactive,usage_50_74,p2,"Using the attached style reference and matching the base component exactly, create state variant 'usage_50_74' for component 'Subsurface Probe Body' in 'Subsurface Probe Room'. Change only state cues: moderate wear, heat bloom, visible scratches and warning tint. Preserve camera, scale, line weight, material details. No text, no labels, no UI. match this style exactly; side-view cutaway module language; no text/no labels/no UI; consistent line weight and colour temperature with reference."
subsurface_probe_t2__subsurface_probe_body__usage_75_99,state_variant,subsurface_probe_t2,Subsurface Probe Room,mining,2,subsurface_probe_body,Subsurface Probe Body,interactive,usage_75_99,p2,"Using the attached style reference and matching the base component exactly, create state variant 'usage_75_99' for component 'Subsurface Probe Body' in 'Subsurface Probe Room'. Change only state cues: heavy wear, strong warning glow, soot/scuffs and stressed materials. Preserve camera, scale, line weight, material details. No text, no labels, no UI. match this style exactly; side-view cutaway module language; no text/no labels/no UI; consistent line weight and colour temperature with reference."
telescope_t2__telescope_tube_main__usage_0_24,state_variant,telescope_t2,Telescope Observation Room,science,2,telescope_tube_main,Telescope Tube,interactive,usage_0_24,p2,"Using the attached style reference and matching the base component exactly, create state variant 'usage_0_24' for component 'Telescope Tube' in 'Telescope Observation Room'. Change only state cues: clean surfaces, low heat bloom, minimal wear. Preserve camera, scale, line weight, material details. No text, no labels, no UI. match this style exactly; side-view cutaway module language; no text/no labels/no UI; consistent line weight and colour temperature with reference."
telescope_t2__telescope_tube_main__usage_100,state_variant,telescope_t2,Telescope Observation Room,science,2,telescope_tube_main,Telescope Tube,interactive,usage_100,p2,"Using the attached style reference and matching the base component exactly, create state variant 'usage_100' for component 'Telescope Tube' in 'Telescope Observation Room'. Change only state cues: near-failure/depleted look, severe wear, emergency warning cues. Preserve camera, scale, line weight, material details. No text, no labels, no UI. match this style exactly; side-view cutaway module language; no text/no labels/no UI; consistent line weight and colour temperature with reference."
telescope_t2__telescope_tube_main__usage_25_49,state_variant,telescope_t2,Telescope Observation Room,science,2,telescope_tube_main,Telescope Tube,interactive,usage_25_49,p2,"Using the attached style reference and matching the base component exactly, create state variant 'usage_25_49' for component 'Telescope Tube' in 'Telescope Observation Room'. Change only state cues: mild scorch marks and minor scratches, slightly warmer highlights. Preserve camera, scale, line weight, material details. No text, no labels, no UI. match this style exactly; side-view cutaway module language; no text/no labels/no UI; consistent line weight and colour temperature with reference."
telescope_t2__telescope_tube_main__usage_50_74,state_variant,telescope_t2,Telescope Observation Room,science,2,telescope_tube_main,Telescope Tube,interactive,usage_50_74,p2,"Using the attached style reference and matching the base component exactly, create state variant 'usage_50_74' for component 'Telescope Tube' in 'Telescope Observation Room'. Change only state cues: moderate wear, heat bloom, visible scratches and warning tint. Preserve camera, scale, line weight, material details. No text, no labels, no UI. match this style exactly; side-view cutaway module language; no text/no labels/no UI; consistent line weight and colour temperature with reference."
telescope_t2__telescope_tube_main__usage_75_99,state_variant,telescope_t2,Telescope Observation Room,science,2,telescope_tube_main,Telescope Tube,interactive,usage_75_99,p2,"Using the attached style reference and matching the base component exactly, create state variant 'usage_75_99' for component 'Telescope Tube' in 'Telescope Observation Room'. Change only state cues: heavy wear, strong warning glow, soot/scuffs and stressed materials. Preserve camera, scale, line weight, material details. No text, no labels, no UI. match this style exactly; side-view cutaway module language; no text/no labels/no UI; consistent line weight and colour temperature with reference."
