asset_id,asset_type,room_id,room_name,category,tier,component_id,component_name,component_kind,state_key,priority,prompt
basic_hull_t1__damage_indicator_strip__base,component,basic_hull_t1,Basic Hull Plating Module,hull,1,damage_indicator_strip,Damage Indicator Strip,interactive,base,p0,"Using the attached style reference, create a single isolated room component sprite for a spacecraft dollhouse interior system. Component: Damage Indicator Strip. Category: Basic Hull Plating Module. Side-view cross-section, clean cutout silhouette, no text, no labels, no UI, no characters. Designed for 2:1 room tile composition. match this style exactly; side-view cutaway module language; no text/no labels/no UI; consistent line weight and colour temperature with reference."
basic_hull_t1__inspection_access_panel__base,component,basic_hull_t1,Basic Hull Plating Module,hull,1,inspection_access_panel,Inspection Access Panel,interactive,base,p0,"Using the attached style reference, create a single isolated room component sprite for a spacecraft dollhouse interior system. Component: Inspection Access Panel. Category: Basic Hull Plating Module. Side-view cross-section, clean cutout silhouette, no text, no labels, no UI, no characters. Designed for 2:1 room tile composition. match this style exactly; side-view cutaway module language; no text/no labels/no UI; consistent line weight and colour temperature with reference."
basic_hull_t1__layered_armour_wall__base,component,basic_hull_t1,Basic Hull Plating Module,hull,1,layered_armour_wall,layered armour wall,structural,base,p1,"Using the attached style reference, create a single isolated room component sprite for a spacecraft dollhouse interior system. Component: layered_armour_wall. Category: Basic Hull Plating Module. Side-view cross-section, clean cutout silhouette, no text, no labels, no UI, no characters. Designed for 2:1 room tile composition. match this style exactly; side-view cutaway module language; no text/no labels/no UI; consistent line weight and colour temperature with reference."
basic_hull_t1__reinforcement_struts__base,component,basic_hull_t1,Basic Hull Plating Module,hull,1,reinforcement_struts,reinforcement struts,structural,base,p1,"Using the attached style reference, create a single isolated room component sprite for a spacecraft dollhouse interior system. Component: reinforcement_struts. Category: Basic Hull Plating Module. Side-view cross-section, clean cutout silhouette, no text, no labels, no UI, no characters. Designed for 2:1 room tile composition. match this style exactly; side-view cutaway module language; no text/no labels/no UI; consistent line weight and colour temperature with reference."
basic_hull_t1__damage_indicator_strip__active,state_variant,basic_hull_t1,Basic Hull Plating Module,hull,1,damage_indicator_strip,Damage Indicator Strip,interactive,active,p1,"Using the attached style reference and matching the base component exactly, create state variant 'active' for component 'Damage Indicator Strip' in 'Basic Hull Plating Module'. Change only state cues: brighter active glow, subtle motion/energy cues, engaged indicators. Preserve camera, scale, line weight, material details. No text, no labels, no UI. match this style exactly; side-view cutaway module language; no text/no labels/no UI; consistent line weight and colour temperature with reference."
basic_hull_t1__damage_indicator_strip__cooldown,state_variant,basic_hull_t1,Basic Hull Plating Module,hull,1,damage_indicator_strip,Damage Indicator Strip,interactive,cooldown,p1,"Using the attached style reference and matching the base component exactly, create state variant 'cooldown' for component 'Damage Indicator Strip' in 'Basic Hull Plating Module'. Change only state cues: reduced glow with cooling/venting cues and amber warning flicker. Preserve camera, scale, line weight, material details. No text, no labels, no UI. match this style exactly; side-view cutaway module language; no text/no labels/no UI; consistent line weight and colour temperature with reference."
basic_hull_t1__damage_indicator_strip__damaged,state_variant,basic_hull_t1,Basic Hull Plating Module,hull,1,damage_indicator_strip,Damage Indicator Strip,interactive,damaged,p1,"Using the attached style reference and matching the base component exactly, create state variant 'damaged' for component 'Damage Indicator Strip' in 'Basic Hull Plating Module'. Change only state cues: visible wear, sparks or cracks, warning lights and degraded output. Preserve camera, scale, line weight, material details. No text, no labels, no UI. match this style exactly; side-view cutaway module language; no text/no labels/no UI; consistent line weight and colour temperature with reference."
basic_hull_t1__damage_indicator_strip__depleted,state_variant,basic_hull_t1,Basic Hull Plating Module,hull,1,damage_indicator_strip,Damage Indicator Strip,interactive,depleted,p1,"Using the attached style reference and matching the base component exactly, create state variant 'depleted' for component 'Damage Indicator Strip' in 'Basic Hull Plating Module'. Change only state cues: minimal or no glow, offline indicators, depleted resource cues. Preserve camera, scale, line weight, material details. No text, no labels, no UI. match this style exactly; side-view cutaway module language; no text/no labels/no UI; consistent line weight and colour temperature with reference."
basic_hull_t1__damage_indicator_strip__idle,state_variant,basic_hull_t1,Basic Hull Plating Module,hull,1,damage_indicator_strip,Damage Indicator Strip,interactive,idle,p1,"Using the attached style reference and matching the base component exactly, create state variant 'idle' for component 'Damage Indicator Strip' in 'Basic Hull Plating Module'. Change only state cues: stable indicator lights, neutral glow, no motion cues. Preserve camera, scale, line weight, material details. No text, no labels, no UI. match this style exactly; side-view cutaway module language; no text/no labels/no UI; consistent line weight and colour temperature with reference."
basic_hull_t1__inspection_access_panel__active,state_variant,basic_hull_t1,Basic Hull Plating Module,hull,1,inspection_access_panel,Inspection Access Panel,interactive,active,p1,"Using the attached style reference and matching the base component exactly, create state variant 'active' for component 'Inspection Access Panel' in 'Basic Hull Plating Module'. Change only state cues: brighter active glow, subtle motion/energy cues, engaged indicators. Preserve camera, scale, line weight, material details. No text, no labels, no UI. match this style exactly; side-view cutaway module language; no text/no labels/no UI; consistent line weight and colour temperature with reference."
basic_hull_t1__inspection_access_panel__cooldown,state_variant,basic_hull_t1,Basic Hull Plating Module,hull,1,inspection_access_panel,Inspection Access Panel,interactive,cooldown,p1,"Using the attached style reference and matching the base component exactly, create state variant 'cooldown' for component 'Inspection Access Panel' in 'Basic Hull Plating Module'. Change only state cues: reduced glow with cooling/venting cues and amber warning flicker. Preserve camera, scale, line weight, material details. No text, no labels, no UI. match this style exactly; side-view cutaway module language; no text/no labels/no UI; consistent line weight and colour temperature with reference."
basic_hull_t1__inspection_access_panel__damaged,state_variant,basic_hull_t1,Basic Hull Plating Module,hull,1,inspection_access_panel,Inspection Access Panel,interactive,damaged,p1,"Using the attached style reference and matching the base component exactly, create state variant 'damaged' for component 'Inspection Access Panel' in 'Basic Hull Plating Module'. Change only state cues: visible wear, sparks or cracks, warning lights and degraded output. Preserve camera, scale, line weight, material details. No text, no labels, no UI. match this style exactly; side-view cutaway module language; no text/no labels/no UI; consistent line weight and colour temperature with reference."
basic_hull_t1__inspection_access_panel__depleted,state_variant,basic_hull_t1,Basic Hull Plating Module,hull,1,inspection_access_panel,Inspection Access Panel,interactive,depleted,p1,"Using the attached style reference and matching the base component exactly, create state variant 'depleted' for component 'Inspection Access Panel' in 'Basic Hull Plating Module'. Change only state cues: minimal or no glow, offline indicators, depleted resource cues. Preserve camera, scale, line weight, material details. No text, no labels, no UI. match this style exactly; side-view cutaway module language; no text/no labels/no UI; consistent line weight and colour temperature with reference."
basic_hull_t1__inspection_access_panel__idle,state_variant,basic_hull_t1,Basic Hull Plating Module,hull,1,inspection_access_panel,Inspection Access Panel,interactive,idle,p1,"Using the attached style reference and matching the base component exactly, create state variant 'idle' for component 'Inspection Access Panel' in 'Basic Hull Plating Module'. Change only state cues: stable indicator lights, neutral glow, no motion cues. Preserve camera, scale, line weight, material details. No text, no labels, no UI. match this style exactly; side-view cutaway module language; no text/no labels/no UI; consistent line weight and colour temperature with reference."
basic_hull_t1__room_composite__v1,room_composite,basic_hull_t1,Basic Hull Plating Module,hull,1,room_composite,Room Composite,composite,base,p0,"Using the attached style reference, compose one 2:1 spacecraft room tile for 'Basic Hull Plating Module' using these components: layered_armour_wall, reinforcement_struts, inspection_access_panel, damage_indicator_strip. Keep module shell rectangular with flat top/bottom for stacking. Include only listed components and consistent accent lighting. No text, no labels, no UI, no rocket exterior. match this style exactly; side-view cutaway module language; no text/no labels/no UI; consistent line weight and colour temperature with reference."
basic_nav_t1__holographic_star_map_emitter__base,component,basic_nav_t1,Basic Navigation Room,navigation,1,holographic_star_map_emitter,Holographic Star Map Emitter,interactive,base,p0,"Using the attached style reference, create a single isolated room component sprite for a spacecraft dollhouse interior system. Component: Holographic Star Map Emitter. Category: Basic Navigation Room. Side-view cross-section, clean cutout silhouette, no text, no labels, no UI, no characters. Designed for 2:1 room tile composition. match this style exactly; side-view cutaway module language; no text/no labels/no UI; consistent line weight and colour temperature with reference."
basic_nav_t1__manual_flight_controls__base,component,basic_nav_t1,Basic Navigation Room,navigation,1,manual_flight_controls,Manual Flight Controls,interactive,base,p0,"Using the attached style reference, create a single isolated room component sprite for a spacecraft dollhouse interior system. Component: Manual Flight Controls. Category: Basic Navigation Room. Side-view cross-section, clean cutout silhouette, no text, no labels, no UI, no characters. Designed for 2:1 room tile composition. match this style exactly; side-view cutaway module language; no text/no labels/no UI; consistent line weight and colour temperature with reference."
basic_nav_t1__nav_console_station__base,component,basic_nav_t1,Basic Navigation Room,navigation,1,nav_console_station,nav console station,structural,base,p1,"Using the attached style reference, create a single isolated room component sprite for a spacecraft dollhouse interior system. Component: nav_console_station. Category: Basic Navigation Room. Side-view cross-section, clean cutout silhouette, no text, no labels, no UI, no characters. Designed for 2:1 room tile composition. match this style exactly; side-view cutaway module language; no text/no labels/no UI; consistent line weight and colour temperature with reference."
basic_nav_t1__radar_sweep_display__base,component,basic_nav_t1,Basic Navigation Room,navigation,1,radar_sweep_display,Radar Sweep Display,interactive,base,p0,"Using the attached style reference, create a single isolated room component sprite for a spacecraft dollhouse interior system. Component: Radar Sweep Display. Category: Basic Navigation Room. Side-view cross-section, clean cutout silhouette, no text, no labels, no UI, no characters. Designed for 2:1 room tile composition. match this style exactly; side-view cutaway module language; no text/no labels/no UI; consistent line weight and colour temperature with reference."
basic_nav_t1__viewport_frame_right__base,component,basic_nav_t1,Basic Navigation Room,navigation,1,viewport_frame_right,viewport frame right,structural,base,p1,"Using the attached style reference, create a single isolated room component sprite for a spacecraft dollhouse interior system. Component: viewport_frame_right. Category: Basic Navigation Room. Side-view cross-section, clean cutout silhouette, no text, no labels, no UI, no characters. Designed for 2:1 room tile composition. match this style exactly; side-view cutaway module language; no text/no labels/no UI; consistent line weight and colour temperature with reference."
basic_nav_t1__holographic_star_map_emitter__active,state_variant,basic_nav_t1,Basic Navigation Room,navigation,1,holographic_star_map_emitter,Holographic Star Map Emitter,interactive,active,p1,"Using the attached style reference and matching the base component exactly, create state variant 'active' for component 'Holographic Star Map Emitter' in 'Basic Navigation Room'. Change only state cues: brighter active glow, subtle motion/energy cues, engaged indicators. Preserve camera, scale, line weight, material details. No text, no labels, no UI. match this style exactly; side-view cutaway module language; no text/no labels/no UI; consistent line weight and colour temperature with reference."
basic_nav_t1__holographic_star_map_emitter__cooldown,state_variant,basic_nav_t1,Basic Navigation Room,navigation,1,holographic_star_map_emitter,Holographic Star Map Emitter,interactive,cooldown,p1,"Using the attached style reference and matching the base component exactly, create state variant 'cooldown' for component 'Holographic Star Map Emitter' in 'Basic Navigation Room'. Change only state cues: reduced glow with cooling/venting cues and amber warning flicker. Preserve camera, scale, line weight, material details. No text, no labels, no UI. match this style exactly; side-view cutaway module language; no text/no labels/no UI; consistent line weight and colour temperature with reference."
basic_nav_t1__holographic_star_map_emitter__damaged,state_variant,basic_nav_t1,Basic Navigation Room,navigation,1,holographic_star_map_emitter,Holographic Star Map Emitter,interactive,damaged,p1,"Using the attached style reference and matching the base component exactly, create state variant 'damaged' for component 'Holographic Star Map Emitter' in 'Basic Navigation Room'. Change only state cues: visible wear, sparks or cracks, warning lights and degraded output. Preserve camera, scale, line weight, material details. No text, no labels, no UI. match this style exactly; side-view cutaway module language; no text/no labels/no UI; consistent line weight and colour temperature with reference."
basic_nav_t1__holographic_star_map_emitter__depleted,state_variant,basic_nav_t1,Basic Navigation Room,navigation,1,holographic_star_map_emitter,Holographic Star Map Emitter,interactive,depleted,p1,"Using the attached style reference and matching the base component exactly, create state variant 'depleted' for component 'Holographic Star Map Emitter' in 'Basic Navigation Room'. Change only state cues: minimal or no glow, offline indicators, depleted resource cues. Preserve camera, scale, line weight, material details. No text, no labels, no UI. match this style exactly; side-view cutaway module language; no text/no labels/no UI; consistent line weight and colour temperature with reference."
basic_nav_t1__holographic_star_map_emitter__idle,state_variant,basic_nav_t1,Basic Navigation Room,navigation,1,holographic_star_map_emitter,Holographic Star Map Emitter,interactive,idle,p1,"Using the attached style reference and matching the base component exactly, create state variant 'idle' for component 'Holographic Star Map Emitter' in 'Basic Navigation Room'. Change only state cues: stable indicator lights, neutral glow, no motion cues. Preserve camera, scale, line weight, material details. No text, no labels, no UI. match this style exactly; side-view cutaway module language; no text/no labels/no UI; consistent line weight and colour temperature with reference."
basic_nav_t1__manual_flight_controls__active,state_variant,basic_nav_t1,Basic Navigation Room,navigation,1,manual_flight_controls,Manual Flight Controls,interactive,active,p1,"Using the attached style reference and matching the base component exactly, create state variant 'active' for component 'Manual Flight Controls' in 'Basic Navigation Room'. Change only state cues: brighter active glow, subtle motion/energy cues, engaged indicators. Preserve camera, scale, line weight, material details. No text, no labels, no UI. match this style exactly; side-view cutaway module language; no text/no labels/no UI; consistent line weight and colour temperature with reference."
basic_nav_t1__manual_flight_controls__cooldown,state_variant,basic_nav_t1,Basic Navigation Room,navigation,1,manual_flight_controls,Manual Flight Controls,interactive,cooldown,p1,"Using the attached style reference and matching the base component exactly, create state variant 'cooldown' for component 'Manual Flight Controls' in 'Basic Navigation Room'. Change only state cues: reduced glow with cooling/venting cues and amber warning flicker. Preserve camera, scale, line weight, material details. No text, no labels, no UI. match this style exactly; side-view cutaway module language; no text/no labels/no UI; consistent line weight and colour temperature with reference."
basic_nav_t1__manual_flight_controls__damaged,state_variant,basic_nav_t1,Basic Navigation Room,navigation,1,manual_flight_controls,Manual Flight Controls,interactive,damaged,p1,"Using the attached style reference and matching the base component exactly, create state variant 'damaged' for component 'Manual Flight Controls' in 'Basic Navigation Room'. Change only state cues: visible wear, sparks or cracks, warning lights and degraded output. Preserve camera, scale, line weight, material details. No text, no labels, no UI. match this style exactly; side-view cutaway module language; no text/no labels/no UI; consistent line weight and colour temperature with reference."
basic_nav_t1__manual_flight_controls__depleted,state_variant,basic_nav_t1,Basic Navigation Room,navigation,1,manual_flight_controls,Manual Flight Controls,interactive,depleted,p1,"Using the attached style reference and matching the base component exactly, create state variant 'depleted' for component 'Manual Flight Controls' in 'Basic Navigation Room'. Change only state cues: minimal or no glow, offline indicators, depleted resource cues. Preserve camera, scale, line weight, material details. No text, no labels, no UI. match this style exactly; side-view cutaway module language; no text/no labels/no UI; consistent line weight and colour temperature with reference."
basic_nav_t1__manual_flight_controls__idle,state_variant,basic_nav_t1,Basic Navigation Room,navigation,1,manual_flight_controls,Manual Flight Controls,interactive,idle,p1,"Using the attached style reference and matching the base component exactly, create state variant 'idle' for component 'Manual Flight Controls' in 'Basic Navigation Room'. Change only state cues: stable indicator lights, neutral glow, no motion cues. Preserve camera, scale, line weight, material details. No text, no labels, no UI. match this style exactly; side-view cutaway module language; no text/no labels/no UI; consistent line weight and colour temperature with reference."
basic_nav_t1__radar_sweep_display__active,state_variant,basic_nav_t1,Basic Navigation Room,navigation,1,radar_sweep_display,Radar Sweep Display,interactive,active,p1,"Using the attached style reference and matching the base component exactly, create state variant 'active' for component 'Radar Sweep Display' in 'Basic Navigation Room'. Change only state cues: brighter active glow, subtle motion/energy cues, engaged indicators. Preserve camera, scale, line weight, material details. No text, no labels, no UI. match this style exactly; side-view cutaway module language; no text/no labels/no UI; consistent line weight and colour temperature with reference."
basic_nav_t1__radar_sweep_display__cooldown,state_variant,basic_nav_t1,Basic Navigation Room,navigation,1,radar_sweep_display,Radar Sweep Display,interactive,cooldown,p1,"Using the attached style reference and matching the base component exactly, create state variant 'cooldown' for component 'Radar Sweep Display' in 'Basic Navigation Room'. Change only state cues: reduced glow with cooling/venting cues and amber warning flicker. Preserve camera, scale, line weight, material details. No text, no labels, no UI. match this style exactly; side-view cutaway module language; no text/no labels/no UI; consistent line weight and colour temperature with reference."
basic_nav_t1__radar_sweep_display__damaged,state_variant,basic_nav_t1,Basic Navigation Room,navigation,1,radar_sweep_display,Radar Sweep Display,interactive,damaged,p1,"Using the attached style reference and matching the base component exactly, create state variant 'damaged' for component 'Radar Sweep Display' in 'Basic Navigation Room'. Change only state cues: visible wear, sparks or cracks, warning lights and degraded output. Preserve camera, scale, line weight, material details. No text, no labels, no UI. match this style exactly; side-view cutaway module language; no text/no labels/no UI; consistent line weight and colour temperature with reference."
basic_nav_t1__radar_sweep_display__depleted,state_variant,basic_nav_t1,Basic Navigation Room,navigation,1,radar_sweep_display,Radar Sweep Display,interactive,depleted,p1,"Using the attached style reference and matching the base component exactly, create state variant 'depleted' for component 'Radar Sweep Display' in 'Basic Navigation Room'. Change only state cues: minimal or no glow, offline indicators, depleted resource cues. Preserve camera, scale, line weight, material details. No text, no labels, no UI. match this style exactly; side-view cutaway module language; no text/no labels/no UI; consistent line weight and colour temperature with reference."
basic_nav_t1__radar_sweep_display__idle,state_variant,basic_nav_t1,Basic Navigation Room,navigation,1,radar_sweep_display,Radar Sweep Display,interactive,idle,p1,"Using the attached style reference and matching the base component exactly, create state variant 'idle' for component 'Radar Sweep Display' in 'Basic Navigation Room'. Change only state cues: stable indicator lights, neutral glow, no motion cues. Preserve camera, scale, line weight, material details. No text, no labels, no UI. match this style exactly; side-view cutaway module language; no text/no labels/no UI; consistent line weight and colour temperature with reference."
basic_nav_t1__room_composite__v1,room_composite,basic_nav_t1,Basic Navigation Room,navigation,1,room_composite,Room Composite,composite,base,p0,"Using the attached style reference, compose one 2:1 spacecraft room tile for 'Basic Navigation Room' using these components: nav_console_station, viewport_frame_right, holographic_star_map_emitter, radar_sweep_display, manual_flight_controls. Keep module shell rectangular with flat top/bottom for stacking. Include only listed components and consistent accent lighting. No text, no labels, no UI, no rocket exterior. match this style exactly; side-view cutaway module language; no text/no labels/no UI; consistent line weight and colour temperature with reference."
basic_thruster_t1__fuel_pipe_network__base,component,basic_thruster_t1,Basic Thruster Room,propulsion,1,fuel_pipe_network,fuel pipe network,structural,base,p1,"Using the attached style reference, create a single isolated room component sprite for a spacecraft dollhouse interior system. Component: fuel_pipe_network. Category: Basic Thruster Room. Side-view cross-section, clean cutout silhouette, no text, no labels, no UI, no characters. Designed for 2:1 room tile composition. match this style exactly; side-view cutaway module language; no text/no labels/no UI; consistent line weight and colour temperature with reference."
basic_thruster_t1__right_wall_nozzle_mount__base,component,basic_thruster_t1,Basic Thruster Room,propulsion,1,right_wall_nozzle_mount,right wall nozzle mount,structural,base,p1,"Using the attached style reference, create a single isolated room component sprite for a spacecraft dollhouse interior system. Component: right_wall_nozzle_mount. Category: Basic Thruster Room. Side-view cross-section, clean cutout silhouette, no text, no labels, no UI, no characters. Designed for 2:1 room tile composition. match this style exactly; side-view cutaway module language; no text/no labels/no UI; consistent line weight and colour temperature with reference."
basic_thruster_t1__rocket_nozzle_assembly__base,component,basic_thruster_t1,Basic Thruster Room,propulsion,1,rocket_nozzle_assembly,Rocket Nozzle Assembly,interactive,base,p0,"Using the attached style reference, create a single isolated room component sprite for a spacecraft dollhouse interior system. Component: Rocket Nozzle Assembly. Category: Basic Thruster Room. Side-view cross-section, clean cutout silhouette, no text, no labels, no UI, no characters. Designed for 2:1 room tile composition. match this style exactly; side-view cutaway module language; no text/no labels/no UI; consistent line weight and colour temperature with reference."
basic_thruster_t1__thrust_control_panel_2dial__base,component,basic_thruster_t1,Basic Thruster Room,propulsion,1,thrust_control_panel_2dial,2-Dial Thrust Control Panel,interactive,base,p0,"Using the attached style reference, create a single isolated room component sprite for a spacecraft dollhouse interior system. Component: 2-Dial Thrust Control Panel. Category: Basic Thruster Room. Side-view cross-section, clean cutout silhouette, no text, no labels, no UI, no characters. Designed for 2:1 room tile composition. match this style exactly; side-view cutaway module language; no text/no labels/no UI; consistent line weight and colour temperature with reference."
basic_thruster_t1__worn_metal_paneling__base,component,basic_thruster_t1,Basic Thruster Room,propulsion,1,worn_metal_paneling,worn metal paneling,structural,base,p1,"Using the attached style reference, create a single isolated room component sprite for a spacecraft dollhouse interior system. Component: worn_metal_paneling. Category: Basic Thruster Room. Side-view cross-section, clean cutout silhouette, no text, no labels, no UI, no characters. Designed for 2:1 room tile composition. match this style exactly; side-view cutaway module language; no text/no labels/no UI; consistent line weight and colour temperature with reference."
basic_thruster_t1__rocket_nozzle_assembly__active,state_variant,basic_thruster_t1,Basic Thruster Room,propulsion,1,rocket_nozzle_assembly,Rocket Nozzle Assembly,interactive,active,p1,"Using the attached style reference and matching the base component exactly, create state variant 'active' for component 'Rocket Nozzle Assembly' in 'Basic Thruster Room'. Change only state cues: brighter active glow, subtle motion/energy cues, engaged indicators. Preserve camera, scale, line weight, material details. No text, no labels, no UI. match this style exactly; side-view cutaway module language; no text/no labels/no UI; consistent line weight and colour temperature with reference."
basic_thruster_t1__rocket_nozzle_assembly__cooldown,state_variant,basic_thruster_t1,Basic Thruster Room,propulsion,1,rocket_nozzle_assembly,Rocket Nozzle Assembly,interactive,cooldown,p1,"Using the attached style reference and matching the base component exactly, create state variant 'cooldown' for component 'Rocket Nozzle Assembly' in 'Basic Thruster Room'. Change only state cues: reduced glow with cooling/venting cues and amber warning flicker. Preserve camera, scale, line weight, material details. No text, no labels, no UI. match this style exactly; side-view cutaway module language; no text/no labels/no UI; consistent line weight and colour temperature with reference."
basic_thruster_t1__rocket_nozzle_assembly__damaged,state_variant,basic_thruster_t1,Basic Thruster Room,propulsion,1,rocket_nozzle_assembly,Rocket Nozzle Assembly,interactive,damaged,p1,"Using the attached style reference and matching the base component exactly, create state variant 'damaged' for component 'Rocket Nozzle Assembly' in 'Basic Thruster Room'. Change only state cues: visible wear, sparks or cracks, warning lights and degraded output. Preserve camera, scale, line weight, material details. No text, no labels, no UI. match this style exactly; side-view cutaway module language; no text/no labels/no UI; consistent line weight and colour temperature with reference."
basic_thruster_t1__rocket_nozzle_assembly__depleted,state_variant,basic_thruster_t1,Basic Thruster Room,propulsion,1,rocket_nozzle_assembly,Rocket Nozzle Assembly,interactive,depleted,p1,"Using the attached style reference and matching the base component exactly, create state variant 'depleted' for component 'Rocket Nozzle Assembly' in 'Basic Thruster Room'. Change only state cues: minimal or no glow, offline indicators, depleted resource cues. Preserve camera, scale, line weight, material details. No text, no labels, no UI. match this style exactly; side-view cutaway module language; no text/no labels/no UI; consistent line weight and colour temperature with reference."
basic_thruster_t1__rocket_nozzle_assembly__idle,state_variant,basic_thruster_t1,Basic Thruster Room,propulsion,1,rocket_nozzle_assembly,Rocket Nozzle Assembly,interactive,idle,p1,"Using the attached style reference and matching the base component exactly, create state variant 'idle' for component 'Rocket Nozzle Assembly' in 'Basic Thruster Room'. Change only state cues: stable indicator lights, neutral glow, no motion cues. Preserve camera, scale, line weight, material details. No text, no labels, no UI. match this style exactly; side-view cutaway module language; no text/no labels/no UI; consistent line weight and colour temperature with reference."
basic_thruster_t1__thrust_control_panel_2dial__active,state_variant,basic_thruster_t1,Basic Thruster Room,propulsion,1,thrust_control_panel_2dial,2-Dial Thrust Control Panel,interactive,active,p1,"Using the attached style reference and matching the base component exactly, create state variant 'active' for component '2-Dial Thrust Control Panel' in 'Basic Thruster Room'. Change only state cues: brighter active glow, subtle motion/energy cues, engaged indicators. Preserve camera, scale, line weight, material details. No text, no labels, no UI. match this style exactly; side-view cutaway module language; no text/no labels/no UI; consistent line weight and colour temperature with reference."
basic_thruster_t1__thrust_control_panel_2dial__cooldown,state_variant,basic_thruster_t1,Basic Thruster Room,propulsion,1,thrust_control_panel_2dial,2-Dial Thrust Control Panel,interactive,cooldown,p1,"Using the attached style reference and matching the base component exactly, create state variant 'cooldown' for component '2-Dial Thrust Control Panel' in 'Basic Thruster Room'. Change only state cues: reduced glow with cooling/venting cues and amber warning flicker. Preserve camera, scale, line weight, material details. No text, no labels, no UI. match this style exactly; side-view cutaway module language; no text/no labels/no UI; consistent line weight and colour temperature with reference."
basic_thruster_t1__thrust_control_panel_2dial__damaged,state_variant,basic_thruster_t1,Basic Thruster Room,propulsion,1,thrust_control_panel_2dial,2-Dial Thrust Control Panel,interactive,damaged,p1,"Using the attached style reference and matching the base component exactly, create state variant 'damaged' for component '2-Dial Thrust Control Panel' in 'Basic Thruster Room'. Change only state cues: visible wear, sparks or cracks, warning lights and degraded output. Preserve camera, scale, line weight, material details. No text, no labels, no UI. match this style exactly; side-view cutaway module language; no text/no labels/no UI; consistent line weight and colour temperature with reference."
basic_thruster_t1__thrust_control_panel_2dial__depleted,state_variant,basic_thruster_t1,Basic Thruster Room,propulsion,1,thrust_control_panel_2dial,2-Dial Thrust Control Panel,interactive,depleted,p1,"Using the attached style reference and matching the base component exactly, create state variant 'depleted' for component '2-Dial Thrust Control Panel' in 'Basic Thruster Room'. Change only state cues: minimal or no glow, offline indicators, depleted resource cues. Preserve camera, scale, line weight, material details. No text, no labels, no UI. match this style exactly; side-view cutaway module language; no text/no labels/no UI; consistent line weight and colour temperature with reference."
basic_thruster_t1__thrust_control_panel_2dial__idle,state_variant,basic_thruster_t1,Basic Thruster Room,propulsion,1,thrust_control_panel_2dial,2-Dial Thrust Control Panel,interactive,idle,p1,"Using the attached style reference and matching the base component exactly, create state variant 'idle' for component '2-Dial Thrust Control Panel' in 'Basic Thruster Room'. Change only state cues: stable indicator lights, neutral glow, no motion cues. Preserve camera, scale, line weight, material details. No text, no labels, no UI. match this style exactly; side-view cutaway module language; no text/no labels/no UI; consistent line weight and colour temperature with reference."
basic_thruster_t1__room_composite__v1,room_composite,basic_thruster_t1,Basic Thruster Room,propulsion,1,room_composite,Room Composite,composite,base,p0,"Using the attached style reference, compose one 2:1 spacecraft room tile for 'Basic Thruster Room' using these components: right_wall_nozzle_mount, fuel_pipe_network, worn_metal_paneling, rocket_nozzle_assembly, thrust_control_panel_2dial. Keep module shell rectangular with flat top/bottom for stacking. Include only listed components and consistent accent lighting. No text, no labels, no UI, no rocket exterior. match this style exactly; side-view cutaway module language; no text/no labels/no UI; consistent line weight and colour temperature with reference."
broadcast_array_t2__directional_control_joystick__base,component,broadcast_array_t2,Broadcast Array Room,communication,2,directional_control_joystick,Directional Control Joystick,interactive,base,p0,"Using the attached style reference, create a single isolated room component sprite for a spacecraft dollhouse interior system. Component: Directional Control Joystick. Category: Broadcast Array Room. Side-view cross-section, clean cutout silhouette, no text, no labels, no UI, no characters. Designed for 2:1 room tile composition. match this style exactly; side-view cutaway module language; no text/no labels/no UI; consistent line weight and colour temperature with reference."
broadcast_array_t2__phased_array_schematic_display__base,component,broadcast_array_t2,Broadcast Array Room,communication,2,phased_array_schematic_display,Phased-Array Schematic Display,interactive,base,p0,"Using the attached style reference, create a single isolated room component sprite for a spacecraft dollhouse interior system. Component: Phased-Array Schematic Display. Category: Broadcast Array Room. Side-view cross-section, clean cutout silhouette, no text, no labels, no UI, no characters. Designed for 2:1 room tile composition. match this style exactly; side-view cutaway module language; no text/no labels/no UI; consistent line weight and colour temperature with reference."
broadcast_array_t2__rack_bay_frame__base,component,broadcast_array_t2,Broadcast Array Room,communication,2,rack_bay_frame,rack bay frame,structural,base,p1,"Using the attached style reference, create a single isolated room component sprite for a spacecraft dollhouse interior system. Component: rack_bay_frame. Category: Broadcast Array Room. Side-view cross-section, clean cutout silhouette, no text, no labels, no UI, no characters. Designed for 2:1 room tile composition. match this style exactly; side-view cutaway module language; no text/no labels/no UI; consistent line weight and colour temperature with reference."
broadcast_array_t2__signal_processing_rack__base,component,broadcast_array_t2,Broadcast Array Room,communication,2,signal_processing_rack,Signal Processing Rack,interactive,base,p0,"Using the attached style reference, create a single isolated room component sprite for a spacecraft dollhouse interior system. Component: Signal Processing Rack. Category: Broadcast Array Room. Side-view cross-section, clean cutout silhouette, no text, no labels, no UI, no characters. Designed for 2:1 room tile composition. match this style exactly; side-view cutaway module language; no text/no labels/no UI; consistent line weight and colour temperature with reference."
broadcast_array_t2__wall_schematic_zone__base,component,broadcast_array_t2,Broadcast Array Room,communication,2,wall_schematic_zone,wall schematic zone,structural,base,p1,"Using the attached style reference, create a single isolated room component sprite for a spacecraft dollhouse interior system. Component: wall_schematic_zone. Category: Broadcast Array Room. Side-view cross-section, clean cutout silhouette, no text, no labels, no UI, no characters. Designed for 2:1 room tile composition. match this style exactly; side-view cutaway module language; no text/no labels/no UI; consistent line weight and colour temperature with reference."
broadcast_array_t2__waveform_monitor_bank__base,component,broadcast_array_t2,Broadcast Array Room,communication,2,waveform_monitor_bank,Waveform Monitor Bank,interactive,base,p0,"Using the attached style reference, create a single isolated room component sprite for a spacecraft dollhouse interior system. Component: Waveform Monitor Bank. Category: Broadcast Array Room. Side-view cross-section, clean cutout silhouette, no text, no labels, no UI, no characters. Designed for 2:1 room tile composition. match this style exactly; side-view cutaway module language; no text/no labels/no UI; consistent line weight and colour temperature with reference."
broadcast_array_t2__directional_control_joystick__active,state_variant,broadcast_array_t2,Broadcast Array Room,communication,2,directional_control_joystick,Directional Control Joystick,interactive,active,p1,"Using the attached style reference and matching the base component exactly, create state variant 'active' for component 'Directional Control Joystick' in 'Broadcast Array Room'. Change only state cues: brighter active glow, subtle motion/energy cues, engaged indicators. Preserve camera, scale, line weight, material details. No text, no labels, no UI. match this style exactly; side-view cutaway module language; no text/no labels/no UI; consistent line weight and colour temperature with reference."
broadcast_array_t2__directional_control_joystick__cooldown,state_variant,broadcast_array_t2,Broadcast Array Room,communication,2,directional_control_joystick,Directional Control Joystick,interactive,cooldown,p1,"Using the attached style reference and matching the base component exactly, create state variant 'cooldown' for component 'Directional Control Joystick' in 'Broadcast Array Room'. Change only state cues: reduced glow with cooling/venting cues and amber warning flicker. Preserve camera, scale, line weight, material details. No text, no labels, no UI. match this style exactly; side-view cutaway module language; no text/no labels/no UI; consistent line weight and colour temperature with reference."
broadcast_array_t2__directional_control_joystick__damaged,state_variant,broadcast_array_t2,Broadcast Array Room,communication,2,directional_control_joystick,Directional Control Joystick,interactive,damaged,p1,"Using the attached style reference and matching the base component exactly, create state variant 'damaged' for component 'Directional Control Joystick' in 'Broadcast Array Room'. Change only state cues: visible wear, sparks or cracks, warning lights and degraded output. Preserve camera, scale, line weight, material details. No text, no labels, no UI. match this style exactly; side-view cutaway module language; no text/no labels/no UI; consistent line weight and colour temperature with reference."
broadcast_array_t2__directional_control_joystick__depleted,state_variant,broadcast_array_t2,Broadcast Array Room,communication,2,directional_control_joystick,Directional Control Joystick,interactive,depleted,p1,"Using the attached style reference and matching the base component exactly, create state variant 'depleted' for component 'Directional Control Joystick' in 'Broadcast Array Room'. Change only state cues: minimal or no glow, offline indicators, depleted resource cues. Preserve camera, scale, line weight, material details. No text, no labels, no UI. match this style exactly; side-view cutaway module language; no text/no labels/no UI; consistent line weight and colour temperature with reference."
broadcast_array_t2__directional_control_joystick__idle,state_variant,broadcast_array_t2,Broadcast Array Room,communication,2,directional_control_joystick,Directional Control Joystick,interactive,idle,p1,"Using the attached style reference and matching the base component exactly, create state variant 'idle' for component 'Directional Control Joystick' in 'Broadcast Array Room'. Change only state cues: stable indicator lights, neutral glow, no motion cues. Preserve camera, scale, line weight, material details. No text, no labels, no UI. match this style exactly; side-view cutaway module language; no text/no labels/no UI; consistent line weight and colour temperature with reference."
broadcast_array_t2__phased_array_schematic_display__active,state_variant,broadcast_array_t2,Broadcast Array Room,communication,2,phased_array_schematic_display,Phased-Array Schematic Display,interactive,active,p1,"Using the attached style reference and matching the base component exactly, create state variant 'active' for component 'Phased-Array Schematic Display' in 'Broadcast Array Room'. Change only state cues: brighter active glow, subtle motion/energy cues, engaged indicators. Preserve camera, scale, line weight, material details. No text, no labels, no UI. match this style exactly; side-view cutaway module language; no text/no labels/no UI; consistent line weight and colour temperature with reference."
broadcast_array_t2__phased_array_schematic_display__cooldown,state_variant,broadcast_array_t2,Broadcast Array Room,communication,2,phased_array_schematic_display,Phased-Array Schematic Display,interactive,cooldown,p1,"Using the attached style reference and matching the base component exactly, create state variant 'cooldown' for component 'Phased-Array Schematic Display' in 'Broadcast Array Room'. Change only state cues: reduced glow with cooling/venting cues and amber warning flicker. Preserve camera, scale, line weight, material details. No text, no labels, no UI. match this style exactly; side-view cutaway module language; no text/no labels/no UI; consistent line weight and colour temperature with reference."
broadcast_array_t2__phased_array_schematic_display__damaged,state_variant,broadcast_array_t2,Broadcast Array Room,communication,2,phased_array_schematic_display,Phased-Array Schematic Display,interactive,damaged,p1,"Using the attached style reference and matching the base component exactly, create state variant 'damaged' for component 'Phased-Array Schematic Display' in 'Broadcast Array Room'. Change only state cues: visible wear, sparks or cracks, warning lights and degraded output. Preserve camera, scale, line weight, material details. No text, no labels, no UI. match this style exactly; side-view cutaway module language; no text/no labels/no UI; consistent line weight and colour temperature with reference."
broadcast_array_t2__phased_array_schematic_display__depleted,state_variant,broadcast_array_t2,Broadcast Array Room,communication,2,phased_array_schematic_display,Phased-Array Schematic Display,interactive,depleted,p1,"Using the attached style reference and matching the base component exactly, create state variant 'depleted' for component 'Phased-Array Schematic Display' in 'Broadcast Array Room'. Change only state cues: minimal or no glow, offline indicators, depleted resource cues. Preserve camera, scale, line weight, material details. No text, no labels, no UI. match this style exactly; side-view cutaway module language; no text/no labels/no UI; consistent line weight and colour temperature with reference."
broadcast_array_t2__phased_array_schematic_display__idle,state_variant,broadcast_array_t2,Broadcast Array Room,communication,2,phased_array_schematic_display,Phased-Array Schematic Display,interactive,idle,p1,"Using the attached style reference and matching the base component exactly, create state variant 'idle' for component 'Phased-Array Schematic Display' in 'Broadcast Array Room'. Change only state cues: stable indicator lights, neutral glow, no motion cues. Preserve camera, scale, line weight, material details. No text, no labels, no UI. match this style exactly; side-view cutaway module language; no text/no labels/no UI; consistent line weight and colour temperature with reference."
broadcast_array_t2__signal_processing_rack__active,state_variant,broadcast_array_t2,Broadcast Array Room,communication,2,signal_processing_rack,Signal Processing Rack,interactive,active,p1,"Using the attached style reference and matching the base component exactly, create state variant 'active' for component 'Signal Processing Rack' in 'Broadcast Array Room'. Change only state cues: brighter active glow, subtle motion/energy cues, engaged indicators. Preserve camera, scale, line weight, material details. No text, no labels, no UI. match this style exactly; side-view cutaway module language; no text/no labels/no UI; consistent line weight and colour temperature with reference."
broadcast_array_t2__signal_processing_rack__cooldown,state_variant,broadcast_array_t2,Broadcast Array Room,communication,2,signal_processing_rack,Signal Processing Rack,interactive,cooldown,p1,"Using the attached style reference and matching the base component exactly, create state variant 'cooldown' for component 'Signal Processing Rack' in 'Broadcast Array Room'. Change only state cues: reduced glow with cooling/venting cues and amber warning flicker. Preserve camera, scale, line weight, material details. No text, no labels, no UI. match this style exactly; side-view cutaway module language; no text/no labels/no UI; consistent line weight and colour temperature with reference."
broadcast_array_t2__signal_processing_rack__damaged,state_variant,broadcast_array_t2,Broadcast Array Room,communication,2,signal_processing_rack,Signal Processing Rack,interactive,damaged,p1,"Using the attached style reference and matching the base component exactly, create state variant 'damaged' for component 'Signal Processing Rack' in 'Broadcast Array Room'. Change only state cues: visible wear, sparks or cracks, warning lights and degraded output. Preserve camera, scale, line weight, material details. No text, no labels, no UI. match this style exactly; side-view cutaway module language; no text/no labels/no UI; consistent line weight and colour temperature with reference."
broadcast_array_t2__signal_processing_rack__depleted,state_variant,broadcast_array_t2,Broadcast Array Room,communication,2,signal_processing_rack,Signal Processing Rack,interactive,depleted,p1,"Using the attached style reference and matching the base component exactly, create state variant 'depleted' for component 'Signal Processing Rack' in 'Broadcast Array Room'. Change only state cues: minimal or no glow, offline indicators, depleted resource cues. Preserve camera, scale, line weight, material details. No text, no labels, no UI. match this style exactly; side-view cutaway module language; no text/no labels/no UI; consistent line weight and colour temperature with reference."
broadcast_array_t2__signal_processing_rack__idle,state_variant,broadcast_array_t2,Broadcast Array Room,communication,2,signal_processing_rack,Signal Processing Rack,interactive,idle,p1,"Using the attached style reference and matching the base component exactly, create state variant 'idle' for component 'Signal Processing Rack' in 'Broadcast Array Room'. Change only state cues: stable indicator lights, neutral glow, no motion cues. Preserve camera, scale, line weight, material details. No text, no labels, no UI. match this style exactly; side-view cutaway module language; no text/no labels/no UI; consistent line weight and colour temperature with reference."
broadcast_array_t2__waveform_monitor_bank__active,state_variant,broadcast_array_t2,Broadcast Array Room,communication,2,waveform_monitor_bank,Waveform Monitor Bank,interactive,active,p1,"Using the attached style reference and matching the base component exactly, create state variant 'active' for component 'Waveform Monitor Bank' in 'Broadcast Array Room'. Change only state cues: brighter active glow, subtle motion/energy cues, engaged indicators. Preserve camera, scale, line weight, material details. No text, no labels, no UI. match this style exactly; side-view cutaway module language; no text/no labels/no UI; consistent line weight and colour temperature with reference."
broadcast_array_t2__waveform_monitor_bank__cooldown,state_variant,broadcast_array_t2,Broadcast Array Room,communication,2,waveform_monitor_bank,Waveform Monitor Bank,interactive,cooldown,p1,"Using the attached style reference and matching the base component exactly, create state variant 'cooldown' for component 'Waveform Monitor Bank' in 'Broadcast Array Room'. Change only state cues: reduced glow with cooling/venting cues and amber warning flicker. Preserve camera, scale, line weight, material details. No text, no labels, no UI. match this style exactly; side-view cutaway module language; no text/no labels/no UI; consistent line weight and colour temperature with reference."
broadcast_array_t2__waveform_monitor_bank__damaged,state_variant,broadcast_array_t2,Broadcast Array Room,communication,2,waveform_monitor_bank,Waveform Monitor Bank,interactive,damaged,p1,"Using the attached style reference and matching the base component exactly, create state variant 'damaged' for component 'Waveform Monitor Bank' in 'Broadcast Array Room'. Change only state cues: visible wear, sparks or cracks, warning lights and degraded output. Preserve camera, scale, line weight, material details. No text, no labels, no UI. match this style exactly; side-view cutaway module language; no text/no labels/no UI; consistent line weight and colour temperature with reference."
broadcast_array_t2__waveform_monitor_bank__depleted,state_variant,broadcast_array_t2,Broadcast Array Room,communication,2,waveform_monitor_bank,Waveform Monitor Bank,interactive,depleted,p1,"Using the attached style reference and matching the base component exactly, create state variant 'depleted' for component 'Waveform Monitor Bank' in 'Broadcast Array Room'. Change only state cues: minimal or no glow, offline indicators, depleted resource cues. Preserve camera, scale, line weight, material details. No text, no labels, no UI. match this style exactly; side-view cutaway module language; no text/no labels/no UI; consistent line weight and colour temperature with reference."
broadcast_array_t2__waveform_monitor_bank__idle,state_variant,broadcast_array_t2,Broadcast Array Room,communication,2,waveform_monitor_bank,Waveform Monitor Bank,interactive,idle,p1,"Using the attached style reference and matching the base component exactly, create state variant 'idle' for component 'Waveform Monitor Bank' in 'Broadcast Array Room'. Change only state cues: stable indicator lights, neutral glow, no motion cues. Preserve camera, scale, line weight, material details. No text, no labels, no UI. match this style exactly; side-view cutaway module language; no text/no labels/no UI; consistent line weight and colour temperature with reference."
broadcast_array_t2__room_composite__v1,room_composite,broadcast_array_t2,Broadcast Array Room,communication,2,room_composite,Room Composite,composite,base,p0,"Using the attached style reference, compose one 2:1 spacecraft room tile for 'Broadcast Array Room' using these components: wall_schematic_zone, rack_bay_frame, phased_array_schematic_display, signal_processing_rack, waveform_monitor_bank, directional_control_joystick. Keep module shell rectangular with flat top/bottom for stacking. Include only listed components and consistent accent lighting. No text, no labels, no UI, no rocket exterior. match this style exactly; side-view cutaway module language; no text/no labels/no UI; consistent line weight and colour temperature with reference."
cargo_bay_t1__ceiling_rail_track__base,component,cargo_bay_t1,Cargo Bay Room,storage,1,ceiling_rail_track,ceiling rail track,structural,base,p1,"Using the attached style reference, create a single isolated room component sprite for a spacecraft dollhouse interior system. Component: ceiling_rail_track. Category: Cargo Bay Room. Side-view cross-section, clean cutout silhouette, no text, no labels, no UI, no characters. Designed for 2:1 room tile composition. match this style exactly; side-view cutaway module language; no text/no labels/no UI; consistent line weight and colour temperature with reference."
cargo_bay_t1__ceiling_robotic_arm__base,component,cargo_bay_t1,Cargo Bay Room,storage,1,ceiling_robotic_arm,Ceiling Robotic Arm,interactive,base,p0,"Using the attached style reference, create a single isolated room component sprite for a spacecraft dollhouse interior system. Component: Ceiling Robotic Arm. Category: Cargo Bay Room. Side-view cross-section, clean cutout silhouette, no text, no labels, no UI, no characters. Designed for 2:1 room tile composition. match this style exactly; side-view cutaway module language; no text/no labels/no UI; consistent line weight and colour temperature with reference."
cargo_bay_t1__floor_anchor_grid__base,component,cargo_bay_t1,Cargo Bay Room,storage,1,floor_anchor_grid,floor anchor grid,structural,base,p1,"Using the attached style reference, create a single isolated room component sprite for a spacecraft dollhouse interior system. Component: floor_anchor_grid. Category: Cargo Bay Room. Side-view cross-section, clean cutout silhouette, no text, no labels, no UI, no characters. Designed for 2:1 room tile composition. match this style exactly; side-view cutaway module language; no text/no labels/no UI; consistent line weight and colour temperature with reference."
cargo_bay_t1__inventory_terminal__base,component,cargo_bay_t1,Cargo Bay Room,storage,1,inventory_terminal,Inventory Terminal,interactive,base,p0,"Using the attached style reference, create a single isolated room component sprite for a spacecraft dollhouse interior system. Component: Inventory Terminal. Category: Cargo Bay Room. Side-view cross-section, clean cutout silhouette, no text, no labels, no UI, no characters. Designed for 2:1 room tile composition. match this style exactly; side-view cutaway module language; no text/no labels/no UI; consistent line weight and colour temperature with reference."
cargo_bay_t1__ore_crates_set__base,component,cargo_bay_t1,Cargo Bay Room,storage,1,ore_crates_set,Ore Crates,interactive,base,p0,"Using the attached style reference, create a single isolated room component sprite for a spacecraft dollhouse interior system. Component: Ore Crates. Category: Cargo Bay Room. Side-view cross-section, clean cutout silhouette, no text, no labels, no UI, no characters. Designed for 2:1 room tile composition. match this style exactly; side-view cutaway module language; no text/no labels/no UI; consistent line weight and colour temperature with reference."
cargo_bay_t1__specimen_containers_clamped__base,component,cargo_bay_t1,Cargo Bay Room,storage,1,specimen_containers_clamped,Specimen Containers,interactive,base,p0,"Using the attached style reference, create a single isolated room component sprite for a spacecraft dollhouse interior system. Component: Specimen Containers. Category: Cargo Bay Room. Side-view cross-section, clean cutout silhouette, no text, no labels, no UI, no characters. Designed for 2:1 room tile composition. match this style exactly; side-view cutaway module language; no text/no labels/no UI; consistent line weight and colour temperature with reference."
cargo_bay_t1__ceiling_robotic_arm__active,state_variant,cargo_bay_t1,Cargo Bay Room,storage,1,ceiling_robotic_arm,Ceiling Robotic Arm,interactive,active,p1,"Using the attached style reference and matching the base component exactly, create state variant 'active' for component 'Ceiling Robotic Arm' in 'Cargo Bay Room'. Change only state cues: brighter active glow, subtle motion/energy cues, engaged indicators. Preserve camera, scale, line weight, material details. No text, no labels, no UI. match this style exactly; side-view cutaway module language; no text/no labels/no UI; consistent line weight and colour temperature with reference."
cargo_bay_t1__ceiling_robotic_arm__cooldown,state_variant,cargo_bay_t1,Cargo Bay Room,storage,1,ceiling_robotic_arm,Ceiling Robotic Arm,interactive,cooldown,p1,"Using the attached style reference and matching the base component exactly, create state variant 'cooldown' for component 'Ceiling Robotic Arm' in 'Cargo Bay Room'. Change only state cues: reduced glow with cooling/venting cues and amber warning flicker. Preserve camera, scale, line weight, material details. No text, no labels, no UI. match this style exactly; side-view cutaway module language; no text/no labels/no UI; consistent line weight and colour temperature with reference."
cargo_bay_t1__ceiling_robotic_arm__damaged,state_variant,cargo_bay_t1,Cargo Bay Room,storage,1,ceiling_robotic_arm,Ceiling Robotic Arm,interactive,damaged,p1,"Using the attached style reference and matching the base component exactly, create state variant 'damaged' for component 'Ceiling Robotic Arm' in 'Cargo Bay Room'. Change only state cues: visible wear, sparks or cracks, warning lights and degraded output. Preserve camera, scale, line weight, material details. No text, no labels, no UI. match this style exactly; side-view cutaway module language; no text/no labels/no UI; consistent line weight and colour temperature with reference."
cargo_bay_t1__ceiling_robotic_arm__depleted,state_variant,cargo_bay_t1,Cargo Bay Room,storage,1,ceiling_robotic_arm,Ceiling Robotic Arm,interactive,depleted,p1,"Using the attached style reference and matching the base component exactly, create state variant 'depleted' for component 'Ceiling Robotic Arm' in 'Cargo Bay Room'. Change only state cues: minimal or no glow, offline indicators, depleted resource cues. Preserve camera, scale, line weight, material details. No text, no labels, no UI. match this style exactly; side-view cutaway module language; no text/no labels/no UI; consistent line weight and colour temperature with reference."
cargo_bay_t1__ceiling_robotic_arm__idle,state_variant,cargo_bay_t1,Cargo Bay Room,storage,1,ceiling_robotic_arm,Ceiling Robotic Arm,interactive,idle,p1,"Using the attached style reference and matching the base component exactly, create state variant 'idle' for component 'Ceiling Robotic Arm' in 'Cargo Bay Room'. Change only state cues: stable indicator lights, neutral glow, no motion cues. Preserve camera, scale, line weight, material details. No text, no labels, no UI. match this style exactly; side-view cutaway module language; no text/no labels/no UI; consistent line weight and colour temperature with reference."
cargo_bay_t1__inventory_terminal__active,state_variant,cargo_bay_t1,Cargo Bay Room,storage,1,inventory_terminal,Inventory Terminal,interactive,active,p1,"Using the attached style reference and matching the base component exactly, create state variant 'active' for component 'Inventory Terminal' in 'Cargo Bay Room'. Change only state cues: brighter active glow, subtle motion/energy cues, engaged indicators. Preserve camera, scale, line weight, material details. No text, no labels, no UI. match this style exactly; side-view cutaway module language; no text/no labels/no UI; consistent line weight and colour temperature with reference."
cargo_bay_t1__inventory_terminal__cooldown,state_variant,cargo_bay_t1,Cargo Bay Room,storage,1,inventory_terminal,Inventory Terminal,interactive,cooldown,p1,"Using the attached style reference and matching the base component exactly, create state variant 'cooldown' for component 'Inventory Terminal' in 'Cargo Bay Room'. Change only state cues: reduced glow with cooling/venting cues and amber warning flicker. Preserve camera, scale, line weight, material details. No text, no labels, no UI. match this style exactly; side-view cutaway module language; no text/no labels/no UI; consistent line weight and colour temperature with reference."
cargo_bay_t1__inventory_terminal__damaged,state_variant,cargo_bay_t1,Cargo Bay Room,storage,1,inventory_terminal,Inventory Terminal,interactive,damaged,p1,"Using the attached style reference and matching the base component exactly, create state variant 'damaged' for component 'Inventory Terminal' in 'Cargo Bay Room'. Change only state cues: visible wear, sparks or cracks, warning lights and degraded output. Preserve camera, scale, line weight, material details. No text, no labels, no UI. match this style exactly; side-view cutaway module language; no text/no labels/no UI; consistent line weight and colour temperature with reference."
cargo_bay_t1__inventory_terminal__depleted,state_variant,cargo_bay_t1,Cargo Bay Room,storage,1,inventory_terminal,Inventory Terminal,interactive,depleted,p1,"Using the attached style reference and matching the base component exactly, create state variant 'depleted' for component 'Inventory Terminal' in 'Cargo Bay Room'. Change only state cues: minimal or no glow, offline indicators, depleted resource cues. Preserve camera, scale, line weight, material details. No text, no labels, no UI. match this style exactly; side-view cutaway module language; no text/no labels/no UI; consistent line weight and colour temperature with reference."
cargo_bay_t1__inventory_terminal__idle,state_variant,cargo_bay_t1,Cargo Bay Room,storage,1,inventory_terminal,Inventory Terminal,interactive,idle,p1,"Using the attached style reference and matching the base component exactly, create state variant 'idle' for component 'Inventory Terminal' in 'Cargo Bay Room'. Change only state cues: stable indicator lights, neutral glow, no motion cues. Preserve camera, scale, line weight, material details. No text, no labels, no UI. match this style exactly; side-view cutaway module language; no text/no labels/no UI; consistent line weight and colour temperature with reference."
cargo_bay_t1__ore_crates_set__active,state_variant,cargo_bay_t1,Cargo Bay Room,storage,1,ore_crates_set,Ore Crates,interactive,active,p1,"Using the attached style reference and matching the base component exactly, create state variant 'active' for component 'Ore Crates' in 'Cargo Bay Room'. Change only state cues: brighter active glow, subtle motion/energy cues, engaged indicators. Preserve camera, scale, line weight, material details. No text, no labels, no UI. match this style exactly; side-view cutaway module language; no text/no labels/no UI; consistent line weight and colour temperature with reference."
cargo_bay_t1__ore_crates_set__cooldown,state_variant,cargo_bay_t1,Cargo Bay Room,storage,1,ore_crates_set,Ore Crates,interactive,cooldown,p1,"Using the attached style reference and matching the base component exactly, create state variant 'cooldown' for component 'Ore Crates' in 'Cargo Bay Room'. Change only state cues: reduced glow with cooling/venting cues and amber warning flicker. Preserve camera, scale, line weight, material details. No text, no labels, no UI. match this style exactly; side-view cutaway module language; no text/no labels/no UI; consistent line weight and colour temperature with reference."
cargo_bay_t1__ore_crates_set__damaged,state_variant,cargo_bay_t1,Cargo Bay Room,storage,1,ore_crates_set,Ore Crates,interactive,damaged,p1,"Using the attached style reference and matching the base component exactly, create state variant 'damaged' for component 'Ore Crates' in 'Cargo Bay Room'. Change only state cues: visible wear, sparks or cracks, warning lights and degraded output. Preserve camera, scale, line weight, material details. No text, no labels, no UI. match this style exactly; side-view cutaway module language; no text/no labels/no UI; consistent line weight and colour temperature with reference."
cargo_bay_t1__ore_crates_set__depleted,state_variant,cargo_bay_t1,Cargo Bay Room,storage,1,ore_crates_set,Ore Crates,interactive,depleted,p1,"Using the attached style reference and matching the base component exactly, create state variant 'depleted' for component 'Ore Crates' in 'Cargo Bay Room'. Change only state cues: minimal or no glow, offline indicators, depleted resource cues. Preserve camera, scale, line weight, material details. No text, no labels, no UI. match this style exactly; side-view cutaway module language; no text/no labels/no UI; consistent line weight and colour temperature with reference."
cargo_bay_t1__ore_crates_set__idle,state_variant,cargo_bay_t1,Cargo Bay Room,storage,1,ore_crates_set,Ore Crates,interactive,idle,p1,"Using the attached style reference and matching the base component exactly, create state variant 'idle' for component 'Ore Crates' in 'Cargo Bay Room'. Change only state cues: stable indicator lights, neutral glow, no motion cues. Preserve camera, scale, line weight, material details. No text, no labels, no UI. match this style exactly; side-view cutaway module language; no text/no labels/no UI; consistent line weight and colour temperature with reference."
cargo_bay_t1__specimen_containers_clamped__active,state_variant,cargo_bay_t1,Cargo Bay Room,storage,1,specimen_containers_clamped,Specimen Containers,interactive,active,p1,"Using the attached style reference and matching the base component exactly, create state variant 'active' for component 'Specimen Containers' in 'Cargo Bay Room'. Change only state cues: brighter active glow, subtle motion/energy cues, engaged indicators. Preserve camera, scale, line weight, material details. No text, no labels, no UI. match this style exactly; side-view cutaway module language; no text/no labels/no UI; consistent line weight and colour temperature with reference."
cargo_bay_t1__specimen_containers_clamped__cooldown,state_variant,cargo_bay_t1,Cargo Bay Room,storage,1,specimen_containers_clamped,Specimen Containers,interactive,cooldown,p1,"Using the attached style reference and matching the base component exactly, create state variant 'cooldown' for component 'Specimen Containers' in 'Cargo Bay Room'. Change only state cues: reduced glow with cooling/venting cues and amber warning flicker. Preserve camera, scale, line weight, material details. No text, no labels, no UI. match this style exactly; side-view cutaway module language; no text/no labels/no UI; consistent line weight and colour temperature with reference."
cargo_bay_t1__specimen_containers_clamped__damaged,state_variant,cargo_bay_t1,Cargo Bay Room,storage,1,specimen_containers_clamped,Specimen Containers,interactive,damaged,p1,"Using the attached style reference and matching the base component exactly, create state variant 'damaged' for component 'Specimen Containers' in 'Cargo Bay Room'. Change only state cues: visible wear, sparks or cracks, warning lights and degraded output. Preserve camera, scale, line weight, material details. No text, no labels, no UI. match this style exactly; side-view cutaway module language; no text/no labels/no UI; consistent line weight and colour temperature with reference."
cargo_bay_t1__specimen_containers_clamped__depleted,state_variant,cargo_bay_t1,Cargo Bay Room,storage,1,specimen_containers_clamped,Specimen Containers,interactive,depleted,p1,"Using the attached style reference and matching the base component exactly, create state variant 'depleted' for component 'Specimen Containers' in 'Cargo Bay Room'. Change only state cues: minimal or no glow, offline indicators, depleted resource cues. Preserve camera, scale, line weight, material details. No text, no labels, no UI. match this style exactly; side-view cutaway module language; no text/no labels/no UI; consistent line weight and colour temperature with reference."
cargo_bay_t1__specimen_containers_clamped__idle,state_variant,cargo_bay_t1,Cargo Bay Room,storage,1,specimen_containers_clamped,Specimen Containers,interactive,idle,p1,"Using the attached style reference and matching the base component exactly, create state variant 'idle' for component 'Specimen Containers' in 'Cargo Bay Room'. Change only state cues: stable indicator lights, neutral glow, no motion cues. Preserve camera, scale, line weight, material details. No text, no labels, no UI. match this style exactly; side-view cutaway module language; no text/no labels/no UI; consistent line weight and colour temperature with reference."
cargo_bay_t1__room_composite__v1,room_composite,cargo_bay_t1,Cargo Bay Room,storage,1,room_composite,Room Composite,composite,base,p0,"Using the attached style reference, compose one 2:1 spacecraft room tile for 'Cargo Bay Room' using these components: floor_anchor_grid, ceiling_rail_track, ore_crates_set, specimen_containers_clamped, ceiling_robotic_arm, inventory_terminal. Keep module shell rectangular with flat top/bottom for stacking. Include only listed components and consistent accent lighting. No text, no labels, no UI, no rocket exterior. match this style exactly; side-view cutaway module language; no text/no labels/no UI; consistent line weight and colour temperature with reference."
comms_relay_t1__antenna_diagram_panel_zone__base,component,comms_relay_t1,Comms Relay Room,communication,1,antenna_diagram_panel_zone,antenna diagram panel zone,structural,base,p1,"Using the attached style reference, create a single isolated room component sprite for a spacecraft dollhouse interior system. Component: antenna_diagram_panel_zone. Category: Comms Relay Room. Side-view cross-section, clean cutout silhouette, no text, no labels, no UI, no characters. Designed for 2:1 room tile composition. match this style exactly; side-view cutaway module language; no text/no labels/no UI; consistent line weight and colour temperature with reference."
comms_relay_t1__ceiling_booster_mount__base,component,comms_relay_t1,Comms Relay Room,communication,1,ceiling_booster_mount,ceiling booster mount,structural,base,p1,"Using the attached style reference, create a single isolated room component sprite for a spacecraft dollhouse interior system. Component: ceiling_booster_mount. Category: Comms Relay Room. Side-view cross-section, clean cutout silhouette, no text, no labels, no UI, no characters. Designed for 2:1 room tile composition. match this style exactly; side-view cutaway module language; no text/no labels/no UI; consistent line weight and colour temperature with reference."
comms_relay_t1__rotating_dish_mechanism__base,component,comms_relay_t1,Comms Relay Room,communication,1,rotating_dish_mechanism,Rotating Dish Mechanism,interactive,base,p0,"Using the attached style reference, create a single isolated room component sprite for a spacecraft dollhouse interior system. Component: Rotating Dish Mechanism. Category: Comms Relay Room. Side-view cross-section, clean cutout silhouette, no text, no labels, no UI, no characters. Designed for 2:1 room tile composition. match this style exactly; side-view cutaway module language; no text/no labels/no UI; consistent line weight and colour temperature with reference."
comms_relay_t1__signal_booster_components__base,component,comms_relay_t1,Comms Relay Room,communication,1,signal_booster_components,Signal Booster Components,interactive,base,p0,"Using the attached style reference, create a single isolated room component sprite for a spacecraft dollhouse interior system. Component: Signal Booster Components. Category: Comms Relay Room. Side-view cross-section, clean cutout silhouette, no text, no labels, no UI, no characters. Designed for 2:1 room tile composition. match this style exactly; side-view cutaway module language; no text/no labels/no UI; consistent line weight and colour temperature with reference."
comms_relay_t1__transmission_console__base,component,comms_relay_t1,Comms Relay Room,communication,1,transmission_console,Transmission Console,interactive,base,p0,"Using the attached style reference, create a single isolated room component sprite for a spacecraft dollhouse interior system. Component: Transmission Console. Category: Comms Relay Room. Side-view cross-section, clean cutout silhouette, no text, no labels, no UI, no characters. Designed for 2:1 room tile composition. match this style exactly; side-view cutaway module language; no text/no labels/no UI; consistent line weight and colour temperature with reference."
comms_relay_t1__waveform_display__base,component,comms_relay_t1,Comms Relay Room,communication,1,waveform_display,Waveform Display,interactive,base,p0,"Using the attached style reference, create a single isolated room component sprite for a spacecraft dollhouse interior system. Component: Waveform Display. Category: Comms Relay Room. Side-view cross-section, clean cutout silhouette, no text, no labels, no UI, no characters. Designed for 2:1 room tile composition. match this style exactly; side-view cutaway module language; no text/no labels/no UI; consistent line weight and colour temperature with reference."
comms_relay_t1__rotating_dish_mechanism__active,state_variant,comms_relay_t1,Comms Relay Room,communication,1,rotating_dish_mechanism,Rotating Dish Mechanism,interactive,active,p1,"Using the attached style reference and matching the base component exactly, create state variant 'active' for component 'Rotating Dish Mechanism' in 'Comms Relay Room'. Change only state cues: brighter active glow, subtle motion/energy cues, engaged indicators. Preserve camera, scale, line weight, material details. No text, no labels, no UI. match this style exactly; side-view cutaway module language; no text/no labels/no UI; consistent line weight and colour temperature with reference."
comms_relay_t1__rotating_dish_mechanism__cooldown,state_variant,comms_relay_t1,Comms Relay Room,communication,1,rotating_dish_mechanism,Rotating Dish Mechanism,interactive,cooldown,p1,"Using the attached style reference and matching the base component exactly, create state variant 'cooldown' for component 'Rotating Dish Mechanism' in 'Comms Relay Room'. Change only state cues: reduced glow with cooling/venting cues and amber warning flicker. Preserve camera, scale, line weight, material details. No text, no labels, no UI. match this style exactly; side-view cutaway module language; no text/no labels/no UI; consistent line weight and colour temperature with reference."
comms_relay_t1__rotating_dish_mechanism__damaged,state_variant,comms_relay_t1,Comms Relay Room,communication,1,rotating_dish_mechanism,Rotating Dish Mechanism,interactive,damaged,p1,"Using the attached style reference and matching the base component exactly, create state variant 'damaged' for component 'Rotating Dish Mechanism' in 'Comms Relay Room'. Change only state cues: visible wear, sparks or cracks, warning lights and degraded output. Preserve camera, scale, line weight, material details. No text, no labels, no UI. match this style exactly; side-view cutaway module language; no text/no labels/no UI; consistent line weight and colour temperature with reference."
comms_relay_t1__rotating_dish_mechanism__depleted,state_variant,comms_relay_t1,Comms Relay Room,communication,1,rotating_dish_mechanism,Rotating Dish Mechanism,interactive,depleted,p1,"Using the attached style reference and matching the base component exactly, create state variant 'depleted' for component 'Rotating Dish Mechanism' in 'Comms Relay Room'. Change only state cues: minimal or no glow, offline indicators, depleted resource cues. Preserve camera, scale, line weight, material details. No text, no labels, no UI. match this style exactly; side-view cutaway module language; no text/no labels/no UI; consistent line weight and colour temperature with reference."
comms_relay_t1__rotating_dish_mechanism__idle,state_variant,comms_relay_t1,Comms Relay Room,communication,1,rotating_dish_mechanism,Rotating Dish Mechanism,interactive,idle,p1,"Using the attached style reference and matching the base component exactly, create state variant 'idle' for component 'Rotating Dish Mechanism' in 'Comms Relay Room'. Change only state cues: stable indicator lights, neutral glow, no motion cues. Preserve camera, scale, line weight, material details. No text, no labels, no UI. match this style exactly; side-view cutaway module language; no text/no labels/no UI; consistent line weight and colour temperature with reference."
comms_relay_t1__signal_booster_components__active,state_variant,comms_relay_t1,Comms Relay Room,communication,1,signal_booster_components,Signal Booster Components,interactive,active,p1,"Using the attached style reference and matching the base component exactly, create state variant 'active' for component 'Signal Booster Components' in 'Comms Relay Room'. Change only state cues: brighter active glow, subtle motion/energy cues, engaged indicators. Preserve camera, scale, line weight, material details. No text, no labels, no UI. match this style exactly; side-view cutaway module language; no text/no labels/no UI; consistent line weight and colour temperature with reference."
comms_relay_t1__signal_booster_components__cooldown,state_variant,comms_relay_t1,Comms Relay Room,communication,1,signal_booster_components,Signal Booster Components,interactive,cooldown,p1,"Using the attached style reference and matching the base component exactly, create state variant 'cooldown' for component 'Signal Booster Components' in 'Comms Relay Room'. Change only state cues: reduced glow with cooling/venting cues and amber warning flicker. Preserve camera, scale, line weight, material details. No text, no labels, no UI. match this style exactly; side-view cutaway module language; no text/no labels/no UI; consistent line weight and colour temperature with reference."
comms_relay_t1__signal_booster_components__damaged,state_variant,comms_relay_t1,Comms Relay Room,communication,1,signal_booster_components,Signal Booster Components,interactive,damaged,p1,"Using the attached style reference and matching the base component exactly, create state variant 'damaged' for component 'Signal Booster Components' in 'Comms Relay Room'. Change only state cues: visible wear, sparks or cracks, warning lights and degraded output. Preserve camera, scale, line weight, material details. No text, no labels, no UI. match this style exactly; side-view cutaway module language; no text/no labels/no UI; consistent line weight and colour temperature with reference."
comms_relay_t1__signal_booster_components__depleted,state_variant,comms_relay_t1,Comms Relay Room,communication,1,signal_booster_components,Signal Booster Components,interactive,depleted,p1,"Using the attached style reference and matching the base component exactly, create state variant 'depleted' for component 'Signal Booster Components' in 'Comms Relay Room'. Change only state cues: minimal or no glow, offline indicators, depleted resource cues. Preserve camera, scale, line weight, material details. No text, no labels, no UI. match this style exactly; side-view cutaway module language; no text/no labels/no UI; consistent line weight and colour temperature with reference."
comms_relay_t1__signal_booster_components__idle,state_variant,comms_relay_t1,Comms Relay Room,communication,1,signal_booster_components,Signal Booster Components,interactive,idle,p1,"Using the attached style reference and matching the base component exactly, create state variant 'idle' for component 'Signal Booster Components' in 'Comms Relay Room'. Change only state cues: stable indicator lights, neutral glow, no motion cues. Preserve camera, scale, line weight, material details. No text, no labels, no UI. match this style exactly; side-view cutaway module language; no text/no labels/no UI; consistent line weight and colour temperature with reference."
comms_relay_t1__transmission_console__active,state_variant,comms_relay_t1,Comms Relay Room,communication,1,transmission_console,Transmission Console,interactive,active,p1,"Using the attached style reference and matching the base component exactly, create state variant 'active' for component 'Transmission Console' in 'Comms Relay Room'. Change only state cues: brighter active glow, subtle motion/energy cues, engaged indicators. Preserve camera, scale, line weight, material details. No text, no labels, no UI. match this style exactly; side-view cutaway module language; no text/no labels/no UI; consistent line weight and colour temperature with reference."
comms_relay_t1__transmission_console__cooldown,state_variant,comms_relay_t1,Comms Relay Room,communication,1,transmission_console,Transmission Console,interactive,cooldown,p1,"Using the attached style reference and matching the base component exactly, create state variant 'cooldown' for component 'Transmission Console' in 'Comms Relay Room'. Change only state cues: reduced glow with cooling/venting cues and amber warning flicker. Preserve camera, scale, line weight, material details. No text, no labels, no UI. match this style exactly; side-view cutaway module language; no text/no labels/no UI; consistent line weight and colour temperature with reference."
comms_relay_t1__transmission_console__damaged,state_variant,comms_relay_t1,Comms Relay Room,communication,1,transmission_console,Transmission Console,interactive,damaged,p1,"Using the attached style reference and matching the base component exactly, create state variant 'damaged' for component 'Transmission Console' in 'Comms Relay Room'. Change only state cues: visible wear, sparks or cracks, warning lights and degraded output. Preserve camera, scale, line weight, material details. No text, no labels, no UI. match this style exactly; side-view cutaway module language; no text/no labels/no UI; consistent line weight and colour temperature with reference."
comms_relay_t1__transmission_console__depleted,state_variant,comms_relay_t1,Comms Relay Room,communication,1,transmission_console,Transmission Console,interactive,depleted,p1,"Using the attached style reference and matching the base component exactly, create state variant 'depleted' for component 'Transmission Console' in 'Comms Relay Room'. Change only state cues: minimal or no glow, offline indicators, depleted resource cues. Preserve camera, scale, line weight, material details. No text, no labels, no UI. match this style exactly; side-view cutaway module language; no text/no labels/no UI; consistent line weight and colour temperature with reference."
comms_relay_t1__transmission_console__idle,state_variant,comms_relay_t1,Comms Relay Room,communication,1,transmission_console,Transmission Console,interactive,idle,p1,"Using the attached style reference and matching the base component exactly, create state variant 'idle' for component 'Transmission Console' in 'Comms Relay Room'. Change only state cues: stable indicator lights, neutral glow, no motion cues. Preserve camera, scale, line weight, material details. No text, no labels, no UI. match this style exactly; side-view cutaway module language; no text/no labels/no UI; consistent line weight and colour temperature with reference."
comms_relay_t1__waveform_display__active,state_variant,comms_relay_t1,Comms Relay Room,communication,1,waveform_display,Waveform Display,interactive,active,p1,"Using the attached style reference and matching the base component exactly, create state variant 'active' for component 'Waveform Display' in 'Comms Relay Room'. Change only state cues: brighter active glow, subtle motion/energy cues, engaged indicators. Preserve camera, scale, line weight, material details. No text, no labels, no UI. match this style exactly; side-view cutaway module language; no text/no labels/no UI; consistent line weight and colour temperature with reference."
comms_relay_t1__waveform_display__cooldown,state_variant,comms_relay_t1,Comms Relay Room,communication,1,waveform_display,Waveform Display,interactive,cooldown,p1,"Using the attached style reference and matching the base component exactly, create state variant 'cooldown' for component 'Waveform Display' in 'Comms Relay Room'. Change only state cues: reduced glow with cooling/venting cues and amber warning flicker. Preserve camera, scale, line weight, material details. No text, no labels, no UI. match this style exactly; side-view cutaway module language; no text/no labels/no UI; consistent line weight and colour temperature with reference."
comms_relay_t1__waveform_display__damaged,state_variant,comms_relay_t1,Comms Relay Room,communication,1,waveform_display,Waveform Display,interactive,damaged,p1,"Using the attached style reference and matching the base component exactly, create state variant 'damaged' for component 'Waveform Display' in 'Comms Relay Room'. Change only state cues: visible wear, sparks or cracks, warning lights and degraded output. Preserve camera, scale, line weight, material details. No text, no labels, no UI. match this style exactly; side-view cutaway module language; no text/no labels/no UI; consistent line weight and colour temperature with reference."
comms_relay_t1__waveform_display__depleted,state_variant,comms_relay_t1,Comms Relay Room,communication,1,waveform_display,Waveform Display,interactive,depleted,p1,"Using the attached style reference and matching the base component exactly, create state variant 'depleted' for component 'Waveform Display' in 'Comms Relay Room'. Change only state cues: minimal or no glow, offline indicators, depleted resource cues. Preserve camera, scale, line weight, material details. No text, no labels, no UI. match this style exactly; side-view cutaway module language; no text/no labels/no UI; consistent line weight and colour temperature with reference."
comms_relay_t1__waveform_display__idle,state_variant,comms_relay_t1,Comms Relay Room,communication,1,waveform_display,Waveform Display,interactive,idle,p1,"Using the attached style reference and matching the base component exactly, create state variant 'idle' for component 'Waveform Display' in 'Comms Relay Room'. Change only state cues: stable indicator lights, neutral glow, no motion cues. Preserve camera, scale, line weight, material details. No text, no labels, no UI. match this style exactly; side-view cutaway module language; no text/no labels/no UI; consistent line weight and colour temperature with reference."
comms_relay_t1__room_composite__v1,room_composite,comms_relay_t1,Comms Relay Room,communication,1,room_composite,Room Composite,composite,base,p0,"Using the attached style reference, compose one 2:1 spacecraft room tile for 'Comms Relay Room' using these components: antenna_diagram_panel_zone, ceiling_booster_mount, transmission_console, waveform_display, rotating_dish_mechanism, signal_booster_components. Keep module shell rectangular with flat top/bottom for stacking. Include only listed components and consistent accent lighting. No text, no labels, no UI, no rocket exterior. match this style exactly; side-view cutaway module language; no text/no labels/no UI; consistent line weight and colour temperature with reference."
drone_bay_t2__drone_charging_cables__base,component,drone_bay_t2,Mining Drone Bay Room,mining,2,drone_charging_cables,Drone Charging Cables,interactive,base,p0,"Using the attached style reference, create a single isolated room component sprite for a spacecraft dollhouse interior system. Component: Drone Charging Cables. Category: Mining Drone Bay Room. Side-view cross-section, clean cutout silhouette, no text, no labels, no UI, no characters. Designed for 2:1 room tile composition. match this style exactly; side-view cutaway module language; no text/no labels/no UI; consistent line weight and colour temperature with reference."
drone_bay_t2__drone_rack_mounts__base,component,drone_bay_t2,Mining Drone Bay Room,mining,2,drone_rack_mounts,drone rack mounts,structural,base,p1,"Using the attached style reference, create a single isolated room component sprite for a spacecraft dollhouse interior system. Component: drone_rack_mounts. Category: Mining Drone Bay Room. Side-view cross-section, clean cutout silhouette, no text, no labels, no UI, no characters. Designed for 2:1 room tile composition. match this style exactly; side-view cutaway module language; no text/no labels/no UI; consistent line weight and colour temperature with reference."
drone_bay_t2__floor_launch_hatch__base,component,drone_bay_t2,Mining Drone Bay Room,mining,2,floor_launch_hatch,Floor Launch Hatch,interactive,base,p0,"Using the attached style reference, create a single isolated room component sprite for a spacecraft dollhouse interior system. Component: Floor Launch Hatch. Category: Mining Drone Bay Room. Side-view cross-section, clean cutout silhouette, no text, no labels, no UI, no characters. Designed for 2:1 room tile composition. match this style exactly; side-view cutaway module language; no text/no labels/no UI; consistent line weight and colour temperature with reference."
drone_bay_t2__floor_launch_hatch_seams__base,component,drone_bay_t2,Mining Drone Bay Room,mining,2,floor_launch_hatch_seams,floor launch hatch seams,structural,base,p1,"Using the attached style reference, create a single isolated room component sprite for a spacecraft dollhouse interior system. Component: floor_launch_hatch_seams. Category: Mining Drone Bay Room. Side-view cross-section, clean cutout silhouette, no text, no labels, no UI, no characters. Designed for 2:1 room tile composition. match this style exactly; side-view cutaway module language; no text/no labels/no UI; consistent line weight and colour temperature with reference."
drone_bay_t2__launch_control_terminal__base,component,drone_bay_t2,Mining Drone Bay Room,mining,2,launch_control_terminal,Launch Control Terminal,interactive,base,p0,"Using the attached style reference, create a single isolated room component sprite for a spacecraft dollhouse interior system. Component: Launch Control Terminal. Category: Mining Drone Bay Room. Side-view cross-section, clean cutout silhouette, no text, no labels, no UI, no characters. Designed for 2:1 room tile composition. match this style exactly; side-view cutaway module language; no text/no labels/no UI; consistent line weight and colour temperature with reference."
drone_bay_t2__mining_drones_triplet__base,component,drone_bay_t2,Mining Drone Bay Room,mining,2,mining_drones_triplet,Mining Drones (x3),interactive,base,p0,"Using the attached style reference, create a single isolated room component sprite for a spacecraft dollhouse interior system. Component: Mining Drones (x3). Category: Mining Drone Bay Room. Side-view cross-section, clean cutout silhouette, no text, no labels, no UI, no characters. Designed for 2:1 room tile composition. match this style exactly; side-view cutaway module language; no text/no labels/no UI; consistent line weight and colour temperature with reference."
drone_bay_t2__drone_charging_cables__active,state_variant,drone_bay_t2,Mining Drone Bay Room,mining,2,drone_charging_cables,Drone Charging Cables,interactive,active,p1,"Using the attached style reference and matching the base component exactly, create state variant 'active' for component 'Drone Charging Cables' in 'Mining Drone Bay Room'. Change only state cues: brighter active glow, subtle motion/energy cues, engaged indicators. Preserve camera, scale, line weight, material details. No text, no labels, no UI. match this style exactly; side-view cutaway module language; no text/no labels/no UI; consistent line weight and colour temperature with reference."
drone_bay_t2__drone_charging_cables__cooldown,state_variant,drone_bay_t2,Mining Drone Bay Room,mining,2,drone_charging_cables,Drone Charging Cables,interactive,cooldown,p1,"Using the attached style reference and matching the base component exactly, create state variant 'cooldown' for component 'Drone Charging Cables' in 'Mining Drone Bay Room'. Change only state cues: reduced glow with cooling/venting cues and amber warning flicker. Preserve camera, scale, line weight, material details. No text, no labels, no UI. match this style exactly; side-view cutaway module language; no text/no labels/no UI; consistent line weight and colour temperature with reference."
drone_bay_t2__drone_charging_cables__damaged,state_variant,drone_bay_t2,Mining Drone Bay Room,mining,2,drone_charging_cables,Drone Charging Cables,interactive,damaged,p1,"Using the attached style reference and matching the base component exactly, create state variant 'damaged' for component 'Drone Charging Cables' in 'Mining Drone Bay Room'. Change only state cues: visible wear, sparks or cracks, warning lights and degraded output. Preserve camera, scale, line weight, material details. No text, no labels, no UI. match this style exactly; side-view cutaway module language; no text/no labels/no UI; consistent line weight and colour temperature with reference."
drone_bay_t2__drone_charging_cables__depleted,state_variant,drone_bay_t2,Mining Drone Bay Room,mining,2,drone_charging_cables,Drone Charging Cables,interactive,depleted,p1,"Using the attached style reference and matching the base component exactly, create state variant 'depleted' for component 'Drone Charging Cables' in 'Mining Drone Bay Room'. Change only state cues: minimal or no glow, offline indicators, depleted resource cues. Preserve camera, scale, line weight, material details. No text, no labels, no UI. match this style exactly; side-view cutaway module language; no text/no labels/no UI; consistent line weight and colour temperature with reference."
drone_bay_t2__drone_charging_cables__idle,state_variant,drone_bay_t2,Mining Drone Bay Room,mining,2,drone_charging_cables,Drone Charging Cables,interactive,idle,p1,"Using the attached style reference and matching the base component exactly, create state variant 'idle' for component 'Drone Charging Cables' in 'Mining Drone Bay Room'. Change only state cues: stable indicator lights, neutral glow, no motion cues. Preserve camera, scale, line weight, material details. No text, no labels, no UI. match this style exactly; side-view cutaway module language; no text/no labels/no UI; consistent line weight and colour temperature with reference."
drone_bay_t2__floor_launch_hatch__active,state_variant,drone_bay_t2,Mining Drone Bay Room,mining,2,floor_launch_hatch,Floor Launch Hatch,interactive,active,p1,"Using the attached style reference and matching the base component exactly, create state variant 'active' for component 'Floor Launch Hatch' in 'Mining Drone Bay Room'. Change only state cues: brighter active glow, subtle motion/energy cues, engaged indicators. Preserve camera, scale, line weight, material details. No text, no labels, no UI. match this style exactly; side-view cutaway module language; no text/no labels/no UI; consistent line weight and colour temperature with reference."
drone_bay_t2__floor_launch_hatch__cooldown,state_variant,drone_bay_t2,Mining Drone Bay Room,mining,2,floor_launch_hatch,Floor Launch Hatch,interactive,cooldown,p1,"Using the attached style reference and matching the base component exactly, create state variant 'cooldown' for component 'Floor Launch Hatch' in 'Mining Drone Bay Room'. Change only state cues: reduced glow with cooling/venting cues and amber warning flicker. Preserve camera, scale, line weight, material details. No text, no labels, no UI. match this style exactly; side-view cutaway module language; no text/no labels/no UI; consistent line weight and colour temperature with reference."
drone_bay_t2__floor_launch_hatch__damaged,state_variant,drone_bay_t2,Mining Drone Bay Room,mining,2,floor_launch_hatch,Floor Launch Hatch,interactive,damaged,p1,"Using the attached style reference and matching the base component exactly, create state variant 'damaged' for component 'Floor Launch Hatch' in 'Mining Drone Bay Room'. Change only state cues: visible wear, sparks or cracks, warning lights and degraded output. Preserve camera, scale, line weight, material details. No text, no labels, no UI. match this style exactly; side-view cutaway module language; no text/no labels/no UI; consistent line weight and colour temperature with reference."
drone_bay_t2__floor_launch_hatch__depleted,state_variant,drone_bay_t2,Mining Drone Bay Room,mining,2,floor_launch_hatch,Floor Launch Hatch,interactive,depleted,p1,"Using the attached style reference and matching the base component exactly, create state variant 'depleted' for component 'Floor Launch Hatch' in 'Mining Drone Bay Room'. Change only state cues: minimal or no glow, offline indicators, depleted resource cues. Preserve camera, scale, line weight, material details. No text, no labels, no UI. match this style exactly; side-view cutaway module language; no text/no labels/no UI; consistent line weight and colour temperature with reference."
drone_bay_t2__floor_launch_hatch__idle,state_variant,drone_bay_t2,Mining Drone Bay Room,mining,2,floor_launch_hatch,Floor Launch Hatch,interactive,idle,p1,"Using the attached style reference and matching the base component exactly, create state variant 'idle' for component 'Floor Launch Hatch' in 'Mining Drone Bay Room'. Change only state cues: stable indicator lights, neutral glow, no motion cues. Preserve camera, scale, line weight, material details. No text, no labels, no UI. match this style exactly; side-view cutaway module language; no text/no labels/no UI; consistent line weight and colour temperature with reference."
drone_bay_t2__launch_control_terminal__active,state_variant,drone_bay_t2,Mining Drone Bay Room,mining,2,launch_control_terminal,Launch Control Terminal,interactive,active,p1,"Using the attached style reference and matching the base component exactly, create state variant 'active' for component 'Launch Control Terminal' in 'Mining Drone Bay Room'. Change only state cues: brighter active glow, subtle motion/energy cues, engaged indicators. Preserve camera, scale, line weight, material details. No text, no labels, no UI. match this style exactly; side-view cutaway module language; no text/no labels/no UI; consistent line weight and colour temperature with reference."
drone_bay_t2__launch_control_terminal__cooldown,state_variant,drone_bay_t2,Mining Drone Bay Room,mining,2,launch_control_terminal,Launch Control Terminal,interactive,cooldown,p1,"Using the attached style reference and matching the base component exactly, create state variant 'cooldown' for component 'Launch Control Terminal' in 'Mining Drone Bay Room'. Change only state cues: reduced glow with cooling/venting cues and amber warning flicker. Preserve camera, scale, line weight, material details. No text, no labels, no UI. match this style exactly; side-view cutaway module language; no text/no labels/no UI; consistent line weight and colour temperature with reference."
drone_bay_t2__launch_control_terminal__damaged,state_variant,drone_bay_t2,Mining Drone Bay Room,mining,2,launch_control_terminal,Launch Control Terminal,interactive,damaged,p1,"Using the attached style reference and matching the base component exactly, create state variant 'damaged' for component 'Launch Control Terminal' in 'Mining Drone Bay Room'. Change only state cues: visible wear, sparks or cracks, warning lights and degraded output. Preserve camera, scale, line weight, material details. No text, no labels, no UI. match this style exactly; side-view cutaway module language; no text/no labels/no UI; consistent line weight and colour temperature with reference."
drone_bay_t2__launch_control_terminal__depleted,state_variant,drone_bay_t2,Mining Drone Bay Room,mining,2,launch_control_terminal,Launch Control Terminal,interactive,depleted,p1,"Using the attached style reference and matching the base component exactly, create state variant 'depleted' for component 'Launch Control Terminal' in 'Mining Drone Bay Room'. Change only state cues: minimal or no glow, offline indicators, depleted resource cues. Preserve camera, scale, line weight, material details. No text, no labels, no UI. match this style exactly; side-view cutaway module language; no text/no labels/no UI; consistent line weight and colour temperature with reference."
drone_bay_t2__launch_control_terminal__idle,state_variant,drone_bay_t2,Mining Drone Bay Room,mining,2,launch_control_terminal,Launch Control Terminal,interactive,idle,p1,"Using the attached style reference and matching the base component exactly, create state variant 'idle' for component 'Launch Control Terminal' in 'Mining Drone Bay Room'. Change only state cues: stable indicator lights, neutral glow, no motion cues. Preserve camera, scale, line weight, material details. No text, no labels, no UI. match this style exactly; side-view cutaway module language; no text/no labels/no UI; consistent line weight and colour temperature with reference."
drone_bay_t2__mining_drones_triplet__active,state_variant,drone_bay_t2,Mining Drone Bay Room,mining,2,mining_drones_triplet,Mining Drones (x3),interactive,active,p1,"Using the attached style reference and matching the base component exactly, create state variant 'active' for component 'Mining Drones (x3)' in 'Mining Drone Bay Room'. Change only state cues: brighter active glow, subtle motion/energy cues, engaged indicators. Preserve camera, scale, line weight, material details. No text, no labels, no UI. match this style exactly; side-view cutaway module language; no text/no labels/no UI; consistent line weight and colour temperature with reference."
drone_bay_t2__mining_drones_triplet__cooldown,state_variant,drone_bay_t2,Mining Drone Bay Room,mining,2,mining_drones_triplet,Mining Drones (x3),interactive,cooldown,p1,"Using the attached style reference and matching the base component exactly, create state variant 'cooldown' for component 'Mining Drones (x3)' in 'Mining Drone Bay Room'. Change only state cues: reduced glow with cooling/venting cues and amber warning flicker. Preserve camera, scale, line weight, material details. No text, no labels, no UI. match this style exactly; side-view cutaway module language; no text/no labels/no UI; consistent line weight and colour temperature with reference."
drone_bay_t2__mining_drones_triplet__damaged,state_variant,drone_bay_t2,Mining Drone Bay Room,mining,2,mining_drones_triplet,Mining Drones (x3),interactive,damaged,p1,"Using the attached style reference and matching the base component exactly, create state variant 'damaged' for component 'Mining Drones (x3)' in 'Mining Drone Bay Room'. Change only state cues: visible wear, sparks or cracks, warning lights and degraded output. Preserve camera, scale, line weight, material details. No text, no labels, no UI. match this style exactly; side-view cutaway module language; no text/no labels/no UI; consistent line weight and colour temperature with reference."
drone_bay_t2__mining_drones_triplet__depleted,state_variant,drone_bay_t2,Mining Drone Bay Room,mining,2,mining_drones_triplet,Mining Drones (x3),interactive,depleted,p1,"Using the attached style reference and matching the base component exactly, create state variant 'depleted' for component 'Mining Drones (x3)' in 'Mining Drone Bay Room'. Change only state cues: minimal or no glow, offline indicators, depleted resource cues. Preserve camera, scale, line weight, material details. No text, no labels, no UI. match this style exactly; side-view cutaway module language; no text/no labels/no UI; consistent line weight and colour temperature with reference."
drone_bay_t2__mining_drones_triplet__idle,state_variant,drone_bay_t2,Mining Drone Bay Room,mining,2,mining_drones_triplet,Mining Drones (x3),interactive,idle,p1,"Using the attached style reference and matching the base component exactly, create state variant 'idle' for component 'Mining Drones (x3)' in 'Mining Drone Bay Room'. Change only state cues: stable indicator lights, neutral glow, no motion cues. Preserve camera, scale, line weight, material details. No text, no labels, no UI. match this style exactly; side-view cutaway module language; no text/no labels/no UI; consistent line weight and colour temperature with reference."
drone_bay_t2__room_composite__v1,room_composite,drone_bay_t2,Mining Drone Bay Room,mining,2,room_composite,Room Composite,composite,base,p0,"Using the attached style reference, compose one 2:1 spacecraft room tile for 'Mining Drone Bay Room' using these components: drone_rack_mounts, floor_launch_hatch_seams, mining_drones_triplet, drone_charging_cables, launch_control_terminal, floor_launch_hatch. Keep module shell rectangular with flat top/bottom for stacking. Include only listed components and consistent accent lighting. No text, no labels, no UI, no rocket exterior. match this style exactly; side-view cutaway module language; no text/no labels/no UI; consistent line weight and colour temperature with reference."
fusion_drive_t2__chamber_cradle__base,component,fusion_drive_t2,Fusion Drive Room,propulsion,2,chamber_cradle,chamber cradle,structural,base,p1,"Using the attached style reference, create a single isolated room component sprite for a spacecraft dollhouse interior system. Component: chamber_cradle. Category: Fusion Drive Room. Side-view cross-section, clean cutout silhouette, no text, no labels, no UI, no characters. Designed for 2:1 room tile composition. match this style exactly; side-view cutaway module language; no text/no labels/no UI; consistent line weight and colour temperature with reference."
fusion_drive_t2__cooling_pipe_network__base,component,fusion_drive_t2,Fusion Drive Room,propulsion,2,cooling_pipe_network,cooling pipe network,structural,base,p1,"Using the attached style reference, create a single isolated room component sprite for a spacecraft dollhouse interior system. Component: cooling_pipe_network. Category: Fusion Drive Room. Side-view cross-section, clean cutout silhouette, no text, no labels, no UI, no characters. Designed for 2:1 room tile composition. match this style exactly; side-view cutaway module language; no text/no labels/no UI; consistent line weight and colour temperature with reference."
fusion_drive_t2__magnetic_containment_rings__base,component,fusion_drive_t2,Fusion Drive Room,propulsion,2,magnetic_containment_rings,magnetic containment rings,structural,base,p1,"Using the attached style reference, create a single isolated room component sprite for a spacecraft dollhouse interior system. Component: magnetic_containment_rings. Category: Fusion Drive Room. Side-view cross-section, clean cutout silhouette, no text, no labels, no UI, no characters. Designed for 2:1 room tile composition. match this style exactly; side-view cutaway module language; no text/no labels/no UI; consistent line weight and colour temperature with reference."
fusion_drive_t2__monitoring_terminal__base,component,fusion_drive_t2,Fusion Drive Room,propulsion,2,monitoring_terminal,Monitoring Terminal,interactive,base,p0,"Using the attached style reference, create a single isolated room component sprite for a spacecraft dollhouse interior system. Component: Monitoring Terminal. Category: Fusion Drive Room. Side-view cross-section, clean cutout silhouette, no text, no labels, no UI, no characters. Designed for 2:1 room tile composition. match this style exactly; side-view cutaway module language; no text/no labels/no UI; consistent line weight and colour temperature with reference."
fusion_drive_t2__plasma_chamber_core__base,component,fusion_drive_t2,Fusion Drive Room,propulsion,2,plasma_chamber_core,Plasma Chamber Core,interactive,base,p0,"Using the attached style reference, create a single isolated room component sprite for a spacecraft dollhouse interior system. Component: Plasma Chamber Core. Category: Fusion Drive Room. Side-view cross-section, clean cutout silhouette, no text, no labels, no UI, no characters. Designed for 2:1 room tile composition. match this style exactly; side-view cutaway module language; no text/no labels/no UI; consistent line weight and colour temperature with reference."
fusion_drive_t2__monitoring_terminal__active,state_variant,fusion_drive_t2,Fusion Drive Room,propulsion,2,monitoring_terminal,Monitoring Terminal,interactive,active,p1,"Using the attached style reference and matching the base component exactly, create state variant 'active' for component 'Monitoring Terminal' in 'Fusion Drive Room'. Change only state cues: brighter active glow, subtle motion/energy cues, engaged indicators. Preserve camera, scale, line weight, material details. No text, no labels, no UI. match this style exactly; side-view cutaway module language; no text/no labels/no UI; consistent line weight and colour temperature with reference."
fusion_drive_t2__monitoring_terminal__cooldown,state_variant,fusion_drive_t2,Fusion Drive Room,propulsion,2,monitoring_terminal,Monitoring Terminal,interactive,cooldown,p1,"Using the attached style reference and matching the base component exactly, create state variant 'cooldown' for component 'Monitoring Terminal' in 'Fusion Drive Room'. Change only state cues: reduced glow with cooling/venting cues and amber warning flicker. Preserve camera, scale, line weight, material details. No text, no labels, no UI. match this style exactly; side-view cutaway module language; no text/no labels/no UI; consistent line weight and colour temperature with reference."
fusion_drive_t2__monitoring_terminal__damaged,state_variant,fusion_drive_t2,Fusion Drive Room,propulsion,2,monitoring_terminal,Monitoring Terminal,interactive,damaged,p1,"Using the attached style reference and matching the base component exactly, create state variant 'damaged' for component 'Monitoring Terminal' in 'Fusion Drive Room'. Change only state cues: visible wear, sparks or cracks, warning lights and degraded output. Preserve camera, scale, line weight, material details. No text, no labels, no UI. match this style exactly; side-view cutaway module language; no text/no labels/no UI; consistent line weight and colour temperature with reference."
fusion_drive_t2__monitoring_terminal__depleted,state_variant,fusion_drive_t2,Fusion Drive Room,propulsion,2,monitoring_terminal,Monitoring Terminal,interactive,depleted,p1,"Using the attached style reference and matching the base component exactly, create state variant 'depleted' for component 'Monitoring Terminal' in 'Fusion Drive Room'. Change only state cues: minimal or no glow, offline indicators, depleted resource cues. Preserve camera, scale, line weight, material details. No text, no labels, no UI. match this style exactly; side-view cutaway module language; no text/no labels/no UI; consistent line weight and colour temperature with reference."
fusion_drive_t2__monitoring_terminal__idle,state_variant,fusion_drive_t2,Fusion Drive Room,propulsion,2,monitoring_terminal,Monitoring Terminal,interactive,idle,p1,"Using the attached style reference and matching the base component exactly, create state variant 'idle' for component 'Monitoring Terminal' in 'Fusion Drive Room'. Change only state cues: stable indicator lights, neutral glow, no motion cues. Preserve camera, scale, line weight, material details. No text, no labels, no UI. match this style exactly; side-view cutaway module language; no text/no labels/no UI; consistent line weight and colour temperature with reference."
fusion_drive_t2__plasma_chamber_core__active,state_variant,fusion_drive_t2,Fusion Drive Room,propulsion,2,plasma_chamber_core,Plasma Chamber Core,interactive,active,p1,"Using the attached style reference and matching the base component exactly, create state variant 'active' for component 'Plasma Chamber Core' in 'Fusion Drive Room'. Change only state cues: brighter active glow, subtle motion/energy cues, engaged indicators. Preserve camera, scale, line weight, material details. No text, no labels, no UI. match this style exactly; side-view cutaway module language; no text/no labels/no UI; consistent line weight and colour temperature with reference."
fusion_drive_t2__plasma_chamber_core__cooldown,state_variant,fusion_drive_t2,Fusion Drive Room,propulsion,2,plasma_chamber_core,Plasma Chamber Core,interactive,cooldown,p1,"Using the attached style reference and matching the base component exactly, create state variant 'cooldown' for component 'Plasma Chamber Core' in 'Fusion Drive Room'. Change only state cues: reduced glow with cooling/venting cues and amber warning flicker. Preserve camera, scale, line weight, material details. No text, no labels, no UI. match this style exactly; side-view cutaway module language; no text/no labels/no UI; consistent line weight and colour temperature with reference."
fusion_drive_t2__plasma_chamber_core__damaged,state_variant,fusion_drive_t2,Fusion Drive Room,propulsion,2,plasma_chamber_core,Plasma Chamber Core,interactive,damaged,p1,"Using the attached style reference and matching the base component exactly, create state variant 'damaged' for component 'Plasma Chamber Core' in 'Fusion Drive Room'. Change only state cues: visible wear, sparks or cracks, warning lights and degraded output. Preserve camera, scale, line weight, material details. No text, no labels, no UI. match this style exactly; side-view cutaway module language; no text/no labels/no UI; consistent line weight and colour temperature with reference."
fusion_drive_t2__plasma_chamber_core__depleted,state_variant,fusion_drive_t2,Fusion Drive Room,propulsion,2,plasma_chamber_core,Plasma Chamber Core,interactive,depleted,p1,"Using the attached style reference and matching the base component exactly, create state variant 'depleted' for component 'Plasma Chamber Core' in 'Fusion Drive Room'. Change only state cues: minimal or no glow, offline indicators, depleted resource cues. Preserve camera, scale, line weight, material details. No text, no labels, no UI. match this style exactly; side-view cutaway module language; no text/no labels/no UI; consistent line weight and colour temperature with reference."
fusion_drive_t2__plasma_chamber_core__idle,state_variant,fusion_drive_t2,Fusion Drive Room,propulsion,2,plasma_chamber_core,Plasma Chamber Core,interactive,idle,p1,"Using the attached style reference and matching the base component exactly, create state variant 'idle' for component 'Plasma Chamber Core' in 'Fusion Drive Room'. Change only state cues: stable indicator lights, neutral glow, no motion cues. Preserve camera, scale, line weight, material details. No text, no labels, no UI. match this style exactly; side-view cutaway module language; no text/no labels/no UI; consistent line weight and colour temperature with reference."
fusion_drive_t2__room_composite__v1,room_composite,fusion_drive_t2,Fusion Drive Room,propulsion,2,room_composite,Room Composite,composite,base,p0,"Using the attached style reference, compose one 2:1 spacecraft room tile for 'Fusion Drive Room' using these components: chamber_cradle, magnetic_containment_rings, cooling_pipe_network, plasma_chamber_core, monitoring_terminal. Keep module shell rectangular with flat top/bottom for stacking. Include only listed components and consistent accent lighting. No text, no labels, no UI, no rocket exterior. match this style exactly; side-view cutaway module language; no text/no labels/no UI; consistent line weight and colour temperature with reference."
style_anchor_v1,style_anchor,global,Global Style Anchor,global,n/a,style_anchor,Style Anchor,reference,base,p0,"Side-view cross-section cutaway of a single spacecraft interior room module. Illustrated sci-fi game asset style — clean detailed linework, metallic silver-grey interior walls with visible panel seams and riveted bolts, recessed floor lighting strips, equipment glowing with coloured sci-fi accent lights. Dark background (#0D0B14 deep space purple, near-black). No text, no labels, no UI. The module is a rectangular tile — flat top and bottom edges so it can stack with other modules. Landscape 2:1 ratio. Consistent illustrated style like a mobile space exploration game concept art, similar to how Pixel Starships looks but rendered in a modern illustrated style rather than retro pixel art. Single module only, no rocket exterior visible. match this style exactly; side-view cutaway module language; no text/no labels/no UI; consistent line weight and colour temperature with reference."
shell_kit_high_v1,shell_kit,global,Global Shell Kit (high),global,n/a,shell_high,Room Shell high,structural,base,p0,"Using the attached style reference, create an empty spacecraft interior room shell component variant 'high' with metallic panel seams, floor light strips, and stackable flat top/bottom module edges. No major equipment. 2:1 side-view cross-section. match this style exactly; side-view cutaway module language; no text/no labels/no UI; consistent line weight and colour temperature with reference."
shell_kit_mid_v1,shell_kit,global,Global Shell Kit (mid),global,n/a,shell_mid,Room Shell mid,structural,base,p0,"Using the attached style reference, create an empty spacecraft interior room shell component variant 'mid' with metallic panel seams, floor light strips, and stackable flat top/bottom module edges. No major equipment. 2:1 side-view cross-section. match this style exactly; side-view cutaway module language; no text/no labels/no UI; consistent line weight and colour temperature with reference."
shell_kit_starter_v1,shell_kit,global,Global Shell Kit (starter),global,n/a,shell_starter,Room Shell starter,structural,base,p0,"Using the attached style reference, create an empty spacecraft interior room shell component variant 'starter' with metallic panel seams, floor light strips, and stackable flat top/bottom module edges. No major equipment. 2:1 side-view cross-section. match this style exactly; side-view cutaway module language; no text/no labels/no UI; consistent line weight and colour temperature with reference."
large_tank_t2__automated_pumping_unit__base,component,large_tank_t2,Large Fuel Tank Room,fuel,2,automated_pumping_unit,Automated Pumping Unit,interactive,base,p0,"Using the attached style reference, create a single isolated room component sprite for a spacecraft dollhouse interior system. Component: Automated Pumping Unit. Category: Large Fuel Tank Room. Side-view cross-section, clean cutout silhouette, no text, no labels, no UI, no characters. Designed for 2:1 room tile composition. match this style exactly; side-view cutaway module language; no text/no labels/no UI; consistent line weight and colour temperature with reference."
large_tank_t2__frosted_fuel_viewport_large__base,component,large_tank_t2,Large Fuel Tank Room,fuel,2,frosted_fuel_viewport_large,Large Fuel Viewport,interactive,base,p0,"Using the attached style reference, create a single isolated room component sprite for a spacecraft dollhouse interior system. Component: Large Fuel Viewport. Category: Large Fuel Tank Room. Side-view cross-section, clean cutout silhouette, no text, no labels, no UI, no characters. Designed for 2:1 room tile composition. match this style exactly; side-view cutaway module language; no text/no labels/no UI; consistent line weight and colour temperature with reference."
large_tank_t2__heavy_wall_brackets__base,component,large_tank_t2,Large Fuel Tank Room,fuel,2,heavy_wall_brackets,heavy wall brackets,structural,base,p1,"Using the attached style reference, create a single isolated room component sprite for a spacecraft dollhouse interior system. Component: heavy_wall_brackets. Category: Large Fuel Tank Room. Side-view cross-section, clean cutout silhouette, no text, no labels, no UI, no characters. Designed for 2:1 room tile composition. match this style exactly; side-view cutaway module language; no text/no labels/no UI; consistent line weight and colour temperature with reference."
large_tank_t2__main_fuel_tank__base,component,large_tank_t2,Large Fuel Tank Room,fuel,2,main_fuel_tank,Main Fuel Tank,interactive,base,p0,"Using the attached style reference, create a single isolated room component sprite for a spacecraft dollhouse interior system. Component: Main Fuel Tank. Category: Large Fuel Tank Room. Side-view cross-section, clean cutout silhouette, no text, no labels, no UI, no characters. Designed for 2:1 room tile composition. match this style exactly; side-view cutaway module language; no text/no labels/no UI; consistent line weight and colour temperature with reference."
large_tank_t2__pressure_readout_cluster__base,component,large_tank_t2,Large Fuel Tank Room,fuel,2,pressure_readout_cluster,Pressure Readout Cluster,interactive,base,p0,"Using the attached style reference, create a single isolated room component sprite for a spacecraft dollhouse interior system. Component: Pressure Readout Cluster. Category: Large Fuel Tank Room. Side-view cross-section, clean cutout silhouette, no text, no labels, no UI, no characters. Designed for 2:1 room tile composition. match this style exactly; side-view cutaway module language; no text/no labels/no UI; consistent line weight and colour temperature with reference."
large_tank_t2__pump_base_assembly__base,component,large_tank_t2,Large Fuel Tank Room,fuel,2,pump_base_assembly,pump base assembly,structural,base,p1,"Using the attached style reference, create a single isolated room component sprite for a spacecraft dollhouse interior system. Component: pump_base_assembly. Category: Large Fuel Tank Room. Side-view cross-section, clean cutout silhouette, no text, no labels, no UI, no characters. Designed for 2:1 room tile composition. match this style exactly; side-view cutaway module language; no text/no labels/no UI; consistent line weight and colour temperature with reference."
large_tank_t2__warning_stripe_zone__base,component,large_tank_t2,Large Fuel Tank Room,fuel,2,warning_stripe_zone,warning stripe zone,structural,base,p1,"Using the attached style reference, create a single isolated room component sprite for a spacecraft dollhouse interior system. Component: warning_stripe_zone. Category: Large Fuel Tank Room. Side-view cross-section, clean cutout silhouette, no text, no labels, no UI, no characters. Designed for 2:1 room tile composition. match this style exactly; side-view cutaway module language; no text/no labels/no UI; consistent line weight and colour temperature with reference."
large_tank_t2__automated_pumping_unit__active,state_variant,large_tank_t2,Large Fuel Tank Room,fuel,2,automated_pumping_unit,Automated Pumping Unit,interactive,active,p1,"Using the attached style reference and matching the base component exactly, create state variant 'active' for component 'Automated Pumping Unit' in 'Large Fuel Tank Room'. Change only state cues: brighter active glow, subtle motion/energy cues, engaged indicators. Preserve camera, scale, line weight, material details. No text, no labels, no UI. match this style exactly; side-view cutaway module language; no text/no labels/no UI; consistent line weight and colour temperature with reference."
large_tank_t2__automated_pumping_unit__cooldown,state_variant,large_tank_t2,Large Fuel Tank Room,fuel,2,automated_pumping_unit,Automated Pumping Unit,interactive,cooldown,p1,"Using the attached style reference and matching the base component exactly, create state variant 'cooldown' for component 'Automated Pumping Unit' in 'Large Fuel Tank Room'. Change only state cues: reduced glow with cooling/venting cues and amber warning flicker. Preserve camera, scale, line weight, material details. No text, no labels, no UI. match this style exactly; side-view cutaway module language; no text/no labels/no UI; consistent line weight and colour temperature with reference."
large_tank_t2__automated_pumping_unit__damaged,state_variant,large_tank_t2,Large Fuel Tank Room,fuel,2,automated_pumping_unit,Automated Pumping Unit,interactive,damaged,p1,"Using the attached style reference and matching the base component exactly, create state variant 'damaged' for component 'Automated Pumping Unit' in 'Large Fuel Tank Room'. Change only state cues: visible wear, sparks or cracks, warning lights and degraded output. Preserve camera, scale, line weight, material details. No text, no labels, no UI. match this style exactly; side-view cutaway module language; no text/no labels/no UI; consistent line weight and colour temperature with reference."
large_tank_t2__automated_pumping_unit__depleted,state_variant,large_tank_t2,Large Fuel Tank Room,fuel,2,automated_pumping_unit,Automated Pumping Unit,interactive,depleted,p1,"Using the attached style reference and matching the base component exactly, create state variant 'depleted' for component 'Automated Pumping Unit' in 'Large Fuel Tank Room'. Change only state cues: minimal or no glow, offline indicators, depleted resource cues. Preserve camera, scale, line weight, material details. No text, no labels, no UI. match this style exactly; side-view cutaway module language; no text/no labels/no UI; consistent line weight and colour temperature with reference."
large_tank_t2__automated_pumping_unit__idle,state_variant,large_tank_t2,Large Fuel Tank Room,fuel,2,automated_pumping_unit,Automated Pumping Unit,interactive,idle,p1,"Using the attached style reference and matching the base component exactly, create state variant 'idle' for component 'Automated Pumping Unit' in 'Large Fuel Tank Room'. Change only state cues: stable indicator lights, neutral glow, no motion cues. Preserve camera, scale, line weight, material details. No text, no labels, no UI. match this style exactly; side-view cutaway module language; no text/no labels/no UI; consistent line weight and colour temperature with reference."
large_tank_t2__frosted_fuel_viewport_large__active,state_variant,large_tank_t2,Large Fuel Tank Room,fuel,2,frosted_fuel_viewport_large,Large Fuel Viewport,interactive,active,p1,"Using the attached style reference and matching the base component exactly, create state variant 'active' for component 'Large Fuel Viewport' in 'Large Fuel Tank Room'. Change only state cues: brighter active glow, subtle motion/energy cues, engaged indicators. Preserve camera, scale, line weight, material details. No text, no labels, no UI. match this style exactly; side-view cutaway module language; no text/no labels/no UI; consistent line weight and colour temperature with reference."
large_tank_t2__frosted_fuel_viewport_large__cooldown,state_variant,large_tank_t2,Large Fuel Tank Room,fuel,2,frosted_fuel_viewport_large,Large Fuel Viewport,interactive,cooldown,p1,"Using the attached style reference and matching the base component exactly, create state variant 'cooldown' for component 'Large Fuel Viewport' in 'Large Fuel Tank Room'. Change only state cues: reduced glow with cooling/venting cues and amber warning flicker. Preserve camera, scale, line weight, material details. No text, no labels, no UI. match this style exactly; side-view cutaway module language; no text/no labels/no UI; consistent line weight and colour temperature with reference."
large_tank_t2__frosted_fuel_viewport_large__damaged,state_variant,large_tank_t2,Large Fuel Tank Room,fuel,2,frosted_fuel_viewport_large,Large Fuel Viewport,interactive,damaged,p1,"Using the attached style reference and matching the base component exactly, create state variant 'damaged' for component 'Large Fuel Viewport' in 'Large Fuel Tank Room'. Change only state cues: visible wear, sparks or cracks, warning lights and degraded output. Preserve camera, scale, line weight, material details. No text, no labels, no UI. match this style exactly; side-view cutaway module language; no text/no labels/no UI; consistent line weight and colour temperature with reference."
large_tank_t2__frosted_fuel_viewport_large__depleted,state_variant,large_tank_t2,Large Fuel Tank Room,fuel,2,frosted_fuel_viewport_large,Large Fuel Viewport,interactive,depleted,p1,"Using the attached style reference and matching the base component exactly, create state variant 'depleted' for component 'Large Fuel Viewport' in 'Large Fuel Tank Room'. Change only state cues: minimal or no glow, offline indicators, depleted resource cues. Preserve camera, scale, line weight, material details. No text, no labels, no UI. match this style exactly; side-view cutaway module language; no text/no labels/no UI; consistent line weight and colour temperature with reference."
large_tank_t2__frosted_fuel_viewport_large__idle,state_variant,large_tank_t2,Large Fuel Tank Room,fuel,2,frosted_fuel_viewport_large,Large Fuel Viewport,interactive,idle,p1,"Using the attached style reference and matching the base component exactly, create state variant 'idle' for component 'Large Fuel Viewport' in 'Large Fuel Tank Room'. Change only state cues: stable indicator lights, neutral glow, no motion cues. Preserve camera, scale, line weight, material details. No text, no labels, no UI. match this style exactly; side-view cutaway module language; no text/no labels/no UI; consistent line weight and colour temperature with reference."
large_tank_t2__main_fuel_tank__active,state_variant,large_tank_t2,Large Fuel Tank Room,fuel,2,main_fuel_tank,Main Fuel Tank,interactive,active,p1,"Using the attached style reference and matching the base component exactly, create state variant 'active' for component 'Main Fuel Tank' in 'Large Fuel Tank Room'. Change only state cues: brighter active glow, subtle motion/energy cues, engaged indicators. Preserve camera, scale, line weight, material details. No text, no labels, no UI. match this style exactly; side-view cutaway module language; no text/no labels/no UI; consistent line weight and colour temperature with reference."
large_tank_t2__main_fuel_tank__cooldown,state_variant,large_tank_t2,Large Fuel Tank Room,fuel,2,main_fuel_tank,Main Fuel Tank,interactive,cooldown,p1,"Using the attached style reference and matching the base component exactly, create state variant 'cooldown' for component 'Main Fuel Tank' in 'Large Fuel Tank Room'. Change only state cues: reduced glow with cooling/venting cues and amber warning flicker. Preserve camera, scale, line weight, material details. No text, no labels, no UI. match this style exactly; side-view cutaway module language; no text/no labels/no UI; consistent line weight and colour temperature with reference."
large_tank_t2__main_fuel_tank__damaged,state_variant,large_tank_t2,Large Fuel Tank Room,fuel,2,main_fuel_tank,Main Fuel Tank,interactive,damaged,p1,"Using the attached style reference and matching the base component exactly, create state variant 'damaged' for component 'Main Fuel Tank' in 'Large Fuel Tank Room'. Change only state cues: visible wear, sparks or cracks, warning lights and degraded output. Preserve camera, scale, line weight, material details. No text, no labels, no UI. match this style exactly; side-view cutaway module language; no text/no labels/no UI; consistent line weight and colour temperature with reference."
large_tank_t2__main_fuel_tank__depleted,state_variant,large_tank_t2,Large Fuel Tank Room,fuel,2,main_fuel_tank,Main Fuel Tank,interactive,depleted,p1,"Using the attached style reference and matching the base component exactly, create state variant 'depleted' for component 'Main Fuel Tank' in 'Large Fuel Tank Room'. Change only state cues: minimal or no glow, offline indicators, depleted resource cues. Preserve camera, scale, line weight, material details. No text, no labels, no UI. match this style exactly; side-view cutaway module language; no text/no labels/no UI; consistent line weight and colour temperature with reference."
large_tank_t2__main_fuel_tank__idle,state_variant,large_tank_t2,Large Fuel Tank Room,fuel,2,main_fuel_tank,Main Fuel Tank,interactive,idle,p1,"Using the attached style reference and matching the base component exactly, create state variant 'idle' for component 'Main Fuel Tank' in 'Large Fuel Tank Room'. Change only state cues: stable indicator lights, neutral glow, no motion cues. Preserve camera, scale, line weight, material details. No text, no labels, no UI. match this style exactly; side-view cutaway module language; no text/no labels/no UI; consistent line weight and colour temperature with reference."
large_tank_t2__pressure_readout_cluster__active,state_variant,large_tank_t2,Large Fuel Tank Room,fuel,2,pressure_readout_cluster,Pressure Readout Cluster,interactive,active,p1,"Using the attached style reference and matching the base component exactly, create state variant 'active' for component 'Pressure Readout Cluster' in 'Large Fuel Tank Room'. Change only state cues: brighter active glow, subtle motion/energy cues, engaged indicators. Preserve camera, scale, line weight, material details. No text, no labels, no UI. match this style exactly; side-view cutaway module language; no text/no labels/no UI; consistent line weight and colour temperature with reference."
large_tank_t2__pressure_readout_cluster__cooldown,state_variant,large_tank_t2,Large Fuel Tank Room,fuel,2,pressure_readout_cluster,Pressure Readout Cluster,interactive,cooldown,p1,"Using the attached style reference and matching the base component exactly, create state variant 'cooldown' for component 'Pressure Readout Cluster' in 'Large Fuel Tank Room'. Change only state cues: reduced glow with cooling/venting cues and amber warning flicker. Preserve camera, scale, line weight, material details. No text, no labels, no UI. match this style exactly; side-view cutaway module language; no text/no labels/no UI; consistent line weight and colour temperature with reference."
large_tank_t2__pressure_readout_cluster__damaged,state_variant,large_tank_t2,Large Fuel Tank Room,fuel,2,pressure_readout_cluster,Pressure Readout Cluster,interactive,damaged,p1,"Using the attached style reference and matching the base component exactly, create state variant 'damaged' for component 'Pressure Readout Cluster' in 'Large Fuel Tank Room'. Change only state cues: visible wear, sparks or cracks, warning lights and degraded output. Preserve camera, scale, line weight, material details. No text, no labels, no UI. match this style exactly; side-view cutaway module language; no text/no labels/no UI; consistent line weight and colour temperature with reference."
large_tank_t2__pressure_readout_cluster__depleted,state_variant,large_tank_t2,Large Fuel Tank Room,fuel,2,pressure_readout_cluster,Pressure Readout Cluster,interactive,depleted,p1,"Using the attached style reference and matching the base component exactly, create state variant 'depleted' for component 'Pressure Readout Cluster' in 'Large Fuel Tank Room'. Change only state cues: minimal or no glow, offline indicators, depleted resource cues. Preserve camera, scale, line weight, material details. No text, no labels, no UI. match this style exactly; side-view cutaway module language; no text/no labels/no UI; consistent line weight and colour temperature with reference."
large_tank_t2__pressure_readout_cluster__idle,state_variant,large_tank_t2,Large Fuel Tank Room,fuel,2,pressure_readout_cluster,Pressure Readout Cluster,interactive,idle,p1,"Using the attached style reference and matching the base component exactly, create state variant 'idle' for component 'Pressure Readout Cluster' in 'Large Fuel Tank Room'. Change only state cues: stable indicator lights, neutral glow, no motion cues. Preserve camera, scale, line weight, material details. No text, no labels, no UI. match this style exactly; side-view cutaway module language; no text/no labels/no UI; consistent line weight and colour temperature with reference."
large_tank_t2__room_composite__v1,room_composite,large_tank_t2,Large Fuel Tank Room,fuel,2,room_composite,Room Composite,composite,base,p0,"Using the attached style reference, compose one 2:1 spacecraft room tile for 'Large Fuel Tank Room' using these components: heavy_wall_brackets, pump_base_assembly, warning_stripe_zone, main_fuel_tank, automated_pumping_unit, pressure_readout_cluster, frosted_fuel_viewport_large. Keep module shell rectangular with flat top/bottom for stacking. Include only listed components and consistent accent lighting. No text, no labels, no UI, no rocket exterior. match this style exactly; side-view cutaway module language; no text/no labels/no UI; consistent line weight and colour temperature with reference."
mining_drill_t1__deployment_control_terminal__base,component,mining_drill_t1,Mining Drill Room,mining,1,deployment_control_terminal,Deployment Control Terminal,interactive,base,p0,"Using the attached style reference, create a single isolated room component sprite for a spacecraft dollhouse interior system. Component: Deployment Control Terminal. Category: Mining Drill Room. Side-view cross-section, clean cutout silhouette, no text, no labels, no UI, no characters. Designed for 2:1 room tile composition. match this style exactly; side-view cutaway module language; no text/no labels/no UI; consistent line weight and colour temperature with reference."
mining_drill_t1__drill_bit_exposed__base,component,mining_drill_t1,Mining Drill Room,mining,1,drill_bit_exposed,Exposed Drill Bit,interactive,base,p0,"Using the attached style reference, create a single isolated room component sprite for a spacecraft dollhouse interior system. Component: Exposed Drill Bit. Category: Mining Drill Room. Side-view cross-section, clean cutout silhouette, no text, no labels, no UI, no characters. Designed for 2:1 room tile composition. match this style exactly; side-view cutaway module language; no text/no labels/no UI; consistent line weight and colour temperature with reference."
mining_drill_t1__drill_cable_drum__base,component,mining_drill_t1,Mining Drill Room,mining,1,drill_cable_drum,Drill Cable Drum,interactive,base,p0,"Using the attached style reference, create a single isolated room component sprite for a spacecraft dollhouse interior system. Component: Drill Cable Drum. Category: Mining Drill Room. Side-view cross-section, clean cutout silhouette, no text, no labels, no UI, no characters. Designed for 2:1 room tile composition. match this style exactly; side-view cutaway module language; no text/no labels/no UI; consistent line weight and colour temperature with reference."
mining_drill_t1__drill_mount_frame__base,component,mining_drill_t1,Mining Drill Room,mining,1,drill_mount_frame,drill mount frame,structural,base,p1,"Using the attached style reference, create a single isolated room component sprite for a spacecraft dollhouse interior system. Component: drill_mount_frame. Category: Mining Drill Room. Side-view cross-section, clean cutout silhouette, no text, no labels, no UI, no characters. Designed for 2:1 room tile composition. match this style exactly; side-view cutaway module language; no text/no labels/no UI; consistent line weight and colour temperature with reference."
mining_drill_t1__floor_dampener_pads__base,component,mining_drill_t1,Mining Drill Room,mining,1,floor_dampener_pads,floor dampener pads,structural,base,p1,"Using the attached style reference, create a single isolated room component sprite for a spacecraft dollhouse interior system. Component: floor_dampener_pads. Category: Mining Drill Room. Side-view cross-section, clean cutout silhouette, no text, no labels, no UI, no characters. Designed for 2:1 room tile composition. match this style exactly; side-view cutaway module language; no text/no labels/no UI; consistent line weight and colour temperature with reference."
mining_drill_t1__floor_deployment_hatch__base,component,mining_drill_t1,Mining Drill Room,mining,1,floor_deployment_hatch,Floor Deployment Hatch,interactive,base,p0,"Using the attached style reference, create a single isolated room component sprite for a spacecraft dollhouse interior system. Component: Floor Deployment Hatch. Category: Mining Drill Room. Side-view cross-section, clean cutout silhouette, no text, no labels, no UI, no characters. Designed for 2:1 room tile composition. match this style exactly; side-view cutaway module language; no text/no labels/no UI; consistent line weight and colour temperature with reference."
mining_drill_t1__folded_drill_arm__base,component,mining_drill_t1,Mining Drill Room,mining,1,folded_drill_arm,Folded Drill Arm,interactive,base,p0,"Using the attached style reference, create a single isolated room component sprite for a spacecraft dollhouse interior system. Component: Folded Drill Arm. Category: Mining Drill Room. Side-view cross-section, clean cutout silhouette, no text, no labels, no UI, no characters. Designed for 2:1 room tile composition. match this style exactly; side-view cutaway module language; no text/no labels/no UI; consistent line weight and colour temperature with reference."
mining_drill_t1__hatch_seam_lines__base,component,mining_drill_t1,Mining Drill Room,mining,1,hatch_seam_lines,hatch seam lines,structural,base,p1,"Using the attached style reference, create a single isolated room component sprite for a spacecraft dollhouse interior system. Component: hatch_seam_lines. Category: Mining Drill Room. Side-view cross-section, clean cutout silhouette, no text, no labels, no UI, no characters. Designed for 2:1 room tile composition. match this style exactly; side-view cutaway module language; no text/no labels/no UI; consistent line weight and colour temperature with reference."
mining_drill_t1__deployment_control_terminal__active,state_variant,mining_drill_t1,Mining Drill Room,mining,1,deployment_control_terminal,Deployment Control Terminal,interactive,active,p1,"Using the attached style reference and matching the base component exactly, create state variant 'active' for component 'Deployment Control Terminal' in 'Mining Drill Room'. Change only state cues: brighter active glow, subtle motion/energy cues, engaged indicators. Preserve camera, scale, line weight, material details. No text, no labels, no UI. match this style exactly; side-view cutaway module language; no text/no labels/no UI; consistent line weight and colour temperature with reference."
mining_drill_t1__deployment_control_terminal__cooldown,state_variant,mining_drill_t1,Mining Drill Room,mining,1,deployment_control_terminal,Deployment Control Terminal,interactive,cooldown,p1,"Using the attached style reference and matching the base component exactly, create state variant 'cooldown' for component 'Deployment Control Terminal' in 'Mining Drill Room'. Change only state cues: reduced glow with cooling/venting cues and amber warning flicker. Preserve camera, scale, line weight, material details. No text, no labels, no UI. match this style exactly; side-view cutaway module language; no text/no labels/no UI; consistent line weight and colour temperature with reference."
mining_drill_t1__deployment_control_terminal__damaged,state_variant,mining_drill_t1,Mining Drill Room,mining,1,deployment_control_terminal,Deployment Control Terminal,interactive,damaged,p1,"Using the attached style reference and matching the base component exactly, create state variant 'damaged' for component 'Deployment Control Terminal' in 'Mining Drill Room'. Change only state cues: visible wear, sparks or cracks, warning lights and degraded output. Preserve camera, scale, line weight, material details. No text, no labels, no UI. match this style exactly; side-view cutaway module language; no text/no labels/no UI; consistent line weight and colour temperature with reference."
mining_drill_t1__deployment_control_terminal__depleted,state_variant,mining_drill_t1,Mining Drill Room,mining,1,deployment_control_terminal,Deployment Control Terminal,interactive,depleted,p1,"Using the attached style reference and matching the base component exactly, create state variant 'depleted' for component 'Deployment Control Terminal' in 'Mining Drill Room'. Change only state cues: minimal or no glow, offline indicators, depleted resource cues. Preserve camera, scale, line weight, material details. No text, no labels, no UI. match this style exactly; side-view cutaway module language; no text/no labels/no UI; consistent line weight and colour temperature with reference."
mining_drill_t1__deployment_control_terminal__idle,state_variant,mining_drill_t1,Mining Drill Room,mining,1,deployment_control_terminal,Deployment Control Terminal,interactive,idle,p1,"Using the attached style reference and matching the base component exactly, create state variant 'idle' for component 'Deployment Control Terminal' in 'Mining Drill Room'. Change only state cues: stable indicator lights, neutral glow, no motion cues. Preserve camera, scale, line weight, material details. No text, no labels, no UI. match this style exactly; side-view cutaway module language; no text/no labels/no UI; consistent line weight and colour temperature with reference."
mining_drill_t1__drill_bit_exposed__active,state_variant,mining_drill_t1,Mining Drill Room,mining,1,drill_bit_exposed,Exposed Drill Bit,interactive,active,p1,"Using the attached style reference and matching the base component exactly, create state variant 'active' for component 'Exposed Drill Bit' in 'Mining Drill Room'. Change only state cues: brighter active glow, subtle motion/energy cues, engaged indicators. Preserve camera, scale, line weight, material details. No text, no labels, no UI. match this style exactly; side-view cutaway module language; no text/no labels/no UI; consistent line weight and colour temperature with reference."
mining_drill_t1__drill_bit_exposed__cooldown,state_variant,mining_drill_t1,Mining Drill Room,mining,1,drill_bit_exposed,Exposed Drill Bit,interactive,cooldown,p1,"Using the attached style reference and matching the base component exactly, create state variant 'cooldown' for component 'Exposed Drill Bit' in 'Mining Drill Room'. Change only state cues: reduced glow with cooling/venting cues and amber warning flicker. Preserve camera, scale, line weight, material details. No text, no labels, no UI. match this style exactly; side-view cutaway module language; no text/no labels/no UI; consistent line weight and colour temperature with reference."
mining_drill_t1__drill_bit_exposed__damaged,state_variant,mining_drill_t1,Mining Drill Room,mining,1,drill_bit_exposed,Exposed Drill Bit,interactive,damaged,p1,"Using the attached style reference and matching the base component exactly, create state variant 'damaged' for component 'Exposed Drill Bit' in 'Mining Drill Room'. Change only state cues: visible wear, sparks or cracks, warning lights and degraded output. Preserve camera, scale, line weight, material details. No text, no labels, no UI. match this style exactly; side-view cutaway module language; no text/no labels/no UI; consistent line weight and colour temperature with reference."
mining_drill_t1__drill_bit_exposed__depleted,state_variant,mining_drill_t1,Mining Drill Room,mining,1,drill_bit_exposed,Exposed Drill Bit,interactive,depleted,p1,"Using the attached style reference and matching the base component exactly, create state variant 'depleted' for component 'Exposed Drill Bit' in 'Mining Drill Room'. Change only state cues: minimal or no glow, offline indicators, depleted resource cues. Preserve camera, scale, line weight, material details. No text, no labels, no UI. match this style exactly; side-view cutaway module language; no text/no labels/no UI; consistent line weight and colour temperature with reference."
mining_drill_t1__drill_bit_exposed__idle,state_variant,mining_drill_t1,Mining Drill Room,mining,1,drill_bit_exposed,Exposed Drill Bit,interactive,idle,p1,"Using the attached style reference and matching the base component exactly, create state variant 'idle' for component 'Exposed Drill Bit' in 'Mining Drill Room'. Change only state cues: stable indicator lights, neutral glow, no motion cues. Preserve camera, scale, line weight, material details. No text, no labels, no UI. match this style exactly; side-view cutaway module language; no text/no labels/no UI; consistent line weight and colour temperature with reference."
mining_drill_t1__drill_cable_drum__active,state_variant,mining_drill_t1,Mining Drill Room,mining,1,drill_cable_drum,Drill Cable Drum,interactive,active,p1,"Using the attached style reference and matching the base component exactly, create state variant 'active' for component 'Drill Cable Drum' in 'Mining Drill Room'. Change only state cues: brighter active glow, subtle motion/energy cues, engaged indicators. Preserve camera, scale, line weight, material details. No text, no labels, no UI. match this style exactly; side-view cutaway module language; no text/no labels/no UI; consistent line weight and colour temperature with reference."
mining_drill_t1__drill_cable_drum__cooldown,state_variant,mining_drill_t1,Mining Drill Room,mining,1,drill_cable_drum,Drill Cable Drum,interactive,cooldown,p1,"Using the attached style reference and matching the base component exactly, create state variant 'cooldown' for component 'Drill Cable Drum' in 'Mining Drill Room'. Change only state cues: reduced glow with cooling/venting cues and amber warning flicker. Preserve camera, scale, line weight, material details. No text, no labels, no UI. match this style exactly; side-view cutaway module language; no text/no labels/no UI; consistent line weight and colour temperature with reference."
mining_drill_t1__drill_cable_drum__damaged,state_variant,mining_drill_t1,Mining Drill Room,mining,1,drill_cable_drum,Drill Cable Drum,interactive,damaged,p1,"Using the attached style reference and matching the base component exactly, create state variant 'damaged' for component 'Drill Cable Drum' in 'Mining Drill Room'. Change only state cues: visible wear, sparks or cracks, warning lights and degraded output. Preserve camera, scale, line weight, material details. No text, no labels, no UI. match this style exactly; side-view cutaway module language; no text/no labels/no UI; consistent line weight and colour temperature with reference."
mining_drill_t1__drill_cable_drum__depleted,state_variant,mining_drill_t1,Mining Drill Room,mining,1,drill_cable_drum,Drill Cable Drum,interactive,depleted,p1,"Using the attached style reference and matching the base component exactly, create state variant 'depleted' for component 'Drill Cable Drum' in 'Mining Drill Room'. Change only state cues: minimal or no glow, offline indicators, depleted resource cues. Preserve camera, scale, line weight, material details. No text, no labels, no UI. match this style exactly; side-view cutaway module language; no text/no labels/no UI; consistent line weight and colour temperature with reference."
mining_drill_t1__drill_cable_drum__idle,state_variant,mining_drill_t1,Mining Drill Room,mining,1,drill_cable_drum,Drill Cable Drum,interactive,idle,p1,"Using the attached style reference and matching the base component exactly, create state variant 'idle' for component 'Drill Cable Drum' in 'Mining Drill Room'. Change only state cues: stable indicator lights, neutral glow, no motion cues. Preserve camera, scale, line weight, material details. No text, no labels, no UI. match this style exactly; side-view cutaway module language; no text/no labels/no UI; consistent line weight and colour temperature with reference."
mining_drill_t1__floor_deployment_hatch__active,state_variant,mining_drill_t1,Mining Drill Room,mining,1,floor_deployment_hatch,Floor Deployment Hatch,interactive,active,p1,"Using the attached style reference and matching the base component exactly, create state variant 'active' for component 'Floor Deployment Hatch' in 'Mining Drill Room'. Change only state cues: brighter active glow, subtle motion/energy cues, engaged indicators. Preserve camera, scale, line weight, material details. No text, no labels, no UI. match this style exactly; side-view cutaway module language; no text/no labels/no UI; consistent line weight and colour temperature with reference."
mining_drill_t1__floor_deployment_hatch__cooldown,state_variant,mining_drill_t1,Mining Drill Room,mining,1,floor_deployment_hatch,Floor Deployment Hatch,interactive,cooldown,p1,"Using the attached style reference and matching the base component exactly, create state variant 'cooldown' for component 'Floor Deployment Hatch' in 'Mining Drill Room'. Change only state cues: reduced glow with cooling/venting cues and amber warning flicker. Preserve camera, scale, line weight, material details. No text, no labels, no UI. match this style exactly; side-view cutaway module language; no text/no labels/no UI; consistent line weight and colour temperature with reference."
mining_drill_t1__floor_deployment_hatch__damaged,state_variant,mining_drill_t1,Mining Drill Room,mining,1,floor_deployment_hatch,Floor Deployment Hatch,interactive,damaged,p1,"Using the attached style reference and matching the base component exactly, create state variant 'damaged' for component 'Floor Deployment Hatch' in 'Mining Drill Room'. Change only state cues: visible wear, sparks or cracks, warning lights and degraded output. Preserve camera, scale, line weight, material details. No text, no labels, no UI. match this style exactly; side-view cutaway module language; no text/no labels/no UI; consistent line weight and colour temperature with reference."
mining_drill_t1__floor_deployment_hatch__depleted,state_variant,mining_drill_t1,Mining Drill Room,mining,1,floor_deployment_hatch,Floor Deployment Hatch,interactive,depleted,p1,"Using the attached style reference and matching the base component exactly, create state variant 'depleted' for component 'Floor Deployment Hatch' in 'Mining Drill Room'. Change only state cues: minimal or no glow, offline indicators, depleted resource cues. Preserve camera, scale, line weight, material details. No text, no labels, no UI. match this style exactly; side-view cutaway module language; no text/no labels/no UI; consistent line weight and colour temperature with reference."
mining_drill_t1__floor_deployment_hatch__idle,state_variant,mining_drill_t1,Mining Drill Room,mining,1,floor_deployment_hatch,Floor Deployment Hatch,interactive,idle,p1,"Using the attached style reference and matching the base component exactly, create state variant 'idle' for component 'Floor Deployment Hatch' in 'Mining Drill Room'. Change only state cues: stable indicator lights, neutral glow, no motion cues. Preserve camera, scale, line weight, material details. No text, no labels, no UI. match this style exactly; side-view cutaway module language; no text/no labels/no UI; consistent line weight and colour temperature with reference."
mining_drill_t1__folded_drill_arm__active,state_variant,mining_drill_t1,Mining Drill Room,mining,1,folded_drill_arm,Folded Drill Arm,interactive,active,p1,"Using the attached style reference and matching the base component exactly, create state variant 'active' for component 'Folded Drill Arm' in 'Mining Drill Room'. Change only state cues: brighter active glow, subtle motion/energy cues, engaged indicators. Preserve camera, scale, line weight, material details. No text, no labels, no UI. match this style exactly; side-view cutaway module language; no text/no labels/no UI; consistent line weight and colour temperature with reference."
mining_drill_t1__folded_drill_arm__cooldown,state_variant,mining_drill_t1,Mining Drill Room,mining,1,folded_drill_arm,Folded Drill Arm,interactive,cooldown,p1,"Using the attached style reference and matching the base component exactly, create state variant 'cooldown' for component 'Folded Drill Arm' in 'Mining Drill Room'. Change only state cues: reduced glow with cooling/venting cues and amber warning flicker. Preserve camera, scale, line weight, material details. No text, no labels, no UI. match this style exactly; side-view cutaway module language; no text/no labels/no UI; consistent line weight and colour temperature with reference."
mining_drill_t1__folded_drill_arm__damaged,state_variant,mining_drill_t1,Mining Drill Room,mining,1,folded_drill_arm,Folded Drill Arm,interactive,damaged,p1,"Using the attached style reference and matching the base component exactly, create state variant 'damaged' for component 'Folded Drill Arm' in 'Mining Drill Room'. Change only state cues: visible wear, sparks or cracks, warning lights and degraded output. Preserve camera, scale, line weight, material details. No text, no labels, no UI. match this style exactly; side-view cutaway module language; no text/no labels/no UI; consistent line weight and colour temperature with reference."
mining_drill_t1__folded_drill_arm__depleted,state_variant,mining_drill_t1,Mining Drill Room,mining,1,folded_drill_arm,Folded Drill Arm,interactive,depleted,p1,"Using the attached style reference and matching the base component exactly, create state variant 'depleted' for component 'Folded Drill Arm' in 'Mining Drill Room'. Change only state cues: minimal or no glow, offline indicators, depleted resource cues. Preserve camera, scale, line weight, material details. No text, no labels, no UI. match this style exactly; side-view cutaway module language; no text/no labels/no UI; consistent line weight and colour temperature with reference."
mining_drill_t1__folded_drill_arm__idle,state_variant,mining_drill_t1,Mining Drill Room,mining,1,folded_drill_arm,Folded Drill Arm,interactive,idle,p1,"Using the attached style reference and matching the base component exactly, create state variant 'idle' for component 'Folded Drill Arm' in 'Mining Drill Room'. Change only state cues: stable indicator lights, neutral glow, no motion cues. Preserve camera, scale, line weight, material details. No text, no labels, no UI. match this style exactly; side-view cutaway module language; no text/no labels/no UI; consistent line weight and colour temperature with reference."
mining_drill_t1__room_composite__v1,room_composite,mining_drill_t1,Mining Drill Room,mining,1,room_composite,Room Composite,composite,base,p0,"Using the attached style reference, compose one 2:1 spacecraft room tile for 'Mining Drill Room' using these components: drill_mount_frame, floor_dampener_pads, hatch_seam_lines, folded_drill_arm, drill_bit_exposed, drill_cable_drum, deployment_control_terminal, floor_deployment_hatch. Keep module shell rectangular with flat top/bottom for stacking. Include only listed components and consistent accent lighting. No text, no labels, no UI, no rocket exterior. match this style exactly; side-view cutaway module language; no text/no labels/no UI; consistent line weight and colour temperature with reference."
sample_lab_t2__central_workbench__base,component,sample_lab_t2,Sample Analysis Lab Room,science,2,central_workbench,central workbench,structural,base,p1,"Using the attached style reference, create a single isolated room component sprite for a spacecraft dollhouse interior system. Component: central_workbench. Category: Sample Analysis Lab Room. Side-view cross-section, clean cutout silhouette, no text, no labels, no UI, no characters. Designed for 2:1 room tile composition. match this style exactly; side-view cutaway module language; no text/no labels/no UI; consistent line weight and colour temperature with reference."
sample_lab_t2__composition_readout_screen__base,component,sample_lab_t2,Sample Analysis Lab Room,science,2,composition_readout_screen,Composition Readout Screen,interactive,base,p0,"Using the attached style reference, create a single isolated room component sprite for a spacecraft dollhouse interior system. Component: Composition Readout Screen. Category: Sample Analysis Lab Room. Side-view cross-section, clean cutout silhouette, no text, no labels, no UI, no characters. Designed for 2:1 room tile composition. match this style exactly; side-view cutaway module language; no text/no labels/no UI; consistent line weight and colour temperature with reference."
sample_lab_t2__containment_tubes_pair__base,component,sample_lab_t2,Sample Analysis Lab Room,science,2,containment_tubes_pair,Containment Tubes (x2),interactive,base,p0,"Using the attached style reference, create a single isolated room component sprite for a spacecraft dollhouse interior system. Component: Containment Tubes (x2). Category: Sample Analysis Lab Room. Side-view cross-section, clean cutout silhouette, no text, no labels, no UI, no characters. Designed for 2:1 room tile composition. match this style exactly; side-view cutaway module language; no text/no labels/no UI; consistent line weight and colour temperature with reference."
sample_lab_t2__microscope_arm__base,component,sample_lab_t2,Sample Analysis Lab Room,science,2,microscope_arm,Microscope Arm,interactive,base,p0,"Using the attached style reference, create a single isolated room component sprite for a spacecraft dollhouse interior system. Component: Microscope Arm. Category: Sample Analysis Lab Room. Side-view cross-section, clean cutout silhouette, no text, no labels, no UI, no characters. Designed for 2:1 room tile composition. match this style exactly; side-view cutaway module language; no text/no labels/no UI; consistent line weight and colour temperature with reference."
sample_lab_t2__specimen_trays__base,component,sample_lab_t2,Sample Analysis Lab Room,science,2,specimen_trays,Specimen Trays,interactive,base,p0,"Using the attached style reference, create a single isolated room component sprite for a spacecraft dollhouse interior system. Component: Specimen Trays. Category: Sample Analysis Lab Room. Side-view cross-section, clean cutout silhouette, no text, no labels, no UI, no characters. Designed for 2:1 room tile composition. match this style exactly; side-view cutaway module language; no text/no labels/no UI; consistent line weight and colour temperature with reference."
sample_lab_t2__wall_vial_rack__base,component,sample_lab_t2,Sample Analysis Lab Room,science,2,wall_vial_rack,wall vial rack,structural,base,p1,"Using the attached style reference, create a single isolated room component sprite for a spacecraft dollhouse interior system. Component: wall_vial_rack. Category: Sample Analysis Lab Room. Side-view cross-section, clean cutout silhouette, no text, no labels, no UI, no characters. Designed for 2:1 room tile composition. match this style exactly; side-view cutaway module language; no text/no labels/no UI; consistent line weight and colour temperature with reference."
sample_lab_t2__composition_readout_screen__active,state_variant,sample_lab_t2,Sample Analysis Lab Room,science,2,composition_readout_screen,Composition Readout Screen,interactive,active,p1,"Using the attached style reference and matching the base component exactly, create state variant 'active' for component 'Composition Readout Screen' in 'Sample Analysis Lab Room'. Change only state cues: brighter active glow, subtle motion/energy cues, engaged indicators. Preserve camera, scale, line weight, material details. No text, no labels, no UI. match this style exactly; side-view cutaway module language; no text/no labels/no UI; consistent line weight and colour temperature with reference."
sample_lab_t2__composition_readout_screen__cooldown,state_variant,sample_lab_t2,Sample Analysis Lab Room,science,2,composition_readout_screen,Composition Readout Screen,interactive,cooldown,p1,"Using the attached style reference and matching the base component exactly, create state variant 'cooldown' for component 'Composition Readout Screen' in 'Sample Analysis Lab Room'. Change only state cues: reduced glow with cooling/venting cues and amber warning flicker. Preserve camera, scale, line weight, material details. No text, no labels, no UI. match this style exactly; side-view cutaway module language; no text/no labels/no UI; consistent line weight and colour temperature with reference."
sample_lab_t2__composition_readout_screen__damaged,state_variant,sample_lab_t2,Sample Analysis Lab Room,science,2,composition_readout_screen,Composition Readout Screen,interactive,damaged,p1,"Using the attached style reference and matching the base component exactly, create state variant 'damaged' for component 'Composition Readout Screen' in 'Sample Analysis Lab Room'. Change only state cues: visible wear, sparks or cracks, warning lights and degraded output. Preserve camera, scale, line weight, material details. No text, no labels, no UI. match this style exactly; side-view cutaway module language; no text/no labels/no UI; consistent line weight and colour temperature with reference."
sample_lab_t2__composition_readout_screen__depleted,state_variant,sample_lab_t2,Sample Analysis Lab Room,science,2,composition_readout_screen,Composition Readout Screen,interactive,depleted,p1,"Using the attached style reference and matching the base component exactly, create state variant 'depleted' for component 'Composition Readout Screen' in 'Sample Analysis Lab Room'. Change only state cues: minimal or no glow, offline indicators, depleted resource cues. Preserve camera, scale, line weight, material details. No text, no labels, no UI. match this style exactly; side-view cutaway module language; no text/no labels/no UI; consistent line weight and colour temperature with reference."
sample_lab_t2__composition_readout_screen__idle,state_variant,sample_lab_t2,Sample Analysis Lab Room,science,2,composition_readout_screen,Composition Readout Screen,interactive,idle,p1,"Using the attached style reference and matching the base component exactly, create state variant 'idle' for component 'Composition Readout Screen' in 'Sample Analysis Lab Room'. Change only state cues: stable indicator lights, neutral glow, no motion cues. Preserve camera, scale, line weight, material details. No text, no labels, no UI. match this style exactly; side-view cutaway module language; no text/no labels/no UI; consistent line weight and colour temperature with reference."
sample_lab_t2__containment_tubes_pair__active,state_variant,sample_lab_t2,Sample Analysis Lab Room,science,2,containment_tubes_pair,Containment Tubes (x2),interactive,active,p1,"Using the attached style reference and matching the base component exactly, create state variant 'active' for component 'Containment Tubes (x2)' in 'Sample Analysis Lab Room'. Change only state cues: brighter active glow, subtle motion/energy cues, engaged indicators. Preserve camera, scale, line weight, material details. No text, no labels, no UI. match this style exactly; side-view cutaway module language; no text/no labels/no UI; consistent line weight and colour temperature with reference."
sample_lab_t2__containment_tubes_pair__cooldown,state_variant,sample_lab_t2,Sample Analysis Lab Room,science,2,containment_tubes_pair,Containment Tubes (x2),interactive,cooldown,p1,"Using the attached style reference and matching the base component exactly, create state variant 'cooldown' for component 'Containment Tubes (x2)' in 'Sample Analysis Lab Room'. Change only state cues: reduced glow with cooling/venting cues and amber warning flicker. Preserve camera, scale, line weight, material details. No text, no labels, no UI. match this style exactly; side-view cutaway module language; no text/no labels/no UI; consistent line weight and colour temperature with reference."
sample_lab_t2__containment_tubes_pair__damaged,state_variant,sample_lab_t2,Sample Analysis Lab Room,science,2,containment_tubes_pair,Containment Tubes (x2),interactive,damaged,p1,"Using the attached style reference and matching the base component exactly, create state variant 'damaged' for component 'Containment Tubes (x2)' in 'Sample Analysis Lab Room'. Change only state cues: visible wear, sparks or cracks, warning lights and degraded output. Preserve camera, scale, line weight, material details. No text, no labels, no UI. match this style exactly; side-view cutaway module language; no text/no labels/no UI; consistent line weight and colour temperature with reference."
sample_lab_t2__containment_tubes_pair__depleted,state_variant,sample_lab_t2,Sample Analysis Lab Room,science,2,containment_tubes_pair,Containment Tubes (x2),interactive,depleted,p1,"Using the attached style reference and matching the base component exactly, create state variant 'depleted' for component 'Containment Tubes (x2)' in 'Sample Analysis Lab Room'. Change only state cues: minimal or no glow, offline indicators, depleted resource cues. Preserve camera, scale, line weight, material details. No text, no labels, no UI. match this style exactly; side-view cutaway module language; no text/no labels/no UI; consistent line weight and colour temperature with reference."
sample_lab_t2__containment_tubes_pair__idle,state_variant,sample_lab_t2,Sample Analysis Lab Room,science,2,containment_tubes_pair,Containment Tubes (x2),interactive,idle,p1,"Using the attached style reference and matching the base component exactly, create state variant 'idle' for component 'Containment Tubes (x2)' in 'Sample Analysis Lab Room'. Change only state cues: stable indicator lights, neutral glow, no motion cues. Preserve camera, scale, line weight, material details. No text, no labels, no UI. match this style exactly; side-view cutaway module language; no text/no labels/no UI; consistent line weight and colour temperature with reference."
sample_lab_t2__microscope_arm__active,state_variant,sample_lab_t2,Sample Analysis Lab Room,science,2,microscope_arm,Microscope Arm,interactive,active,p1,"Using the attached style reference and matching the base component exactly, create state variant 'active' for component 'Microscope Arm' in 'Sample Analysis Lab Room'. Change only state cues: brighter active glow, subtle motion/energy cues, engaged indicators. Preserve camera, scale, line weight, material details. No text, no labels, no UI. match this style exactly; side-view cutaway module language; no text/no labels/no UI; consistent line weight and colour temperature with reference."
sample_lab_t2__microscope_arm__cooldown,state_variant,sample_lab_t2,Sample Analysis Lab Room,science,2,microscope_arm,Microscope Arm,interactive,cooldown,p1,"Using the attached style reference and matching the base component exactly, create state variant 'cooldown' for component 'Microscope Arm' in 'Sample Analysis Lab Room'. Change only state cues: reduced glow with cooling/venting cues and amber warning flicker. Preserve camera, scale, line weight, material details. No text, no labels, no UI. match this style exactly; side-view cutaway module language; no text/no labels/no UI; consistent line weight and colour temperature with reference."
sample_lab_t2__microscope_arm__damaged,state_variant,sample_lab_t2,Sample Analysis Lab Room,science,2,microscope_arm,Microscope Arm,interactive,damaged,p1,"Using the attached style reference and matching the base component exactly, create state variant 'damaged' for component 'Microscope Arm' in 'Sample Analysis Lab Room'. Change only state cues: visible wear, sparks or cracks, warning lights and degraded output. Preserve camera, scale, line weight, material details. No text, no labels, no UI. match this style exactly; side-view cutaway module language; no text/no labels/no UI; consistent line weight and colour temperature with reference."
sample_lab_t2__microscope_arm__depleted,state_variant,sample_lab_t2,Sample Analysis Lab Room,science,2,microscope_arm,Microscope Arm,interactive,depleted,p1,"Using the attached style reference and matching the base component exactly, create state variant 'depleted' for component 'Microscope Arm' in 'Sample Analysis Lab Room'. Change only state cues: minimal or no glow, offline indicators, depleted resource cues. Preserve camera, scale, line weight, material details. No text, no labels, no UI. match this style exactly; side-view cutaway module language; no text/no labels/no UI; consistent line weight and colour temperature with reference."
sample_lab_t2__microscope_arm__idle,state_variant,sample_lab_t2,Sample Analysis Lab Room,science,2,microscope_arm,Microscope Arm,interactive,idle,p1,"Using the attached style reference and matching the base component exactly, create state variant 'idle' for component 'Microscope Arm' in 'Sample Analysis Lab Room'. Change only state cues: stable indicator lights, neutral glow, no motion cues. Preserve camera, scale, line weight, material details. No text, no labels, no UI. match this style exactly; side-view cutaway module language; no text/no labels/no UI; consistent line weight and colour temperature with reference."
sample_lab_t2__specimen_trays__active,state_variant,sample_lab_t2,Sample Analysis Lab Room,science,2,specimen_trays,Specimen Trays,interactive,active,p1,"Using the attached style reference and matching the base component exactly, create state variant 'active' for component 'Specimen Trays' in 'Sample Analysis Lab Room'. Change only state cues: brighter active glow, subtle motion/energy cues, engaged indicators. Preserve camera, scale, line weight, material details. No text, no labels, no UI. match this style exactly; side-view cutaway module language; no text/no labels/no UI; consistent line weight and colour temperature with reference."
sample_lab_t2__specimen_trays__cooldown,state_variant,sample_lab_t2,Sample Analysis Lab Room,science,2,specimen_trays,Specimen Trays,interactive,cooldown,p1,"Using the attached style reference and matching the base component exactly, create state variant 'cooldown' for component 'Specimen Trays' in 'Sample Analysis Lab Room'. Change only state cues: reduced glow with cooling/venting cues and amber warning flicker. Preserve camera, scale, line weight, material details. No text, no labels, no UI. match this style exactly; side-view cutaway module language; no text/no labels/no UI; consistent line weight and colour temperature with reference."
sample_lab_t2__specimen_trays__damaged,state_variant,sample_lab_t2,Sample Analysis Lab Room,science,2,specimen_trays,Specimen Trays,interactive,damaged,p1,"Using the attached style reference and matching the base component exactly, create state variant 'damaged' for component 'Specimen Trays' in 'Sample Analysis Lab Room'. Change only state cues: visible wear, sparks or cracks, warning lights and degraded output. Preserve camera, scale, line weight, material details. No text, no labels, no UI. match this style exactly; side-view cutaway module language; no text/no labels/no UI; consistent line weight and colour temperature with reference."
sample_lab_t2__specimen_trays__depleted,state_variant,sample_lab_t2,Sample Analysis Lab Room,science,2,specimen_trays,Specimen Trays,interactive,depleted,p1,"Using the attached style reference and matching the base component exactly, create state variant 'depleted' for component 'Specimen Trays' in 'Sample Analysis Lab Room'. Change only state cues: minimal or no glow, offline indicators, depleted resource cues. Preserve camera, scale, line weight, material details. No text, no labels, no UI. match this style exactly; side-view cutaway module language; no text/no labels/no UI; consistent line weight and colour temperature with reference."
sample_lab_t2__specimen_trays__idle,state_variant,sample_lab_t2,Sample Analysis Lab Room,science,2,specimen_trays,Specimen Trays,interactive,idle,p1,"Using the attached style reference and matching the base component exactly, create state variant 'idle' for component 'Specimen Trays' in 'Sample Analysis Lab Room'. Change only state cues: stable indicator lights, neutral glow, no motion cues. Preserve camera, scale, line weight, material details. No text, no labels, no UI. match this style exactly; side-view cutaway module language; no text/no labels/no UI; consistent line weight and colour temperature with reference."
sample_lab_t2__room_composite__v1,room_composite,sample_lab_t2,Sample Analysis Lab Room,science,2,room_composite,Room Composite,composite,base,p0,"Using the attached style reference, compose one 2:1 spacecraft room tile for 'Sample Analysis Lab Room' using these components: central_workbench, wall_vial_rack, specimen_trays, microscope_arm, containment_tubes_pair, composition_readout_screen. Keep module shell rectangular with flat top/bottom for stacking. Include only listed components and consistent accent lighting. No text, no labels, no UI, no rocket exterior. match this style exactly; side-view cutaway module language; no text/no labels/no UI; consistent line weight and colour temperature with reference."
scanner_array_t2__anomaly_hologram_core__base,component,scanner_array_t2,Scanner Array Room,navigation,2,anomaly_hologram_core,Anomaly Hologram Core,interactive,base,p0,"Using the attached style reference, create a single isolated room component sprite for a spacecraft dollhouse interior system. Component: Anomaly Hologram Core. Category: Scanner Array Room. Side-view cross-section, clean cutout silhouette, no text, no labels, no UI, no characters. Designed for 2:1 room tile composition. match this style exactly; side-view cutaway module language; no text/no labels/no UI; consistent line weight and colour temperature with reference."
scanner_array_t2__dish_connection_ports__base,component,scanner_array_t2,Scanner Array Room,navigation,2,dish_connection_ports,dish connection ports,structural,base,p1,"Using the attached style reference, create a single isolated room component sprite for a spacecraft dollhouse interior system. Component: dish_connection_ports. Category: Scanner Array Room. Side-view cross-section, clean cutout silhouette, no text, no labels, no UI, no characters. Designed for 2:1 room tile composition. match this style exactly; side-view cutaway module language; no text/no labels/no UI; consistent line weight and colour temperature with reference."
scanner_array_t2__dual_terminal_stations__base,component,scanner_array_t2,Scanner Array Room,navigation,2,dual_terminal_stations,dual terminal stations,structural,base,p1,"Using the attached style reference, create a single isolated room component sprite for a spacecraft dollhouse interior system. Component: dual_terminal_stations. Category: Scanner Array Room. Side-view cross-section, clean cutout silhouette, no text, no labels, no UI, no characters. Designed for 2:1 room tile composition. match this style exactly; side-view cutaway module language; no text/no labels/no UI; consistent line weight and colour temperature with reference."
scanner_array_t2__operator_seat__base,component,scanner_array_t2,Scanner Array Room,navigation,2,operator_seat,Operator Seat,interactive,base,p0,"Using the attached style reference, create a single isolated room component sprite for a spacecraft dollhouse interior system. Component: Operator Seat. Category: Scanner Array Room. Side-view cross-section, clean cutout silhouette, no text, no labels, no UI, no characters. Designed for 2:1 room tile composition. match this style exactly; side-view cutaway module language; no text/no labels/no UI; consistent line weight and colour temperature with reference."
scanner_array_t2__sensor_sweep_side_screen__base,component,scanner_array_t2,Scanner Array Room,navigation,2,sensor_sweep_side_screen,Sensor Sweep Side Screen,interactive,base,p0,"Using the attached style reference, create a single isolated room component sprite for a spacecraft dollhouse interior system. Component: Sensor Sweep Side Screen. Category: Scanner Array Room. Side-view cross-section, clean cutout silhouette, no text, no labels, no UI, no characters. Designed for 2:1 room tile composition. match this style exactly; side-view cutaway module language; no text/no labels/no UI; consistent line weight and colour temperature with reference."
scanner_array_t2__anomaly_hologram_core__active,state_variant,scanner_array_t2,Scanner Array Room,navigation,2,anomaly_hologram_core,Anomaly Hologram Core,interactive,active,p1,"Using the attached style reference and matching the base component exactly, create state variant 'active' for component 'Anomaly Hologram Core' in 'Scanner Array Room'. Change only state cues: brighter active glow, subtle motion/energy cues, engaged indicators. Preserve camera, scale, line weight, material details. No text, no labels, no UI. match this style exactly; side-view cutaway module language; no text/no labels/no UI; consistent line weight and colour temperature with reference."
scanner_array_t2__anomaly_hologram_core__cooldown,state_variant,scanner_array_t2,Scanner Array Room,navigation,2,anomaly_hologram_core,Anomaly Hologram Core,interactive,cooldown,p1,"Using the attached style reference and matching the base component exactly, create state variant 'cooldown' for component 'Anomaly Hologram Core' in 'Scanner Array Room'. Change only state cues: reduced glow with cooling/venting cues and amber warning flicker. Preserve camera, scale, line weight, material details. No text, no labels, no UI. match this style exactly; side-view cutaway module language; no text/no labels/no UI; consistent line weight and colour temperature with reference."
scanner_array_t2__anomaly_hologram_core__damaged,state_variant,scanner_array_t2,Scanner Array Room,navigation,2,anomaly_hologram_core,Anomaly Hologram Core,interactive,damaged,p1,"Using the attached style reference and matching the base component exactly, create state variant 'damaged' for component 'Anomaly Hologram Core' in 'Scanner Array Room'. Change only state cues: visible wear, sparks or cracks, warning lights and degraded output. Preserve camera, scale, line weight, material details. No text, no labels, no UI. match this style exactly; side-view cutaway module language; no text/no labels/no UI; consistent line weight and colour temperature with reference."
scanner_array_t2__anomaly_hologram_core__depleted,state_variant,scanner_array_t2,Scanner Array Room,navigation,2,anomaly_hologram_core,Anomaly Hologram Core,interactive,depleted,p1,"Using the attached style reference and matching the base component exactly, create state variant 'depleted' for component 'Anomaly Hologram Core' in 'Scanner Array Room'. Change only state cues: minimal or no glow, offline indicators, depleted resource cues. Preserve camera, scale, line weight, material details. No text, no labels, no UI. match this style exactly; side-view cutaway module language; no text/no labels/no UI; consistent line weight and colour temperature with reference."
scanner_array_t2__anomaly_hologram_core__idle,state_variant,scanner_array_t2,Scanner Array Room,navigation,2,anomaly_hologram_core,Anomaly Hologram Core,interactive,idle,p1,"Using the attached style reference and matching the base component exactly, create state variant 'idle' for component 'Anomaly Hologram Core' in 'Scanner Array Room'. Change only state cues: stable indicator lights, neutral glow, no motion cues. Preserve camera, scale, line weight, material details. No text, no labels, no UI. match this style exactly; side-view cutaway module language; no text/no labels/no UI; consistent line weight and colour temperature with reference."
scanner_array_t2__operator_seat__active,state_variant,scanner_array_t2,Scanner Array Room,navigation,2,operator_seat,Operator Seat,interactive,active,p1,"Using the attached style reference and matching the base component exactly, create state variant 'active' for component 'Operator Seat' in 'Scanner Array Room'. Change only state cues: brighter active glow, subtle motion/energy cues, engaged indicators. Preserve camera, scale, line weight, material details. No text, no labels, no UI. match this style exactly; side-view cutaway module language; no text/no labels/no UI; consistent line weight and colour temperature with reference."
scanner_array_t2__operator_seat__cooldown,state_variant,scanner_array_t2,Scanner Array Room,navigation,2,operator_seat,Operator Seat,interactive,cooldown,p1,"Using the attached style reference and matching the base component exactly, create state variant 'cooldown' for component 'Operator Seat' in 'Scanner Array Room'. Change only state cues: reduced glow with cooling/venting cues and amber warning flicker. Preserve camera, scale, line weight, material details. No text, no labels, no UI. match this style exactly; side-view cutaway module language; no text/no labels/no UI; consistent line weight and colour temperature with reference."
scanner_array_t2__operator_seat__damaged,state_variant,scanner_array_t2,Scanner Array Room,navigation,2,operator_seat,Operator Seat,interactive,damaged,p1,"Using the attached style reference and matching the base component exactly, create state variant 'damaged' for component 'Operator Seat' in 'Scanner Array Room'. Change only state cues: visible wear, sparks or cracks, warning lights and degraded output. Preserve camera, scale, line weight, material details. No text, no labels, no UI. match this style exactly; side-view cutaway module language; no text/no labels/no UI; consistent line weight and colour temperature with reference."
scanner_array_t2__operator_seat__depleted,state_variant,scanner_array_t2,Scanner Array Room,navigation,2,operator_seat,Operator Seat,interactive,depleted,p1,"Using the attached style reference and matching the base component exactly, create state variant 'depleted' for component 'Operator Seat' in 'Scanner Array Room'. Change only state cues: minimal or no glow, offline indicators, depleted resource cues. Preserve camera, scale, line weight, material details. No text, no labels, no UI. match this style exactly; side-view cutaway module language; no text/no labels/no UI; consistent line weight and colour temperature with reference."
scanner_array_t2__operator_seat__idle,state_variant,scanner_array_t2,Scanner Array Room,navigation,2,operator_seat,Operator Seat,interactive,idle,p1,"Using the attached style reference and matching the base component exactly, create state variant 'idle' for component 'Operator Seat' in 'Scanner Array Room'. Change only state cues: stable indicator lights, neutral glow, no motion cues. Preserve camera, scale, line weight, material details. No text, no labels, no UI. match this style exactly; side-view cutaway module language; no text/no labels/no UI; consistent line weight and colour temperature with reference."
scanner_array_t2__sensor_sweep_side_screen__active,state_variant,scanner_array_t2,Scanner Array Room,navigation,2,sensor_sweep_side_screen,Sensor Sweep Side Screen,interactive,active,p1,"Using the attached style reference and matching the base component exactly, create state variant 'active' for component 'Sensor Sweep Side Screen' in 'Scanner Array Room'. Change only state cues: brighter active glow, subtle motion/energy cues, engaged indicators. Preserve camera, scale, line weight, material details. No text, no labels, no UI. match this style exactly; side-view cutaway module language; no text/no labels/no UI; consistent line weight and colour temperature with reference."
scanner_array_t2__sensor_sweep_side_screen__cooldown,state_variant,scanner_array_t2,Scanner Array Room,navigation,2,sensor_sweep_side_screen,Sensor Sweep Side Screen,interactive,cooldown,p1,"Using the attached style reference and matching the base component exactly, create state variant 'cooldown' for component 'Sensor Sweep Side Screen' in 'Scanner Array Room'. Change only state cues: reduced glow with cooling/venting cues and amber warning flicker. Preserve camera, scale, line weight, material details. No text, no labels, no UI. match this style exactly; side-view cutaway module language; no text/no labels/no UI; consistent line weight and colour temperature with reference."
scanner_array_t2__sensor_sweep_side_screen__damaged,state_variant,scanner_array_t2,Scanner Array Room,navigation,2,sensor_sweep_side_screen,Sensor Sweep Side Screen,interactive,damaged,p1,"Using the attached style reference and matching the base component exactly, create state variant 'damaged' for component 'Sensor Sweep Side Screen' in 'Scanner Array Room'. Change only state cues: visible wear, sparks or cracks, warning lights and degraded output. Preserve camera, scale, line weight, material details. No text, no labels, no UI. match this style exactly; side-view cutaway module language; no text/no labels/no UI; consistent line weight and colour temperature with reference."
scanner_array_t2__sensor_sweep_side_screen__depleted,state_variant,scanner_array_t2,Scanner Array Room,navigation,2,sensor_sweep_side_screen,Sensor Sweep Side Screen,interactive,depleted,p1,"Using the attached style reference and matching the base component exactly, create state variant 'depleted' for component 'Sensor Sweep Side Screen' in 'Scanner Array Room'. Change only state cues: minimal or no glow, offline indicators, depleted resource cues. Preserve camera, scale, line weight, material details. No text, no labels, no UI. match this style exactly; side-view cutaway module language; no text/no labels/no UI; consistent line weight and colour temperature with reference."
scanner_array_t2__sensor_sweep_side_screen__idle,state_variant,scanner_array_t2,Scanner Array Room,navigation,2,sensor_sweep_side_screen,Sensor Sweep Side Screen,interactive,idle,p1,"Using the attached style reference and matching the base component exactly, create state variant 'idle' for component 'Sensor Sweep Side Screen' in 'Scanner Array Room'. Change only state cues: stable indicator lights, neutral glow, no motion cues. Preserve camera, scale, line weight, material details. No text, no labels, no UI. match this style exactly; side-view cutaway module language; no text/no labels/no UI; consistent line weight and colour temperature with reference."
scanner_array_t2__room_composite__v1,room_composite,scanner_array_t2,Scanner Array Room,navigation,2,room_composite,Room Composite,composite,base,p0,"Using the attached style reference, compose one 2:1 spacecraft room tile for 'Scanner Array Room' using these components: dual_terminal_stations, dish_connection_ports, anomaly_hologram_core, sensor_sweep_side_screen, operator_seat. Keep module shell rectangular with flat top/bottom for stacking. Include only listed components and consistent accent lighting. No text, no labels, no UI, no rocket exterior. match this style exactly; side-view cutaway module language; no text/no labels/no UI; consistent line weight and colour temperature with reference."
small_reactor_t1__compact_reactor_core_sphere__base,component,small_reactor_t1,Small Reactor Core Room,power,1,compact_reactor_core_sphere,Compact Reactor Core Sphere,interactive,base,p0,"Using the attached style reference, create a single isolated room component sprite for a spacecraft dollhouse interior system. Component: Compact Reactor Core Sphere. Category: Small Reactor Core Room. Side-view cross-section, clean cutout silhouette, no text, no labels, no UI, no characters. Designed for 2:1 room tile composition. match this style exactly; side-view cutaway module language; no text/no labels/no UI; consistent line weight and colour temperature with reference."
small_reactor_t1__indicator_control_panels_pair__base,component,small_reactor_t1,Small Reactor Core Room,power,1,indicator_control_panels_pair,Indicator Control Panels,interactive,base,p0,"Using the attached style reference, create a single isolated room component sprite for a spacecraft dollhouse interior system. Component: Indicator Control Panels. Category: Small Reactor Core Room. Side-view cross-section, clean cutout silhouette, no text, no labels, no UI, no characters. Designed for 2:1 room tile composition. match this style exactly; side-view cutaway module language; no text/no labels/no UI; consistent line weight and colour temperature with reference."
small_reactor_t1__power_output_terminal__base,component,small_reactor_t1,Small Reactor Core Room,power,1,power_output_terminal,Power Output Terminal,interactive,base,p0,"Using the attached style reference, create a single isolated room component sprite for a spacecraft dollhouse interior system. Component: Power Output Terminal. Category: Small Reactor Core Room. Side-view cross-section, clean cutout silhouette, no text, no labels, no UI, no characters. Designed for 2:1 room tile composition. match this style exactly; side-view cutaway module language; no text/no labels/no UI; consistent line weight and colour temperature with reference."
small_reactor_t1__reactor_housing_cylinder__base,component,small_reactor_t1,Small Reactor Core Room,power,1,reactor_housing_cylinder,reactor housing cylinder,structural,base,p1,"Using the attached style reference, create a single isolated room component sprite for a spacecraft dollhouse interior system. Component: reactor_housing_cylinder. Category: Small Reactor Core Room. Side-view cross-section, clean cutout silhouette, no text, no labels, no UI, no characters. Designed for 2:1 room tile composition. match this style exactly; side-view cutaway module language; no text/no labels/no UI; consistent line weight and colour temperature with reference."
small_reactor_t1__wall_conduit_trunk_lines__base,component,small_reactor_t1,Small Reactor Core Room,power,1,wall_conduit_trunk_lines,wall conduit trunk lines,structural,base,p1,"Using the attached style reference, create a single isolated room component sprite for a spacecraft dollhouse interior system. Component: wall_conduit_trunk_lines. Category: Small Reactor Core Room. Side-view cross-section, clean cutout silhouette, no text, no labels, no UI, no characters. Designed for 2:1 room tile composition. match this style exactly; side-view cutaway module language; no text/no labels/no UI; consistent line weight and colour temperature with reference."
small_reactor_t1__compact_reactor_core_sphere__active,state_variant,small_reactor_t1,Small Reactor Core Room,power,1,compact_reactor_core_sphere,Compact Reactor Core Sphere,interactive,active,p1,"Using the attached style reference and matching the base component exactly, create state variant 'active' for component 'Compact Reactor Core Sphere' in 'Small Reactor Core Room'. Change only state cues: brighter active glow, subtle motion/energy cues, engaged indicators. Preserve camera, scale, line weight, material details. No text, no labels, no UI. match this style exactly; side-view cutaway module language; no text/no labels/no UI; consistent line weight and colour temperature with reference."
small_reactor_t1__compact_reactor_core_sphere__cooldown,state_variant,small_reactor_t1,Small Reactor Core Room,power,1,compact_reactor_core_sphere,Compact Reactor Core Sphere,interactive,cooldown,p1,"Using the attached style reference and matching the base component exactly, create state variant 'cooldown' for component 'Compact Reactor Core Sphere' in 'Small Reactor Core Room'. Change only state cues: reduced glow with cooling/venting cues and amber warning flicker. Preserve camera, scale, line weight, material details. No text, no labels, no UI. match this style exactly; side-view cutaway module language; no text/no labels/no UI; consistent line weight and colour temperature with reference."
small_reactor_t1__compact_reactor_core_sphere__damaged,state_variant,small_reactor_t1,Small Reactor Core Room,power,1,compact_reactor_core_sphere,Compact Reactor Core Sphere,interactive,damaged,p1,"Using the attached style reference and matching the base component exactly, create state variant 'damaged' for component 'Compact Reactor Core Sphere' in 'Small Reactor Core Room'. Change only state cues: visible wear, sparks or cracks, warning lights and degraded output. Preserve camera, scale, line weight, material details. No text, no labels, no UI. match this style exactly; side-view cutaway module language; no text/no labels/no UI; consistent line weight and colour temperature with reference."
small_reactor_t1__compact_reactor_core_sphere__depleted,state_variant,small_reactor_t1,Small Reactor Core Room,power,1,compact_reactor_core_sphere,Compact Reactor Core Sphere,interactive,depleted,p1,"Using the attached style reference and matching the base component exactly, create state variant 'depleted' for component 'Compact Reactor Core Sphere' in 'Small Reactor Core Room'. Change only state cues: minimal or no glow, offline indicators, depleted resource cues. Preserve camera, scale, line weight, material details. No text, no labels, no UI. match this style exactly; side-view cutaway module language; no text/no labels/no UI; consistent line weight and colour temperature with reference."
small_reactor_t1__compact_reactor_core_sphere__idle,state_variant,small_reactor_t1,Small Reactor Core Room,power,1,compact_reactor_core_sphere,Compact Reactor Core Sphere,interactive,idle,p1,"Using the attached style reference and matching the base component exactly, create state variant 'idle' for component 'Compact Reactor Core Sphere' in 'Small Reactor Core Room'. Change only state cues: stable indicator lights, neutral glow, no motion cues. Preserve camera, scale, line weight, material details. No text, no labels, no UI. match this style exactly; side-view cutaway module language; no text/no labels/no UI; consistent line weight and colour temperature with reference."
small_reactor_t1__indicator_control_panels_pair__active,state_variant,small_reactor_t1,Small Reactor Core Room,power,1,indicator_control_panels_pair,Indicator Control Panels,interactive,active,p1,"Using the attached style reference and matching the base component exactly, create state variant 'active' for component 'Indicator Control Panels' in 'Small Reactor Core Room'. Change only state cues: brighter active glow, subtle motion/energy cues, engaged indicators. Preserve camera, scale, line weight, material details. No text, no labels, no UI. match this style exactly; side-view cutaway module language; no text/no labels/no UI; consistent line weight and colour temperature with reference."
small_reactor_t1__indicator_control_panels_pair__cooldown,state_variant,small_reactor_t1,Small Reactor Core Room,power,1,indicator_control_panels_pair,Indicator Control Panels,interactive,cooldown,p1,"Using the attached style reference and matching the base component exactly, create state variant 'cooldown' for component 'Indicator Control Panels' in 'Small Reactor Core Room'. Change only state cues: reduced glow with cooling/venting cues and amber warning flicker. Preserve camera, scale, line weight, material details. No text, no labels, no UI. match this style exactly; side-view cutaway module language; no text/no labels/no UI; consistent line weight and colour temperature with reference."
small_reactor_t1__indicator_control_panels_pair__damaged,state_variant,small_reactor_t1,Small Reactor Core Room,power,1,indicator_control_panels_pair,Indicator Control Panels,interactive,damaged,p1,"Using the attached style reference and matching the base component exactly, create state variant 'damaged' for component 'Indicator Control Panels' in 'Small Reactor Core Room'. Change only state cues: visible wear, sparks or cracks, warning lights and degraded output. Preserve camera, scale, line weight, material details. No text, no labels, no UI. match this style exactly; side-view cutaway module language; no text/no labels/no UI; consistent line weight and colour temperature with reference."
small_reactor_t1__indicator_control_panels_pair__depleted,state_variant,small_reactor_t1,Small Reactor Core Room,power,1,indicator_control_panels_pair,Indicator Control Panels,interactive,depleted,p1,"Using the attached style reference and matching the base component exactly, create state variant 'depleted' for component 'Indicator Control Panels' in 'Small Reactor Core Room'. Change only state cues: minimal or no glow, offline indicators, depleted resource cues. Preserve camera, scale, line weight, material details. No text, no labels, no UI. match this style exactly; side-view cutaway module language; no text/no labels/no UI; consistent line weight and colour temperature with reference."
small_reactor_t1__indicator_control_panels_pair__idle,state_variant,small_reactor_t1,Small Reactor Core Room,power,1,indicator_control_panels_pair,Indicator Control Panels,interactive,idle,p1,"Using the attached style reference and matching the base component exactly, create state variant 'idle' for component 'Indicator Control Panels' in 'Small Reactor Core Room'. Change only state cues: stable indicator lights, neutral glow, no motion cues. Preserve camera, scale, line weight, material details. No text, no labels, no UI. match this style exactly; side-view cutaway module language; no text/no labels/no UI; consistent line weight and colour temperature with reference."
small_reactor_t1__power_output_terminal__active,state_variant,small_reactor_t1,Small Reactor Core Room,power,1,power_output_terminal,Power Output Terminal,interactive,active,p1,"Using the attached style reference and matching the base component exactly, create state variant 'active' for component 'Power Output Terminal' in 'Small Reactor Core Room'. Change only state cues: brighter active glow, subtle motion/energy cues, engaged indicators. Preserve camera, scale, line weight, material details. No text, no labels, no UI. match this style exactly; side-view cutaway module language; no text/no labels/no UI; consistent line weight and colour temperature with reference."
small_reactor_t1__power_output_terminal__cooldown,state_variant,small_reactor_t1,Small Reactor Core Room,power,1,power_output_terminal,Power Output Terminal,interactive,cooldown,p1,"Using the attached style reference and matching the base component exactly, create state variant 'cooldown' for component 'Power Output Terminal' in 'Small Reactor Core Room'. Change only state cues: reduced glow with cooling/venting cues and amber warning flicker. Preserve camera, scale, line weight, material details. No text, no labels, no UI. match this style exactly; side-view cutaway module language; no text/no labels/no UI; consistent line weight and colour temperature with reference."
small_reactor_t1__power_output_terminal__damaged,state_variant,small_reactor_t1,Small Reactor Core Room,power,1,power_output_terminal,Power Output Terminal,interactive,damaged,p1,"Using the attached style reference and matching the base component exactly, create state variant 'damaged' for component 'Power Output Terminal' in 'Small Reactor Core Room'. Change only state cues: visible wear, sparks or cracks, warning lights and degraded output. Preserve camera, scale, line weight, material details. No text, no labels, no UI. match this style exactly; side-view cutaway module language; no text/no labels/no UI; consistent line weight and colour temperature with reference."
small_reactor_t1__power_output_terminal__depleted,state_variant,small_reactor_t1,Small Reactor Core Room,power,1,power_output_terminal,Power Output Terminal,interactive,depleted,p1,"Using the attached style reference and matching the base component exactly, create state variant 'depleted' for component 'Power Output Terminal' in 'Small Reactor Core Room'. Change only state cues: minimal or no glow, offline indicators, depleted resource cues. Preserve camera, scale, line weight, material details. No text, no labels, no UI. match this style exactly; side-view cutaway module language; no text/no labels/no UI; consistent line weight and colour temperature with reference."
small_reactor_t1__power_output_terminal__idle,state_variant,small_reactor_t1,Small Reactor Core Room,power,1,power_output_terminal,Power Output Terminal,interactive,idle,p1,"Using the attached style reference and matching the base component exactly, create state variant 'idle' for component 'Power Output Terminal' in 'Small Reactor Core Room'. Change only state cues: stable indicator lights, neutral glow, no motion cues. Preserve camera, scale, line weight, material details. No text, no labels, no UI. match this style exactly; side-view cutaway module language; no text/no labels/no UI; consistent line weight and colour temperature with reference."
small_reactor_t1__room_composite__v1,room_composite,small_reactor_t1,Small Reactor Core Room,power,1,room_composite,Room Composite,composite,base,p0,"Using the attached style reference, compose one 2:1 spacecraft room tile for 'Small Reactor Core Room' using these components: reactor_housing_cylinder, wall_conduit_trunk_lines, compact_reactor_core_sphere, indicator_control_panels_pair, power_output_terminal. Keep module shell rectangular with flat top/bottom for stacking. Include only listed components and consistent accent lighting. No text, no labels, no UI, no rocket exterior. match this style exactly; side-view cutaway module language; no text/no labels/no UI; consistent line weight and colour temperature with reference."
small_tank_t1__dual_tank_mounts__base,component,small_tank_t1,Small Fuel Tank Room,fuel,1,dual_tank_mounts,dual tank mounts,structural,base,p1,"Using the attached style reference, create a single isolated room component sprite for a spacecraft dollhouse interior system. Component: dual_tank_mounts. Category: Small Fuel Tank Room. Side-view cross-section, clean cutout silhouette, no text, no labels, no UI, no characters. Designed for 2:1 room tile composition. match this style exactly; side-view cutaway module language; no text/no labels/no UI; consistent line weight and colour temperature with reference."
small_tank_t1__floor_fuel_line_routing__base,component,small_tank_t1,Small Fuel Tank Room,fuel,1,floor_fuel_line_routing,floor fuel line routing,structural,base,p1,"Using the attached style reference, create a single isolated room component sprite for a spacecraft dollhouse interior system. Component: floor_fuel_line_routing. Category: Small Fuel Tank Room. Side-view cross-section, clean cutout silhouette, no text, no labels, no UI, no characters. Designed for 2:1 room tile composition. match this style exactly; side-view cutaway module language; no text/no labels/no UI; consistent line weight and colour temperature with reference."
small_tank_t1__frosted_fuel_viewport_small__base,component,small_tank_t1,Small Fuel Tank Room,fuel,1,frosted_fuel_viewport_small,Frosted Fuel Viewport,interactive,base,p0,"Using the attached style reference, create a single isolated room component sprite for a spacecraft dollhouse interior system. Component: Frosted Fuel Viewport. Category: Small Fuel Tank Room. Side-view cross-section, clean cutout silhouette, no text, no labels, no UI, no characters. Designed for 2:1 room tile composition. match this style exactly; side-view cutaway module language; no text/no labels/no UI; consistent line weight and colour temperature with reference."
small_tank_t1__fuel_tanks_dual__base,component,small_tank_t1,Small Fuel Tank Room,fuel,1,fuel_tanks_dual,Dual Fuel Tanks,interactive,base,p0,"Using the attached style reference, create a single isolated room component sprite for a spacecraft dollhouse interior system. Component: Dual Fuel Tanks. Category: Small Fuel Tank Room. Side-view cross-section, clean cutout silhouette, no text, no labels, no UI, no characters. Designed for 2:1 room tile composition. match this style exactly; side-view cutaway module language; no text/no labels/no UI; consistent line weight and colour temperature with reference."
small_tank_t1__pressure_gauges_pair__base,component,small_tank_t1,Small Fuel Tank Room,fuel,1,pressure_gauges_pair,Pressure Gauges,interactive,base,p0,"Using the attached style reference, create a single isolated room component sprite for a spacecraft dollhouse interior system. Component: Pressure Gauges. Category: Small Fuel Tank Room. Side-view cross-section, clean cutout silhouette, no text, no labels, no UI, no characters. Designed for 2:1 room tile composition. match this style exactly; side-view cutaway module language; no text/no labels/no UI; consistent line weight and colour temperature with reference."
small_tank_t1__valve_panel__base,component,small_tank_t1,Small Fuel Tank Room,fuel,1,valve_panel,Valve Panel,interactive,base,p0,"Using the attached style reference, create a single isolated room component sprite for a spacecraft dollhouse interior system. Component: Valve Panel. Category: Small Fuel Tank Room. Side-view cross-section, clean cutout silhouette, no text, no labels, no UI, no characters. Designed for 2:1 room tile composition. match this style exactly; side-view cutaway module language; no text/no labels/no UI; consistent line weight and colour temperature with reference."
small_tank_t1__frosted_fuel_viewport_small__active,state_variant,small_tank_t1,Small Fuel Tank Room,fuel,1,frosted_fuel_viewport_small,Frosted Fuel Viewport,interactive,active,p1,"Using the attached style reference and matching the base component exactly, create state variant 'active' for component 'Frosted Fuel Viewport' in 'Small Fuel Tank Room'. Change only state cues: brighter active glow, subtle motion/energy cues, engaged indicators. Preserve camera, scale, line weight, material details. No text, no labels, no UI. match this style exactly; side-view cutaway module language; no text/no labels/no UI; consistent line weight and colour temperature with reference."
small_tank_t1__frosted_fuel_viewport_small__cooldown,state_variant,small_tank_t1,Small Fuel Tank Room,fuel,1,frosted_fuel_viewport_small,Frosted Fuel Viewport,interactive,cooldown,p1,"Using the attached style reference and matching the base component exactly, create state variant 'cooldown' for component 'Frosted Fuel Viewport' in 'Small Fuel Tank Room'. Change only state cues: reduced glow with cooling/venting cues and amber warning flicker. Preserve camera, scale, line weight, material details. No text, no labels, no UI. match this style exactly; side-view cutaway module language; no text/no labels/no UI; consistent line weight and colour temperature with reference."
small_tank_t1__frosted_fuel_viewport_small__damaged,state_variant,small_tank_t1,Small Fuel Tank Room,fuel,1,frosted_fuel_viewport_small,Frosted Fuel Viewport,interactive,damaged,p1,"Using the attached style reference and matching the base component exactly, create state variant 'damaged' for component 'Frosted Fuel Viewport' in 'Small Fuel Tank Room'. Change only state cues: visible wear, sparks or cracks, warning lights and degraded output. Preserve camera, scale, line weight, material details. No text, no labels, no UI. match this style exactly; side-view cutaway module language; no text/no labels/no UI; consistent line weight and colour temperature with reference."
small_tank_t1__frosted_fuel_viewport_small__depleted,state_variant,small_tank_t1,Small Fuel Tank Room,fuel,1,frosted_fuel_viewport_small,Frosted Fuel Viewport,interactive,depleted,p1,"Using the attached style reference and matching the base component exactly, create state variant 'depleted' for component 'Frosted Fuel Viewport' in 'Small Fuel Tank Room'. Change only state cues: minimal or no glow, offline indicators, depleted resource cues. Preserve camera, scale, line weight, material details. No text, no labels, no UI. match this style exactly; side-view cutaway module language; no text/no labels/no UI; consistent line weight and colour temperature with reference."
small_tank_t1__frosted_fuel_viewport_small__idle,state_variant,small_tank_t1,Small Fuel Tank Room,fuel,1,frosted_fuel_viewport_small,Frosted Fuel Viewport,interactive,idle,p1,"Using the attached style reference and matching the base component exactly, create state variant 'idle' for component 'Frosted Fuel Viewport' in 'Small Fuel Tank Room'. Change only state cues: stable indicator lights, neutral glow, no motion cues. Preserve camera, scale, line weight, material details. No text, no labels, no UI. match this style exactly; side-view cutaway module language; no text/no labels/no UI; consistent line weight and colour temperature with reference."
small_tank_t1__fuel_tanks_dual__active,state_variant,small_tank_t1,Small Fuel Tank Room,fuel,1,fuel_tanks_dual,Dual Fuel Tanks,interactive,active,p1,"Using the attached style reference and matching the base component exactly, create state variant 'active' for component 'Dual Fuel Tanks' in 'Small Fuel Tank Room'. Change only state cues: brighter active glow, subtle motion/energy cues, engaged indicators. Preserve camera, scale, line weight, material details. No text, no labels, no UI. match this style exactly; side-view cutaway module language; no text/no labels/no UI; consistent line weight and colour temperature with reference."
small_tank_t1__fuel_tanks_dual__cooldown,state_variant,small_tank_t1,Small Fuel Tank Room,fuel,1,fuel_tanks_dual,Dual Fuel Tanks,interactive,cooldown,p1,"Using the attached style reference and matching the base component exactly, create state variant 'cooldown' for component 'Dual Fuel Tanks' in 'Small Fuel Tank Room'. Change only state cues: reduced glow with cooling/venting cues and amber warning flicker. Preserve camera, scale, line weight, material details. No text, no labels, no UI. match this style exactly; side-view cutaway module language; no text/no labels/no UI; consistent line weight and colour temperature with reference."
small_tank_t1__fuel_tanks_dual__damaged,state_variant,small_tank_t1,Small Fuel Tank Room,fuel,1,fuel_tanks_dual,Dual Fuel Tanks,interactive,damaged,p1,"Using the attached style reference and matching the base component exactly, create state variant 'damaged' for component 'Dual Fuel Tanks' in 'Small Fuel Tank Room'. Change only state cues: visible wear, sparks or cracks, warning lights and degraded output. Preserve camera, scale, line weight, material details. No text, no labels, no UI. match this style exactly; side-view cutaway module language; no text/no labels/no UI; consistent line weight and colour temperature with reference."
small_tank_t1__fuel_tanks_dual__depleted,state_variant,small_tank_t1,Small Fuel Tank Room,fuel,1,fuel_tanks_dual,Dual Fuel Tanks,interactive,depleted,p1,"Using the attached style reference and matching the base component exactly, create state variant 'depleted' for component 'Dual Fuel Tanks' in 'Small Fuel Tank Room'. Change only state cues: minimal or no glow, offline indicators, depleted resource cues. Preserve camera, scale, line weight, material details. No text, no labels, no UI. match this style exactly; side-view cutaway module language; no text/no labels/no UI; consistent line weight and colour temperature with reference."
small_tank_t1__fuel_tanks_dual__idle,state_variant,small_tank_t1,Small Fuel Tank Room,fuel,1,fuel_tanks_dual,Dual Fuel Tanks,interactive,idle,p1,"Using the attached style reference and matching the base component exactly, create state variant 'idle' for component 'Dual Fuel Tanks' in 'Small Fuel Tank Room'. Change only state cues: stable indicator lights, neutral glow, no motion cues. Preserve camera, scale, line weight, material details. No text, no labels, no UI. match this style exactly; side-view cutaway module language; no text/no labels/no UI; consistent line weight and colour temperature with reference."
small_tank_t1__pressure_gauges_pair__active,state_variant,small_tank_t1,Small Fuel Tank Room,fuel,1,pressure_gauges_pair,Pressure Gauges,interactive,active,p1,"Using the attached style reference and matching the base component exactly, create state variant 'active' for component 'Pressure Gauges' in 'Small Fuel Tank Room'. Change only state cues: brighter active glow, subtle motion/energy cues, engaged indicators. Preserve camera, scale, line weight, material details. No text, no labels, no UI. match this style exactly; side-view cutaway module language; no text/no labels/no UI; consistent line weight and colour temperature with reference."
small_tank_t1__pressure_gauges_pair__cooldown,state_variant,small_tank_t1,Small Fuel Tank Room,fuel,1,pressure_gauges_pair,Pressure Gauges,interactive,cooldown,p1,"Using the attached style reference and matching the base component exactly, create state variant 'cooldown' for component 'Pressure Gauges' in 'Small Fuel Tank Room'. Change only state cues: reduced glow with cooling/venting cues and amber warning flicker. Preserve camera, scale, line weight, material details. No text, no labels, no UI. match this style exactly; side-view cutaway module language; no text/no labels/no UI; consistent line weight and colour temperature with reference."
small_tank_t1__pressure_gauges_pair__damaged,state_variant,small_tank_t1,Small Fuel Tank Room,fuel,1,pressure_gauges_pair,Pressure Gauges,interactive,damaged,p1,"Using the attached style reference and matching the base component exactly, create state variant 'damaged' for component 'Pressure Gauges' in 'Small Fuel Tank Room'. Change only state cues: visible wear, sparks or cracks, warning lights and degraded output. Preserve camera, scale, line weight, material details. No text, no labels, no UI. match this style exactly; side-view cutaway module language; no text/no labels/no UI; consistent line weight and colour temperature with reference."
small_tank_t1__pressure_gauges_pair__depleted,state_variant,small_tank_t1,Small Fuel Tank Room,fuel,1,pressure_gauges_pair,Pressure Gauges,interactive,depleted,p1,"Using the attached style reference and matching the base component exactly, create state variant 'depleted' for component 'Pressure Gauges' in 'Small Fuel Tank Room'. Change only state cues: minimal or no glow, offline indicators, depleted resource cues. Preserve camera, scale, line weight, material details. No text, no labels, no UI. match this style exactly; side-view cutaway module language; no text/no labels/no UI; consistent line weight and colour temperature with reference."
small_tank_t1__pressure_gauges_pair__idle,state_variant,small_tank_t1,Small Fuel Tank Room,fuel,1,pressure_gauges_pair,Pressure Gauges,interactive,idle,p1,"Using the attached style reference and matching the base component exactly, create state variant 'idle' for component 'Pressure Gauges' in 'Small Fuel Tank Room'. Change only state cues: stable indicator lights, neutral glow, no motion cues. Preserve camera, scale, line weight, material details. No text, no labels, no UI. match this style exactly; side-view cutaway module language; no text/no labels/no UI; consistent line weight and colour temperature with reference."
small_tank_t1__valve_panel__active,state_variant,small_tank_t1,Small Fuel Tank Room,fuel,1,valve_panel,Valve Panel,interactive,active,p1,"Using the attached style reference and matching the base component exactly, create state variant 'active' for component 'Valve Panel' in 'Small Fuel Tank Room'. Change only state cues: brighter active glow, subtle motion/energy cues, engaged indicators. Preserve camera, scale, line weight, material details. No text, no labels, no UI. match this style exactly; side-view cutaway module language; no text/no labels/no UI; consistent line weight and colour temperature with reference."
small_tank_t1__valve_panel__cooldown,state_variant,small_tank_t1,Small Fuel Tank Room,fuel,1,valve_panel,Valve Panel,interactive,cooldown,p1,"Using the attached style reference and matching the base component exactly, create state variant 'cooldown' for component 'Valve Panel' in 'Small Fuel Tank Room'. Change only state cues: reduced glow with cooling/venting cues and amber warning flicker. Preserve camera, scale, line weight, material details. No text, no labels, no UI. match this style exactly; side-view cutaway module language; no text/no labels/no UI; consistent line weight and colour temperature with reference."
small_tank_t1__valve_panel__damaged,state_variant,small_tank_t1,Small Fuel Tank Room,fuel,1,valve_panel,Valve Panel,interactive,damaged,p1,"Using the attached style reference and matching the base component exactly, create state variant 'damaged' for component 'Valve Panel' in 'Small Fuel Tank Room'. Change only state cues: visible wear, sparks or cracks, warning lights and degraded output. Preserve camera, scale, line weight, material details. No text, no labels, no UI. match this style exactly; side-view cutaway module language; no text/no labels/no UI; consistent line weight and colour temperature with reference."
small_tank_t1__valve_panel__depleted,state_variant,small_tank_t1,Small Fuel Tank Room,fuel,1,valve_panel,Valve Panel,interactive,depleted,p1,"Using the attached style reference and matching the base component exactly, create state variant 'depleted' for component 'Valve Panel' in 'Small Fuel Tank Room'. Change only state cues: minimal or no glow, offline indicators, depleted resource cues. Preserve camera, scale, line weight, material details. No text, no labels, no UI. match this style exactly; side-view cutaway module language; no text/no labels/no UI; consistent line weight and colour temperature with reference."
small_tank_t1__valve_panel__idle,state_variant,small_tank_t1,Small Fuel Tank Room,fuel,1,valve_panel,Valve Panel,interactive,idle,p1,"Using the attached style reference and matching the base component exactly, create state variant 'idle' for component 'Valve Panel' in 'Small Fuel Tank Room'. Change only state cues: stable indicator lights, neutral glow, no motion cues. Preserve camera, scale, line weight, material details. No text, no labels, no UI. match this style exactly; side-view cutaway module language; no text/no labels/no UI; consistent line weight and colour temperature with reference."
small_tank_t1__room_composite__v1,room_composite,small_tank_t1,Small Fuel Tank Room,fuel,1,room_composite,Room Composite,composite,base,p0,"Using the attached style reference, compose one 2:1 spacecraft room tile for 'Small Fuel Tank Room' using these components: dual_tank_mounts, floor_fuel_line_routing, fuel_tanks_dual, pressure_gauges_pair, valve_panel, frosted_fuel_viewport_small. Keep module shell rectangular with flat top/bottom for stacking. Include only listed components and consistent accent lighting. No text, no labels, no UI, no rocket exterior. match this style exactly; side-view cutaway module language; no text/no labels/no UI; consistent line weight and colour temperature with reference."
telescope_t2__circular_star_chart_display__base,component,telescope_t2,Telescope Observation Room,science,2,circular_star_chart_display,Circular Star Chart Display,interactive,base,p0,"Using the attached style reference, create a single isolated room component sprite for a spacecraft dollhouse interior system. Component: Circular Star Chart Display. Category: Telescope Observation Room. Side-view cross-section, clean cutout silhouette, no text, no labels, no UI, no characters. Designed for 2:1 room tile composition. match this style exactly; side-view cutaway module language; no text/no labels/no UI; consistent line weight and colour temperature with reference."
telescope_t2__data_recording_station__base,component,telescope_t2,Telescope Observation Room,science,2,data_recording_station,Data Recording Station,interactive,base,p0,"Using the attached style reference, create a single isolated room component sprite for a spacecraft dollhouse interior system. Component: Data Recording Station. Category: Telescope Observation Room. Side-view cross-section, clean cutout silhouette, no text, no labels, no UI, no characters. Designed for 2:1 room tile composition. match this style exactly; side-view cutaway module language; no text/no labels/no UI; consistent line weight and colour temperature with reference."
telescope_t2__observer_chair__base,component,telescope_t2,Telescope Observation Room,science,2,observer_chair,Observer Chair,interactive,base,p0,"Using the attached style reference, create a single isolated room component sprite for a spacecraft dollhouse interior system. Component: Observer Chair. Category: Telescope Observation Room. Side-view cross-section, clean cutout silhouette, no text, no labels, no UI, no characters. Designed for 2:1 room tile composition. match this style exactly; side-view cutaway module language; no text/no labels/no UI; consistent line weight and colour temperature with reference."
telescope_t2__sealed_roof_aperture_housing__base,component,telescope_t2,Telescope Observation Room,science,2,sealed_roof_aperture_housing,sealed roof aperture housing,structural,base,p1,"Using the attached style reference, create a single isolated room component sprite for a spacecraft dollhouse interior system. Component: sealed_roof_aperture_housing. Category: Telescope Observation Room. Side-view cross-section, clean cutout silhouette, no text, no labels, no UI, no characters. Designed for 2:1 room tile composition. match this style exactly; side-view cutaway module language; no text/no labels/no UI; consistent line weight and colour temperature with reference."
telescope_t2__telescope_mount__base,component,telescope_t2,Telescope Observation Room,science,2,telescope_mount,telescope mount,structural,base,p1,"Using the attached style reference, create a single isolated room component sprite for a spacecraft dollhouse interior system. Component: telescope_mount. Category: Telescope Observation Room. Side-view cross-section, clean cutout silhouette, no text, no labels, no UI, no characters. Designed for 2:1 room tile composition. match this style exactly; side-view cutaway module language; no text/no labels/no UI; consistent line weight and colour temperature with reference."
telescope_t2__telescope_tube_main__base,component,telescope_t2,Telescope Observation Room,science,2,telescope_tube_main,Telescope Tube,interactive,base,p0,"Using the attached style reference, create a single isolated room component sprite for a spacecraft dollhouse interior system. Component: Telescope Tube. Category: Telescope Observation Room. Side-view cross-section, clean cutout silhouette, no text, no labels, no UI, no characters. Designed for 2:1 room tile composition. match this style exactly; side-view cutaway module language; no text/no labels/no UI; consistent line weight and colour temperature with reference."
telescope_t2__circular_star_chart_display__active,state_variant,telescope_t2,Telescope Observation Room,science,2,circular_star_chart_display,Circular Star Chart Display,interactive,active,p1,"Using the attached style reference and matching the base component exactly, create state variant 'active' for component 'Circular Star Chart Display' in 'Telescope Observation Room'. Change only state cues: brighter active glow, subtle motion/energy cues, engaged indicators. Preserve camera, scale, line weight, material details. No text, no labels, no UI. match this style exactly; side-view cutaway module language; no text/no labels/no UI; consistent line weight and colour temperature with reference."
telescope_t2__circular_star_chart_display__cooldown,state_variant,telescope_t2,Telescope Observation Room,science,2,circular_star_chart_display,Circular Star Chart Display,interactive,cooldown,p1,"Using the attached style reference and matching the base component exactly, create state variant 'cooldown' for component 'Circular Star Chart Display' in 'Telescope Observation Room'. Change only state cues: reduced glow with cooling/venting cues and amber warning flicker. Preserve camera, scale, line weight, material details. No text, no labels, no UI. match this style exactly; side-view cutaway module language; no text/no labels/no UI; consistent line weight and colour temperature with reference."
telescope_t2__circular_star_chart_display__damaged,state_variant,telescope_t2,Telescope Observation Room,science,2,circular_star_chart_display,Circular Star Chart Display,interactive,damaged,p1,"Using the attached style reference and matching the base component exactly, create state variant 'damaged' for component 'Circular Star Chart Display' in 'Telescope Observation Room'. Change only state cues: visible wear, sparks or cracks, warning lights and degraded output. Preserve camera, scale, line weight, material details. No text, no labels, no UI. match this style exactly; side-view cutaway module language; no text/no labels/no UI; consistent line weight and colour temperature with reference."
telescope_t2__circular_star_chart_display__depleted,state_variant,telescope_t2,Telescope Observation Room,science,2,circular_star_chart_display,Circular Star Chart Display,interactive,depleted,p1,"Using the attached style reference and matching the base component exactly, create state variant 'depleted' for component 'Circular Star Chart Display' in 'Telescope Observation Room'. Change only state cues: minimal or no glow, offline indicators, depleted resource cues. Preserve camera, scale, line weight, material details. No text, no labels, no UI. match this style exactly; side-view cutaway module language; no text/no labels/no UI; consistent line weight and colour temperature with reference."
telescope_t2__circular_star_chart_display__idle,state_variant,telescope_t2,Telescope Observation Room,science,2,circular_star_chart_display,Circular Star Chart Display,interactive,idle,p1,"Using the attached style reference and matching the base component exactly, create state variant 'idle' for component 'Circular Star Chart Display' in 'Telescope Observation Room'. Change only state cues: stable indicator lights, neutral glow, no motion cues. Preserve camera, scale, line weight, material details. No text, no labels, no UI. match this style exactly; side-view cutaway module language; no text/no labels/no UI; consistent line weight and colour temperature with reference."
telescope_t2__data_recording_station__active,state_variant,telescope_t2,Telescope Observation Room,science,2,data_recording_station,Data Recording Station,interactive,active,p1,"Using the attached style reference and matching the base component exactly, create state variant 'active' for component 'Data Recording Station' in 'Telescope Observation Room'. Change only state cues: brighter active glow, subtle motion/energy cues, engaged indicators. Preserve camera, scale, line weight, material details. No text, no labels, no UI. match this style exactly; side-view cutaway module language; no text/no labels/no UI; consistent line weight and colour temperature with reference."
telescope_t2__data_recording_station__cooldown,state_variant,telescope_t2,Telescope Observation Room,science,2,data_recording_station,Data Recording Station,interactive,cooldown,p1,"Using the attached style reference and matching the base component exactly, create state variant 'cooldown' for component 'Data Recording Station' in 'Telescope Observation Room'. Change only state cues: reduced glow with cooling/venting cues and amber warning flicker. Preserve camera, scale, line weight, material details. No text, no labels, no UI. match this style exactly; side-view cutaway module language; no text/no labels/no UI; consistent line weight and colour temperature with reference."
telescope_t2__data_recording_station__damaged,state_variant,telescope_t2,Telescope Observation Room,science,2,data_recording_station,Data Recording Station,interactive,damaged,p1,"Using the attached style reference and matching the base component exactly, create state variant 'damaged' for component 'Data Recording Station' in 'Telescope Observation Room'. Change only state cues: visible wear, sparks or cracks, warning lights and degraded output. Preserve camera, scale, line weight, material details. No text, no labels, no UI. match this style exactly; side-view cutaway module language; no text/no labels/no UI; consistent line weight and colour temperature with reference."
telescope_t2__data_recording_station__depleted,state_variant,telescope_t2,Telescope Observation Room,science,2,data_recording_station,Data Recording Station,interactive,depleted,p1,"Using the attached style reference and matching the base component exactly, create state variant 'depleted' for component 'Data Recording Station' in 'Telescope Observation Room'. Change only state cues: minimal or no glow, offline indicators, depleted resource cues. Preserve camera, scale, line weight, material details. No text, no labels, no UI. match this style exactly; side-view cutaway module language; no text/no labels/no UI; consistent line weight and colour temperature with reference."
telescope_t2__data_recording_station__idle,state_variant,telescope_t2,Telescope Observation Room,science,2,data_recording_station,Data Recording Station,interactive,idle,p1,"Using the attached style reference and matching the base component exactly, create state variant 'idle' for component 'Data Recording Station' in 'Telescope Observation Room'. Change only state cues: stable indicator lights, neutral glow, no motion cues. Preserve camera, scale, line weight, material details. No text, no labels, no UI. match this style exactly; side-view cutaway module language; no text/no labels/no UI; consistent line weight and colour temperature with reference."
telescope_t2__observer_chair__active,state_variant,telescope_t2,Telescope Observation Room,science,2,observer_chair,Observer Chair,interactive,active,p1,"Using the attached style reference and matching the base component exactly, create state variant 'active' for component 'Observer Chair' in 'Telescope Observation Room'. Change only state cues: brighter active glow, subtle motion/energy cues, engaged indicators. Preserve camera, scale, line weight, material details. No text, no labels, no UI. match this style exactly; side-view cutaway module language; no text/no labels/no UI; consistent line weight and colour temperature with reference."
telescope_t2__observer_chair__cooldown,state_variant,telescope_t2,Telescope Observation Room,science,2,observer_chair,Observer Chair,interactive,cooldown,p1,"Using the attached style reference and matching the base component exactly, create state variant 'cooldown' for component 'Observer Chair' in 'Telescope Observation Room'. Change only state cues: reduced glow with cooling/venting cues and amber warning flicker. Preserve camera, scale, line weight, material details. No text, no labels, no UI. match this style exactly; side-view cutaway module language; no text/no labels/no UI; consistent line weight and colour temperature with reference."
telescope_t2__observer_chair__damaged,state_variant,telescope_t2,Telescope Observation Room,science,2,observer_chair,Observer Chair,interactive,damaged,p1,"Using the attached style reference and matching the base component exactly, create state variant 'damaged' for component 'Observer Chair' in 'Telescope Observation Room'. Change only state cues: visible wear, sparks or cracks, warning lights and degraded output. Preserve camera, scale, line weight, material details. No text, no labels, no UI. match this style exactly; side-view cutaway module language; no text/no labels/no UI; consistent line weight and colour temperature with reference."
telescope_t2__observer_chair__depleted,state_variant,telescope_t2,Telescope Observation Room,science,2,observer_chair,Observer Chair,interactive,depleted,p1,"Using the attached style reference and matching the base component exactly, create state variant 'depleted' for component 'Observer Chair' in 'Telescope Observation Room'. Change only state cues: minimal or no glow, offline indicators, depleted resource cues. Preserve camera, scale, line weight, material details. No text, no labels, no UI. match this style exactly; side-view cutaway module language; no text/no labels/no UI; consistent line weight and colour temperature with reference."
telescope_t2__observer_chair__idle,state_variant,telescope_t2,Telescope Observation Room,science,2,observer_chair,Observer Chair,interactive,idle,p1,"Using the attached style reference and matching the base component exactly, create state variant 'idle' for component 'Observer Chair' in 'Telescope Observation Room'. Change only state cues: stable indicator lights, neutral glow, no motion cues. Preserve camera, scale, line weight, material details. No text, no labels, no UI. match this style exactly; side-view cutaway module language; no text/no labels/no UI; consistent line weight and colour temperature with reference."
telescope_t2__telescope_tube_main__active,state_variant,telescope_t2,Telescope Observation Room,science,2,telescope_tube_main,Telescope Tube,interactive,active,p1,"Using the attached style reference and matching the base component exactly, create state variant 'active' for component 'Telescope Tube' in 'Telescope Observation Room'. Change only state cues: brighter active glow, subtle motion/energy cues, engaged indicators. Preserve camera, scale, line weight, material details. No text, no labels, no UI. match this style exactly; side-view cutaway module language; no text/no labels/no UI; consistent line weight and colour temperature with reference."
telescope_t2__telescope_tube_main__cooldown,state_variant,telescope_t2,Telescope Observation Room,science,2,telescope_tube_main,Telescope Tube,interactive,cooldown,p1,"Using the attached style reference and matching the base component exactly, create state variant 'cooldown' for component 'Telescope Tube' in 'Telescope Observation Room'. Change only state cues: reduced glow with cooling/venting cues and amber warning flicker. Preserve camera, scale, line weight, material details. No text, no labels, no UI. match this style exactly; side-view cutaway module language; no text/no labels/no UI; consistent line weight and colour temperature with reference."
telescope_t2__telescope_tube_main__damaged,state_variant,telescope_t2,Telescope Observation Room,science,2,telescope_tube_main,Telescope Tube,interactive,damaged,p1,"Using the attached style reference and matching the base component exactly, create state variant 'damaged' for component 'Telescope Tube' in 'Telescope Observation Room'. Change only state cues: visible wear, sparks or cracks, warning lights and degraded output. Preserve camera, scale, line weight, material details. No text, no labels, no UI. match this style exactly; side-view cutaway module language; no text/no labels/no UI; consistent line weight and colour temperature with reference."
telescope_t2__telescope_tube_main__depleted,state_variant,telescope_t2,Telescope Observation Room,science,2,telescope_tube_main,Telescope Tube,interactive,depleted,p1,"Using the attached style reference and matching the base component exactly, create state variant 'depleted' for component 'Telescope Tube' in 'Telescope Observation Room'. Change only state cues: minimal or no glow, offline indicators, depleted resource cues. Preserve camera, scale, line weight, material details. No text, no labels, no UI. match this style exactly; side-view cutaway module language; no text/no labels/no UI; consistent line weight and colour temperature with reference."
telescope_t2__telescope_tube_main__idle,state_variant,telescope_t2,Telescope Observation Room,science,2,telescope_tube_main,Telescope Tube,interactive,idle,p1,"Using the attached style reference and matching the base component exactly, create state variant 'idle' for component 'Telescope Tube' in 'Telescope Observation Room'. Change only state cues: stable indicator lights, neutral glow, no motion cues. Preserve camera, scale, line weight, material details. No text, no labels, no UI. match this style exactly; side-view cutaway module language; no text/no labels/no UI; consistent line weight and colour temperature with reference."
telescope_t2__room_composite__v1,room_composite,telescope_t2,Telescope Observation Room,science,2,room_composite,Room Composite,composite,base,p0,"Using the attached style reference, compose one 2:1 spacecraft room tile for 'Telescope Observation Room' using these components: telescope_mount, sealed_roof_aperture_housing, telescope_tube_main, data_recording_station, circular_star_chart_display, observer_chair. Keep module shell rectangular with flat top/bottom for stacking. Include only listed components and consistent accent lighting. No text, no labels, no UI, no rocket exterior. match this style exactly; side-view cutaway module language; no text/no labels/no UI; consistent line weight and colour temperature with reference."
